#MPHA.GSTICS.IEEETimeStr	MPQ	MASS	cal
1993-033T20:17:06.700	23.913	95.360	
1993-033T21:18:02.400	27.174	88.630	
1993-012T18:01:21.600	13.012	88.290	
1993-033T20:21:57.300	29.896	88.280	
1993-012T20:22:10.200	21.961	88.210	
1993-033T20:53:25.600	26.296	88.070	
1993-012T18:14:37.100	19.523	87.740	
1993-012T20:07:14.900	7.9280	86.780	
1993-012T19:44:57.900	31.938	86.500	
1993-012T17:42:45.500	31.938	86.500	
1993-012T17:52:50.500	32.242	86.130	
1993-012T18:09:01.400	25.388	85.930	
1993-033T20:41:40.500	25.388	85.930	
1993-033T20:25:10.900	8.0250	85.760	
1993-012T19:46:58.900	44.846	85.590	
1993-012T20:01:05.800	51.156	84.400	
1993-012T19:38:06.500	32.242	84.180	
1993-012T20:15:37.000	30.738	83.980	
1993-033T20:33:39.300	35.526	83.640	
1993-033T20:25:10.900	14.077	83.290	
1993-033T20:59:28.700	28.067	83.020	
1993-012T20:30:38.400	28.067	83.020	
1993-033T20:55:26.600	24.080	82.480	
1993-012T18:17:02.300	32.242	82.250	
1993-012T17:55:45.900	25.432	82.160	
1993-012T20:06:47.600	26.475	82.120	
1993-012T17:48:51.500	28.949	82.040	
1993-012T18:01:21.600	28.949	82.040	
1993-033T20:21:02.800	31.036	81.870	
1993-033T20:44:30.000	27.362	81.840	
1993-033T20:14:35.500	29.561	81.340	
1993-012T17:16:14.600	23.913	81.310	
1993-012T20:16:04.200	28.263	81.210	
1993-012T20:03:58.300	31.055	80.410	
1993-033T20:36:53.000	8.6200	80.240	
1993-012T19:42:32.700	31.036	80.050	
1993-012T18:13:51.800	28.037	79.920	
1993-012T18:13:24.500	31.335	79.700	
1993-033T20:29:55.400	46.658	79.560	
1993-033T20:31:11.000	31.533	79.410	
1993-033T20:39:15.200	26.917	79.230	
1993-033T20:37:17.200	24.247	79.020	
1993-012T20:27:21.800	27.362	78.980	
1993-012T18:14:40.100	17.151	78.730	
1993-033T20:19:26.000	31.036	78.250	
1993-033T20:02:53.400	31.036	78.250	
1993-033T20:17:24.900	31.036	78.250	
1993-012T17:43:12.800	28.263	78.220	
1993-012T17:12:36.900	31.591	78.210	
1993-012T20:07:57.200	29.561	77.960	
1993-033T20:09:45.000	29.561	77.960	
1993-033T20:14:17.300	24.080	77.910	
1993-033T20:34:21.700	31.335	77.870	
1993-012T16:52:24.100	20.099	77.460	
1993-033T20:31:35.300	22.666	77.410	
1993-012T18:25:30.600	14.866	77.360	
1993-012T17:11:42.400	28.121	77.110	
1993-033T20:20:41.600	23.280	77.000	
1993-012T18:11:02.400	28.037	76.980	
1993-033T20:19:07.800	23.253	76.780	
1993-012T19:48:59.900	34.408	76.260	
1993-012T20:02:21.500	27.362	76.160	
1993-012T17:56:31.300	27.811	75.760	
1993-033T20:26:17.500	30.146	75.740	
1993-012T17:46:26.300	25.388	75.620	
1993-012T17:48:51.500	24.534	75.490	
1993-033T20:41:43.500	27.708	75.280	
1993-012T17:21:02.000	27.139	74.940	
1993-012T19:45:22.100	18.587	74.870	
1993-033T20:25:53.300	18.819	74.760	
1993-012T18:15:01.300	33.471	74.270	
1993-033T20:48:35.100	24.920	74.070	
1993-012T18:05:44.800	30.146	74.040	
1993-012T18:05:47.800	26.475	74.020	
1993-012T20:03:58.300	46.692	73.740	
1993-012T17:52:32.300	24.080	73.430	
1993-012T20:10:52.600	21.016	73.250	
1993-012T18:18:15.000	29.270	73.240	
1993-012T18:19:30.500	25.820	73.010	
1993-033T20:25:29.100	27.556	72.720	
1993-012T17:40:26.500	14.721	72.550	
1993-012T17:00:55.200	15.648	71.930	
1993-012T17:40:23.500	25.603	71.810	
1993-012T20:09:37.000	23.903	71.760	
1993-012T20:03:06.800	32.853	71.680	
1993-033T20:04:57.500	26.038	71.640	
1993-012T18:02:55.400	29.270	71.630	
1993-012T19:58:46.700	7.4520	71.580	
1993-033T20:16:18.300	38.418	71.430	
1993-012T20:00:41.600	29.561	71.350	
1993-033T20:10:09.200	27.556	71.240	
1993-033T20:35:40.400	21.802	71.150	
1993-012T17:51:40.900	22.666	71.000	
1993-012T21:04:00.800	8.5910	70.810	
1993-012T21:03:15.600	9.0580	70.680	
1993-012T17:45:16.800	9.8730	70.600	
1993-012T18:38:52.200	25.820	70.470	
1993-012T20:06:47.600	26.256	70.230	
1993-012T17:40:47.600	16.799	70.100	
1993-033T20:35:16.100	24.247	70.030	
1993-033T20:32:26.700	9.5520	69.910	
1993-033T21:02:15.100	27.139	69.500	
1993-012T18:13:00.300	10.590	69.440	
1993-012T20:26:12.300	22.120	69.390	
1993-033T20:34:24.700	30.110	69.280	
1993-012T17:54:51.400	17.226	69.220	
1993-012T18:14:16.000	22.666	68.910	
1993-033T20:22:21.500	16.742	68.780	
1993-012T19:53:53.300	9.3180	68.660	
1993-012T17:58:05.000	26.718	68.650	
1993-012T16:53:36.600	24.534	68.410	
1993-012T18:04:11.000	24.959	68.340	
1993-012T19:57:55.300	23.695	68.340	
1993-012T17:36:48.700	37.580	68.130	
1993-012T19:56:15.500	28.406	67.720	
1993-012T20:17:19.800	20.706	67.600	
1993-012T20:11:16.800	21.802	67.390	
1993-012T18:13:54.800	12.111	67.380	
1993-012T20:40:16.100	27.811	67.350	
1993-012T17:36:45.700	30.345	67.230	
1993-012T17:46:02.100	24.746	67.210	
1993-012T20:37:29.800	13.697	67.030	
1993-012T18:11:50.800	9.1880	66.990	
1993-012T20:21:15.800	35.677	66.840	
1993-012T19:58:19.500	22.666	66.840	
1993-012T18:20:43.100	27.139	66.830	
1993-012T20:10:49.600	14.599	66.230	
1993-033T20:36:47.000	58.700	66.190	
1993-012T18:13:51.800	37.293	66.190	
1993-012T21:10:52.300	9.5640	66.160	
1993-012T20:14:27.500	23.280	66.060	
1993-012T20:05:13.900	12.953	65.560	
1993-012T17:56:28.200	32.242	65.560	
1993-012T18:26:43.200	27.838	65.210	
1993-012T18:27:13.400	12.709	64.980	
1993-012T18:14:40.100	6.0030	64.950	
1993-033T20:21:54.200	22.666	64.790	
1993-012T17:15:47.500	22.666	64.790	
1993-033T20:42:28.900	22.666	64.790	
1993-012T20:17:16.800	22.666	64.790	
1993-012T18:01:18.600	59.938	64.780	
1993-012T20:04:22.500	25.173	64.710	
1993-012T17:07:40.500	11.019	64.620	
1993-012T17:51:16.700	16.974	64.500	
1993-033T20:48:35.100	9.7660	64.460	
1993-033T20:11:00.600	49.657	64.400	
1993-033T21:00:14.100	14.928	64.320	
1993-012T19:48:11.500	27.556	63.990	
1993-012T18:02:37.200	19.638	63.980	
1993-012T20:14:03.200	23.695	63.970	
1993-012T19:55:05.900	24.534	63.830	
1993-012T20:01:11.900	10.200	63.570	
1993-033T21:09:34.000	5.3700	63.380	
1993-033T20:32:02.500	24.582	63.180	
1993-012T19:53:29.100	16.974	63.130	
1993-033T20:31:08.000	59.111	62.980	
1993-012T20:22:07.200	23.487	62.900	
1993-033T20:25:32.100	24.323	62.780	
1993-033T21:26:55.000	21.644	62.780	
1993-012T18:11:02.400	22.666	62.760	
1993-033T21:25:15.100	6.4320	62.710	
1993-033T21:15:55.200	11.019	62.510	
1993-033T20:32:23.600	39.948	62.260	
1993-012T21:18:10.800	8.1730	62.220	
1993-012T18:15:52.800	19.340	62.060	
1993-033T20:08:38.400	19.788	61.780	
1993-012T20:09:12.800	10.820	61.720	
1993-033T20:21:08.800	22.764	61.650	
1993-012T19:56:18.500	46.400	61.390	
1993-012T20:28:58.600	42.694	61.280	
1993-033T20:29:10.000	25.388	61.050	
1993-012T16:59:36.500	7.9710	60.990	
1993-033T20:33:15.100	7.4520	60.920	
1993-033T20:25:29.100	25.893	60.880	
1993-033T20:18:37.500	25.893	60.880	
1993-012T20:18:29.500	10.944	60.840	
1993-012T18:23:53.800	17.226	60.840	
1993-033T20:44:05.800	22.666	60.760	
1993-012T17:18:36.800	22.666	60.760	
1993-033T20:15:27.000	23.903	60.710	
1993-012T18:09:25.600	5.5880	60.460	
1993-033T20:23:09.900	20.092	60.450	
1993-033T20:42:04.700	7.8090	60.370	
1993-012T17:48:54.500	16.603	60.210	
1993-033T20:15:54.100	21.802	60.090	
1993-033T20:53:22.500	22.870	59.780	
1993-033T20:17:27.900	22.463	59.730	
1993-012T20:13:39.000	24.534	59.360	
1993-012T20:34:58.500	18.128	59.330	
1993-012T17:58:32.200	27.811	59.280	
1993-033T20:32:50.900	8.0250	58.790	
1993-012T20:06:23.500	22.666	58.780	
1993-033T20:25:10.900	22.927	58.680	
1993-012T17:42:45.500	25.621	58.450	
1993-012T18:11:47.800	25.621	58.450	
1993-012T17:58:56.400	32.989	58.350	
1993-012T17:56:34.300	9.2360	58.260	
1993-012T18:11:05.400	29.896	58.160	
1993-012T20:22:28.400	28.981	58.100	
1993-033T20:59:25.700	22.870	57.790	
1993-012T20:11:38.000	22.060	57.710	
1993-012T18:16:17.000	22.060	57.710	
1993-033T21:11:10.800	21.329	57.530	
1993-012T18:15:01.300	25.350	57.330	
1993-012T17:51:37.800	25.621	57.210	
1993-012T16:51:14.500	16.881	57.210	
1993-012T17:56:34.300	25.090	57.060	
1993-012T18:23:53.800	26.167	56.880	
1993-012T20:05:32.000	26.167	56.880	
1993-012T20:25:20.800	24.959	56.840	
1993-033T20:24:43.700	22.666	56.820	
1993-012T17:56:55.500	22.666	56.820	
1993-012T17:49:15.700	22.666	56.820	
1993-012T17:51:16.700	18.966	56.760	
1993-012T20:27:43.000	13.652	56.740	
1993-012T20:31:26.800	21.172	56.700	
1993-012T18:23:05.400	28.121	56.350	
1993-012T17:23:54.400	19.338	56.070	
1993-012T20:26:57.600	22.463	55.860	
1993-033T20:26:47.800	20.398	55.820	
1993-012T20:11:38.000	23.280	55.710	
1993-033T20:20:41.600	8.1730	55.320	
1993-012T17:39:13.800	19.188	55.230	
1993-012T16:59:12.300	8.1240	55.210	
1993-012T17:43:58.100	28.981	55.170	
1993-012T18:16:17.000	25.603	55.060	
1993-033T20:31:38.300	20.244	55.000	
1993-012T17:07:43.500	27.362	54.920	
1993-012T17:18:58.000	25.350	54.900	
1993-012T20:08:48.600	21.860	54.890	
1993-033T20:16:15.300	22.666	54.880	
1993-012T18:16:41.100	22.666	54.880	
1993-012T20:14:27.500	22.666	54.880	
1993-012T20:04:22.500	22.666	54.880	
1993-033T20:51:45.700	22.666	54.880	
1993-033T20:36:50.000	6.2160	54.790	
1993-012T20:03:09.800	13.794	54.790	
1993-012T17:11:18.200	14.866	54.720	
1993-033T20:35:40.400	11.412	54.580	
1993-033T20:11:21.800	25.893	54.560	
1993-033T20:17:49.100	25.893	54.560	
1993-012T21:16:31.100	6.9430	54.530	
1993-033T20:48:35.100	16.465	54.520	
1993-033T21:01:26.700	13.479	54.460	
1993-033T21:08:45.500	19.040	54.400	
1993-033T20:40:49.000	15.282	54.280	
1993-012T17:42:24.300	33.729	54.150	
1993-012T20:37:29.800	14.204	53.960	
1993-012T19:45:49.400	21.660	53.950	
1993-033T20:56:12.000	13.954	53.930	
1993-012T17:40:47.600	22.870	53.870	
1993-033T20:33:33.300	10.415	53.810	
1993-012T17:41:36.000	20.872	53.720	
1993-033T21:03:52.000	10.944	53.540	
1993-033T21:35:17.300	7.2290	53.510	
1993-012T19:54:41.600	35.744	53.390	
1993-012T20:16:52.600	47.572	53.370	
1993-012T18:09:25.600	6.0030	53.360	
1993-033T20:46:03.800	27.275	53.280	
1993-012T20:03:12.900	9.8730	53.100	
1993-033T20:36:28.800	21.802	53.100	
1993-033T21:08:21.300	6.1960	53.020	
1993-012T18:04:35.200	22.666	52.970	
1993-012T21:00:50.300	13.012	52.940	
1993-012T18:00:36.200	26.122	52.820	
1993-012T19:56:15.500	24.814	52.810	
1993-012T17:16:11.600	15.764	52.810	
1993-012T20:17:13.800	24.814	52.810	
1993-012T19:57:52.200	32.547	52.790	
1993-012T18:26:43.200	27.838	52.590	
1993-033T20:47:40.600	16.784	52.550	
1993-033T20:30:25.600	6.1110	52.360	
1993-033T20:27:12.000	19.188	52.360	
1993-012T18:06:09.000	53.875	52.340	
1993-033T20:28:42.800	53.875	52.340	
1993-033T20:29:55.400	13.454	52.250	
1993-012T17:52:53.500	22.463	52.080	
1993-012T19:55:05.900	20.872	52.020	
1993-012T17:31:03.800	14.252	52.020	
1993-012T18:22:41.100	57.474	51.970	
1993-033T21:34:59.200	5.7760	51.860	
1993-012T17:28:14.500	17.449	51.850	
1993-012T20:42:44.400	19.638	51.820	
1993-012T20:01:57.300	18.047	51.790	
1993-012T20:28:07.100	36.644	51.750	
1993-033T20:42:53.100	17.507	51.620	
1993-012T20:31:02.600	19.040	51.570	
1993-012T18:00:36.200	14.983	51.490	
1993-033T20:41:37.500	14.050	51.310	
1993-033T21:31:21.300	5.3700	51.180	
1993-012T20:22:55.600	20.678	51.120	
1993-033T20:31:11.000	16.277	51.110	
1993-012T17:54:27.200	51.540	51.090	
1993-033T20:26:44.700	22.666	51.080	
1993-033T20:45:42.600	22.666	51.080	
1993-012T17:43:09.700	23.496	51.040	
1993-012T18:00:33.200	10.944	50.710	
1993-012T16:49:34.700	6.8760	50.710	
1993-012T18:26:19.000	54.665	50.430	
1993-012T18:13:51.800	21.660	50.400	
1993-012T20:49:53.900	11.019	50.350	
1993-012T17:57:22.600	19.338	50.290	
1993-012T16:49:13.500	8.2210	49.910	
1993-012T20:01:54.200	23.757	49.900	
1993-012T18:04:56.400	23.757	49.900	
1993-033T20:29:37.200	9.9820	49.680	
1993-012T19:46:34.700	24.282	49.680	
1993-012T18:23:08.500	21.068	49.530	
1993-033T20:18:37.500	24.547	49.530	
1993-012T20:19:42.000	29.411	49.280	
1993-012T18:00:33.200	27.139	49.220	
1993-012T20:08:48.600	19.908	49.200	
1993-033T20:08:59.600	27.811	49.110	
1993-033T21:24:50.800	8.0510	48.830	
1993-033T20:22:21.500	10.532	48.730	
1993-033T20:43:38.500	24.019	48.720	
1993-033T20:25:07.900	21.265	48.690	
1993-012T18:11:50.800	21.265	48.690	
1993-033T20:45:21.400	24.080	48.670	
1993-012T18:14:13.000	57.474	48.340	
1993-033T20:45:45.600	18.892	48.070	
1993-033T20:32:50.900	6.8090	48.050	
1993-012T20:40:16.100	12.253	47.630	
1993-033T20:45:45.600	16.054	47.600	
1993-033T20:57:03.500	17.302	47.600	
1993-012T17:42:51.600	14.077	47.580	
1993-012T17:07:16.200	19.052	47.410	
1993-033T20:21:30.000	22.666	47.370	
1993-012T20:05:59.300	9.3180	47.170	
1993-012T20:02:24.500	9.1320	47.150	
1993-012T19:55:02.800	21.713	47.130	
1993-033T20:31:14.100	8.9250	47.130	
1993-012T19:45:22.100	22.468	47.120	
1993-012T20:20:03.200	22.980	47.020	
1993-012T17:45:59.100	22.980	47.020	
1993-012T20:11:13.800	20.099	46.940	
1993-012T17:08:59.100	16.327	46.940	
1993-012T17:18:36.800	21.660	46.920	
1993-012T17:29:06.000	19.718	46.820	
1993-012T20:03:06.800	33.161	46.210	
1993-012T19:51:25.000	23.237	45.920	
1993-012T17:31:10.000	22.441	45.700	
1993-012T20:51:30.700	27.275	45.560	
1993-012T18:01:00.500	16.054	45.470	
1993-033T20:44:30.000	21.265	45.350	
1993-012T20:12:26.500	31.773	45.260	
1993-012T18:15:49.700	22.215	45.240	
1993-012T17:22:41.800	18.306	45.240	
1993-033T20:38:29.800	15.247	45.150	
1993-012T19:49:48.300	22.723	45.120	
1993-033T20:07:50.000	30.832	45.090	
1993-033T20:37:59.600	22.980	45.030	
1993-033T20:57:45.800	14.866	44.930	
1993-012T19:52:37.600	23.237	44.920	
1993-033T20:15:05.800	23.090	44.790	
1993-033T20:44:08.800	19.940	44.600	
1993-012T17:53:38.800	13.064	44.460	
1993-012T20:05:32.000	21.713	44.360	
1993-012T18:01:24.600	6.1960	44.290	
1993-012T20:14:48.600	22.468	44.230	
1993-012T20:36:41.400	19.188	44.070	
1993-033T20:11:27.800	21.172	43.830	
1993-012T17:52:02.000	21.464	43.470	
1993-012T17:42:45.500	21.963	43.410	
1993-012T17:54:30.300	23.075	43.400	
1993-012T16:53:57.800	20.482	43.390	
1993-012T19:59:56.300	19.528	43.070	
1993-012T17:28:14.500	11.378	43.040	
1993-033T20:53:01.400	18.892	42.780	
1993-012T17:11:24.300	18.306	42.740	
1993-033T20:24:40.600	11.378	42.650	
1993-012T19:57:28.000	25.893	42.640	
1993-033T20:25:05.000	10.590	42.560	
1993-033T20:21:57.300	17.729	42.560	
1993-012T18:15:49.700	22.468	42.330	
1993-012T20:05:10.800	20.484	42.330	
1993-033T20:14:14.300	19.340	42.320	
1993-033T20:52:37.100	18.745	42.140	
1993-012T17:43:15.800	21.486	41.980	
1993-012T17:52:56.500	16.603	41.840	
1993-033T20:22:15.400	20.725	41.740	
1993-012T18:21:04.300	21.216	41.730	
1993-012T17:50:49.500	21.464	41.700	
1993-012T18:27:34.600	19.908	41.640	
1993-012T17:29:30.100	19.528	41.630	
1993-033T20:47:43.600	19.528	41.630	
1993-033T21:13:33.000	5.8980	41.600	
1993-012T19:52:37.600	36.320	41.590	
1993-033T20:23:55.300	16.974	41.510	
1993-033T20:32:50.900	18.016	41.460	
1993-033T20:18:37.500	44.846	41.460	
1993-012T18:09:49.800	8.9280	41.400	
1993-012T17:16:35.800	10.820	41.300	
1993-012T20:36:17.200	16.465	41.190	
1993-012T17:51:13.600	20.725	40.900	
1993-012T18:28:44.100	21.216	40.860	
1993-012T20:33:49.000	18.966	40.850	
1993-033T20:29:58.400	20.872	40.670	
1993-012T17:59:41.800	39.623	40.660	
1993-033T20:22:15.400	48.881	40.580	
1993-012T20:35:28.800	14.721	40.470	
1993-033T20:34:00.500	8.6730	40.400	
1993-012T20:05:10.800	22.666	40.240	
1993-012T18:15:28.600	19.528	40.210	
1993-033T20:20:44.600	22.764	40.210	
1993-033T20:38:26.800	9.4500	40.140	
1993-033T21:14:18.400	8.1240	40.030	
1993-033T21:11:59.200	17.161	40.020	
1993-012T20:28:55.600	21.464	39.940	
1993-033T20:39:42.500	16.190	39.910	
1993-033T20:48:32.000	9.7170	39.840	
1993-033T19:59:15.500	12.300	39.830	
1993-012T20:09:12.800	19.340	39.510	
1993-012T17:50:52.500	18.596	39.420	
1993-033T21:35:23.400	15.247	39.390	
1993-012T18:19:06.300	18.229	39.300	
1993-033T20:33:39.300	16.054	39.280	
1993-012T19:57:52.200	20.240	39.250	
1993-033T20:34:00.500	17.866	39.150	
1993-012T20:33:27.800	22.441	39.110	
1993-012T16:54:25.100	15.595	38.780	
1993-033T20:34:45.900	10.766	38.770	
1993-033T20:28:21.600	8.4210	38.480	
1993-012T20:16:49.600	20.240	38.450	
1993-033T20:32:47.900	29.179	38.450	
1993-012T18:21:52.800	20.482	38.440	
1993-033T20:42:31.900	16.742	38.200	
1993-012T18:08:13.000	19.340	38.130	
1993-012T17:56:10.100	16.190	37.880	
1993-012T17:23:03.000	22.463	37.880	
1993-012T17:34:47.700	16.190	37.880	
1993-033T20:59:52.900	18.892	37.690	
1993-012T19:53:50.300	20.482	37.630	
1993-033T20:21:51.200	20.970	37.530	
1993-012T17:46:05.100	15.648	37.460	
1993-033T20:38:54.000	6.1110	37.340	
1993-033T21:02:12.100	11.378	37.330	
1993-012T20:21:15.800	16.565	37.320	
1993-012T20:12:53.600	16.054	37.290	
1993-012T19:53:26.000	39.961	37.290	
1993-012T20:18:08.300	16.054	37.290	
1993-033T20:51:45.700	7.1040	37.230	
1993-033T20:25:32.100	17.686	37.230	
1993-033T20:36:47.000	15.917	37.190	
1993-033T20:13:53.100	23.913	37.170	
1993-033T20:42:56.100	18.745	37.140	
1993-012T20:02:42.600	13.652	37.080	
1993-012T17:52:32.300	21.802	36.980	
1993-033T20:19:32.000	14.333	36.820	
1993-033T20:23:31.100	18.966	36.810	
1993-012T20:20:54.600	16.106	36.740	
1993-012T20:15:43.100	15.918	36.710	
1993-033T21:15:12.900	7.0810	36.660	
1993-012T17:59:41.800	12.679	36.650	
1993-033T20:47:40.600	7.9710	36.510	
1993-033T21:00:11.100	10.590	36.410	
1993-012T18:04:11.000	30.345	36.290	
1993-033T20:42:28.900	9.5830	36.290	
1993-012T17:50:55.500	17.872	36.200	
1993-012T17:45:10.700	19.760	36.140	
1993-012T18:21:34.600	15.783	36.130	
1993-033T19:38:22.600	24.751	36.120	
1993-012T17:25:31.200	16.742	36.110	
1993-033T20:55:26.600	7.8320	36.110	
1993-033T20:31:38.300	6.1960	36.070	
1993-012T17:33:04.800	18.357	35.940	
1993-033T20:32:44.800	33.471	35.800	
1993-012T20:18:29.500	16.974	35.740	
1993-012T20:41:56.000	15.247	35.700	
1993-012T20:06:50.600	17.161	35.670	
1993-033T21:31:21.300	16.603	35.560	
1993-033T21:15:37.100	15.648	35.560	
1993-012T18:28:20.000	15.492	35.550	
1993-033T21:00:35.300	22.980	35.470	
1993-033T20:20:14.300	11.019	35.460	
1993-012T20:29:50.000	22.281	35.450	
1993-012T19:52:37.600	19.052	35.390	
1993-033T20:50:36.100	11.070	35.390	
1993-012T20:17:44.000	16.054	35.330	
1993-033T20:28:24.600	6.4550	35.240	
1993-012T20:08:03.300	14.333	35.150	
1993-012T17:38:49.700	15.115	35.130	
1993-012T20:31:26.800	15.514	35.000	
1993-012T17:39:07.800	10.766	35.000	
1993-033T20:10:15.200	18.161	34.990	
1993-012T20:16:07.300	18.161	34.990	
1993-012T21:16:37.100	6.5430	34.910	
1993-012T17:44:01.100	8.5470	34.900	
1993-012T20:22:34.500	13.571	34.860	
1993-012T17:14:31.800	12.113	34.820	
1993-012T17:35:36.100	15.918	34.780	
1993-012T17:46:02.100	17.328	34.750	
1993-012T17:28:20.600	10.090	34.730	
1993-033T20:52:58.300	15.595	34.730	
1993-012T20:37:51.000	6.1090	34.720	
1993-012T17:41:57.100	15.704	34.690	
1993-012T18:21:28.600	19.999	34.600	
1993-033T20:37:17.200	14.204	34.580	
1993-012T17:53:20.700	14.983	34.570	
1993-012T19:47:47.300	18.128	34.520	
1993-033T20:25:10.900	5.7760	34.500	
1993-033T20:08:14.100	16.327	34.470	
1993-012T17:25:55.400	16.327	34.470	
1993-012T20:18:05.200	25.820	34.470	
1993-033T21:30:32.900	16.327	34.470	
1993-012T20:54:50.400	16.327	34.470	
1993-033T21:14:42.600	5.9850	34.340	
1993-012T20:02:48.700	10.532	34.240	
1993-012T18:11:05.400	6.4550	34.140	
1993-012T20:15:40.000	17.151	34.120	
1993-012T17:20:40.800	14.852	34.020	
1993-012T18:01:42.800	10.766	34.000	
1993-012T17:06:27.800	7.9710	33.970	
1993-012T17:43:15.800	16.190	33.930	
1993-033T20:32:20.600	19.523	33.930	
1993-012T17:24:42.800	25.261	33.910	
1993-033T20:35:13.100	10.820	33.890	
1993-033T20:25:35.100	15.648	33.700	
1993-012T18:00:57.400	9.8510	33.690	
1993-033T21:32:55.000	6.5420	33.590	
1993-012T16:56:04.800	16.603	33.540	
1993-012T20:41:28.800	16.974	33.510	
1993-012T20:36:41.400	20.706	33.500	
1993-033T20:40:52.100	19.152	33.500	
1993-033T20:52:13.000	14.721	33.480	
1993-033T20:29:07.000	10.590	33.450	
1993-012T17:43:15.800	16.054	33.410	
1993-012T18:13:24.500	59.111	33.330	
1993-012T19:53:26.000	18.587	33.260	
1993-033T20:27:09.000	10.679	33.150	
1993-012T17:24:18.600	17.021	33.050	
1993-012T18:13:03.400	26.038	33.020	
1993-012T17:24:42.800	16.465	33.020	
1993-012T21:23:52.700	16.465	33.020	
1993-012T17:12:55.000	10.766	33.000	
1993-033T21:32:58.100	14.204	32.960	
1993-012T20:13:42.100	15.918	32.890	
1993-012T17:53:17.600	7.8090	32.860	
1993-033T20:36:53.000	6.6310	32.850	
1993-012T20:30:08.100	10.943	32.850	
1993-012T17:52:08.100	14.983	32.840	
1993-012T17:19:46.300	7.2290	32.830	
1993-012T20:00:47.700	9.4460	32.750	
1993-012T17:59:23.600	6.5430	32.680	
1993-012T20:03:31.000	9.3990	32.660	
1993-012T20:34:37.400	11.956	32.580	
1993-012T17:28:17.600	11.662	32.560	
1993-033T20:23:34.100	16.881	32.540	
1993-033T20:17:27.900	17.328	32.480	
1993-012T17:31:03.800	24.019	32.480	
1993-012T17:53:17.600	16.974	32.410	
1993-012T17:56:28.200	8.4340	32.390	
1993-012T17:58:35.300	15.783	32.380	
1993-012T17:50:31.300	15.783	32.380	
1993-012T21:04:07.000	15.783	32.380	
1993-012T20:02:21.500	16.277	32.160	
1993-012T17:08:53.000	9.7320	32.160	
1993-033T20:34:48.900	16.277	32.160	
1993-033T21:13:36.000	15.247	32.140	
1993-033T20:40:52.100	6.3230	32.140	
1993-012T20:10:52.600	16.742	32.050	
1993-033T21:19:15.000	16.742	32.050	
1993-012T17:15:50.500	16.190	32.020	
1993-012T17:05:21.300	16.190	32.020	
1993-033T21:12:47.600	16.190	32.020	
1993-012T18:01:21.600	36.773	32.010	
1993-012T17:28:17.600	9.1880	31.940	
1993-012T20:07:33.000	28.121	31.930	
1993-012T20:20:54.600	9.7170	31.910	
1993-033T20:46:28.000	18.357	31.900	
1993-012T17:25:55.400	14.333	31.890	
1993-033T20:26:47.800	14.333	31.890	
1993-012T20:34:37.400	15.093	31.870	
1993-012T20:26:36.400	15.648	31.870	
1993-033T20:30:22.600	16.799	31.820	
1993-012T19:58:19.500	18.596	31.790	
1993-012T17:04:51.100	9.2340	31.780	
1993-012T16:59:15.400	5.8980	31.780	
1993-033T20:32:26.700	6.3680	31.780	
1993-012T17:44:01.100	16.450	31.720	
1993-033T20:21:54.200	13.479	31.720	
1993-012T16:58:54.200	20.092	31.650	
1993-033T20:16:42.500	16.603	31.560	
1993-012T16:56:29.000	16.603	31.560	
1993-033T20:32:44.800	54.665	31.550	
1993-012T17:40:50.600	21.961	31.550	
1993-033T20:37:41.400	9.8730	31.540	
1993-012T20:12:29.500	18.452	31.420	
1993-033T20:06:13.100	19.188	31.390	
1993-033T21:15:12.900	15.514	31.370	
1993-033T20:17:06.700	15.514	31.370	
1993-012T18:16:14.000	12.300	31.310	
1993-033T20:58:13.100	6.0030	31.280	
1993-012T17:18:09.500	15.492	31.250	
1993-012T19:59:04.800	17.900	31.220	
1993-033T20:59:28.700	19.940	31.200	
1993-012T17:25:52.400	9.5830	31.190	
1993-012T16:51:35.700	16.277	31.140	
1993-012T20:25:45.000	12.253	31.120	
1993-033T21:01:05.500	16.465	31.080	
1993-033T20:11:03.600	16.465	31.080	
1993-012T20:34:16.200	15.918	31.030	
1993-012T18:20:43.100	25.173	31.030	
1993-012T16:54:52.300	15.918	31.030	
1993-012T20:00:41.600	17.004	31.020	
1993-012T20:22:07.200	26.917	31.010	
1993-012T18:11:47.800	22.215	30.900	
1993-012T17:35:36.100	15.380	30.880	
1993-012T20:25:23.800	15.380	30.880	
1993-012T17:32:22.500	14.077	30.860	
1993-033T20:57:00.500	5.6910	30.830	
1993-033T20:19:56.200	11.070	30.800	
1993-012T17:26:16.600	17.151	30.800	
1993-012T17:07:46.500	14.462	30.790	
1993-033T20:29:34.200	9.0580	30.750	
1993-012T17:33:35.100	19.788	30.750	
1993-012T17:49:12.600	23.237	30.680	
1993-033T20:24:19.500	16.450	30.680	
1993-012T17:36:00.300	16.327	30.600	
1993-012T17:43:15.800	16.327	30.600	
1993-012T17:11:00.100	16.327	30.600	
1993-012T16:54:52.300	16.327	30.600	
1993-012T20:16:25.400	18.357	30.590	
1993-012T18:25:54.800	18.128	30.590	
1993-012T18:07:45.800	18.128	30.590	
1993-033T20:08:08.100	18.587	30.570	
1993-012T21:00:05.000	15.783	30.550	
1993-012T20:18:02.200	12.113	30.550	
1993-012T20:07:14.900	15.783	30.550	
1993-012T21:03:42.800	15.783	30.550	
1993-012T20:14:30.500	16.881	30.540	
1993-012T20:30:14.200	16.881	30.540	
1993-012T17:20:16.600	16.881	30.540	
1993-033T21:32:09.700	16.881	30.540	
1993-012T20:53:37.800	16.881	30.540	
1993-012T17:37:12.900	16.881	30.540	
1993-012T20:24:56.600	11.956	30.540	
1993-033T20:31:35.300	7.5700	30.540	
1993-033T20:44:02.700	17.449	30.530	
1993-033T20:08:32.300	19.287	30.420	
1993-012T17:21:29.200	15.247	30.400	
1993-012T20:44:21.100	15.247	30.400	
1993-012T17:07:19.300	8.6730	30.390	
1993-033T20:53:19.600	7.8200	30.360	
1993-033T20:56:36.200	22.060	30.360	
1993-033T20:43:20.300	14.333	30.290	
1993-012T17:25:07.000	14.333	30.290	
1993-012T17:52:05.100	15.427	30.240	
1993-033T20:26:47.800	12.230	30.200	
1993-012T20:48:47.300	16.190	30.130	
1993-033T20:17:31.000	16.190	30.130	
1993-012T20:31:26.800	16.190	30.130	
1993-012T20:35:04.600	16.190	30.130	
1993-012T16:54:52.300	16.190	30.130	
1993-012T20:59:40.700	16.190	30.130	
1993-012T20:13:42.100	15.648	30.080	
1993-012T16:54:28.100	15.648	30.080	
1993-012T17:16:38.800	15.648	30.080	
1993-033T20:17:06.700	16.742	30.080	
1993-012T17:23:06.000	15.648	30.080	
1993-012T17:41:39.000	16.742	30.080	
1993-012T17:51:16.700	6.8760	30.060	
1993-012T20:29:44.000	14.660	30.000	
1993-012T20:48:44.300	6.0030	29.920	
1993-033T20:17:03.700	21.265	29.860	
1993-033T20:48:07.800	7.6890	29.810	
1993-012T21:14:33.100	6.8760	29.740	
1993-012T20:10:01.300	15.260	29.680	
1993-012T17:10:35.900	16.054	29.670	
1993-033T20:13:53.100	16.054	29.670	
1993-012T20:32:15.200	16.054	29.670	
1993-012T20:34:16.200	16.054	29.670	
1993-012T16:58:05.800	16.054	29.670	
1993-012T17:15:02.100	16.054	29.670	
1993-012T17:07:46.500	16.054	29.670	
1993-012T17:33:59.300	16.054	29.670	
1993-012T17:19:28.300	12.709	29.640	
1993-012T16:50:47.300	6.1090	29.630	
1993-012T20:57:15.500	16.603	29.620	
1993-012T20:16:31.500	16.603	29.620	
1993-012T16:48:46.300	10.538	29.620	
1993-033T20:51:48.800	6.7200	29.620	
1993-033T20:42:04.700	17.866	29.620	
1993-012T17:08:59.100	15.514	29.610	
1993-012T21:13:47.800	15.514	29.610	
1993-012T20:04:46.600	24.534	29.610	
1993-012T21:02:30.200	15.514	29.610	
1993-012T16:53:15.500	18.598	29.610	
1993-012T20:16:28.400	16.106	29.570	
1993-012T18:19:03.300	23.496	29.470	
1993-012T17:33:35.100	17.161	29.460	
1993-012T18:05:20.600	52.701	29.430	
1993-012T17:18:33.700	13.064	29.400	
1993-033T20:25:56.300	8.8000	29.350	
1993-033T20:38:23.800	17.900	29.330	
1993-012T19:54:14.500	17.900	29.330	
1993-033T20:24:16.500	58.290	29.300	
1993-012T17:59:44.800	6.5420	29.300	
1993-012T20:41:56.000	15.918	29.210	
1993-012T17:17:27.300	15.918	29.210	
1993-012T17:54:57.500	15.918	29.210	
1993-012T20:33:27.800	15.918	29.210	
1993-012T17:32:46.700	15.918	29.210	
1993-033T20:29:37.200	15.918	29.210	
1993-012T21:11:22.600	15.918	29.210	
1993-033T20:56:39.300	16.465	29.170	
1993-012T17:38:01.300	16.465	29.170	
1993-033T21:14:00.300	16.465	29.170	
1993-012T17:11:48.500	16.465	29.170	
1993-012T17:23:54.400	16.465	29.170	
1993-033T21:35:47.600	16.465	29.170	
1993-012T17:09:23.300	16.465	29.170	
1993-012T21:18:38.100	15.380	29.150	
1993-012T20:23:22.800	20.092	29.130	
1993-012T17:31:31.100	16.277	29.120	
1993-012T20:14:03.200	8.2970	29.120	
1993-012T17:19:46.300	9.2340	29.110	
1993-012T18:11:50.800	7.5700	29.080	
1993-012T16:57:41.600	19.188	29.030	
1993-012T20:25:48.000	17.021	29.010	
1993-012T17:44:28.300	17.021	29.010	
1993-012T20:31:51.000	17.021	29.010	
1993-012T17:35:08.900	18.047	29.000	
1993-033T20:42:01.700	22.468	28.960	
1993-012T20:22:07.200	14.275	28.960	
1993-033T20:59:49.900	14.763	28.910	
1993-033T20:06:13.100	15.783	28.760	
1993-033T20:34:24.700	15.260	28.760	
1993-012T20:31:51.000	15.783	28.760	
1993-033T21:27:43.400	15.783	28.760	
1993-012T17:10:35.900	15.783	28.760	
1993-033T21:13:11.800	18.306	28.750	
1993-012T20:34:16.200	16.327	28.730	
1993-012T17:11:24.300	16.327	28.730	
1993-012T21:02:06.000	16.327	28.730	
1993-033T20:27:57.400	22.666	28.730	
1993-012T20:11:16.800	16.327	28.730	
1993-012T17:10:35.900	16.327	28.730	
1993-012T18:08:10.000	17.900	28.710	
1993-012T20:57:36.700	8.2970	28.710	
1993-033T21:29:44.500	21.961	28.700	
1993-033T20:31:14.100	15.247	28.690	
1993-012T20:31:51.000	15.247	28.690	
1993-012T20:58:52.400	6.9900	28.670	
1993-012T17:23:51.400	16.799	28.660	
1993-012T20:35:50.000	16.106	28.590	
1993-012T17:16:57.000	9.3990	28.570	
1993-012T21:12:53.200	9.3990	28.570	
1993-012T17:53:17.600	10.538	28.510	
1993-012T17:49:39.900	15.764	28.500	
1993-012T18:04:32.100	8.2780	28.470	
1993-012T20:27:46.000	12.104	28.460	
1993-012T17:53:44.900	11.527	28.360	
1993-033T20:28:48.800	7.9280	28.360	
1993-033T20:37:35.300	9.2340	28.330	
1993-012T21:02:54.400	15.648	28.320	
1993-012T17:06:58.100	15.648	28.320	
1993-012T20:40:43.400	15.648	28.320	
1993-012T20:46:22.100	17.444	28.310	
1993-012T20:57:15.500	17.444	28.310	
1993-012T17:34:23.500	16.190	28.290	
1993-012T16:51:14.500	16.190	28.290	
1993-012T20:07:14.900	16.190	28.290	
1993-012T20:36:41.400	14.204	28.270	
1993-012T17:23:24.100	8.7500	28.270	
1993-012T17:41:14.800	8.0250	28.250	
1993-012T17:32:22.500	15.115	28.240	
1993-012T16:56:01.800	15.093	28.230	
1993-012T17:19:28.300	8.5190	28.210	
1993-012T19:59:07.900	13.167	28.210	
1993-012T16:48:00.900	16.742	28.150	
1993-012T16:52:51.300	16.742	28.150	
1993-012T20:37:54.000	16.742	28.150	
1993-033T20:56:39.300	9.2360	28.130	
1993-033T20:25:56.300	14.275	28.130	
1993-012T19:59:53.200	16.784	28.060	
1993-012T20:52:43.300	16.784	28.060	
1993-012T18:17:26.500	23.237	28.040	
1993-012T16:55:13.500	7.2190	27.990	
1993-033T20:30:46.800	15.595	27.980	
1993-012T17:49:18.700	13.322	27.960	
1993-033T20:42:04.700	31.055	27.910	
1993-012T18:07:00.400	31.055	27.910	
1993-033T21:00:41.300	17.302	27.890	
1993-012T17:53:20.700	17.302	27.890	
1993-012T21:11:46.800	17.302	27.890	
1993-012T20:24:11.200	17.302	27.890	
1993-012T16:52:51.300	16.054	27.860	
1993-033T20:14:17.300	16.054	27.860	
1993-012T17:45:41.000	16.054	27.860	
1993-033T20:15:30.000	16.054	27.860	
1993-012T17:42:27.400	16.054	27.860	
1993-012T17:46:05.100	16.054	27.860	
1993-033T21:30:57.100	16.054	27.860	
1993-012T17:10:11.700	16.054	27.860	
1993-033T20:16:15.300	19.908	27.840	
1993-012T18:13:48.700	10.242	27.810	
1993-033T20:58:16.100	18.745	27.800	
1993-012T21:23:52.700	14.983	27.800	
1993-012T20:22:58.600	14.983	27.800	
1993-012T20:24:59.600	16.603	27.720	
1993-012T17:19:28.300	16.603	27.720	
1993-012T20:49:60.000	16.603	27.720	
1993-033T21:19:15.000	16.603	27.720	
1993-012T17:28:38.600	8.1240	27.670	
1993-012T20:41:53.000	16.450	27.640	
1993-033T20:15:27.000	16.450	27.640	
1993-012T16:55:37.600	16.799	27.630	
1993-012T17:31:58.300	14.462	27.630	
1993-012T17:06:09.800	10.200	27.560	
1993-012T20:14:03.200	14.599	27.520	
1993-012T20:19:45.000	19.487	27.510	
1993-012T17:56:34.300	7.3580	27.480	
1993-012T16:59:42.600	17.161	27.470	
1993-012T20:49:11.600	17.161	27.470	
1993-012T17:19:49.500	9.3180	27.460	
1993-012T17:05:21.300	15.380	27.450	
1993-012T21:17:25.500	15.380	27.450	
1993-012T20:32:39.500	15.380	27.450	
1993-033T21:13:36.000	15.380	27.450	
1993-012T17:27:32.100	15.380	27.450	
1993-012T17:13:25.300	15.380	27.450	
1993-033T20:44:26.900	8.1240	27.450	
1993-033T20:11:03.600	15.918	27.430	
1993-012T20:59:16.600	15.918	27.430	
1993-012T17:09:23.300	15.918	27.430	
1993-012T20:43:57.000	15.918	27.430	
1993-012T17:08:35.000	15.918	27.430	
1993-012T17:10:35.900	15.918	27.430	
1993-033T21:01:05.500	15.918	27.430	
1993-012T20:43:57.000	5.5310	27.390	
1993-012T20:04:49.600	14.852	27.360	
1993-033T20:51:00.300	14.852	27.360	
1993-012T17:21:53.400	16.465	27.300	
1993-033T20:25:59.300	16.465	27.300	
1993-033T21:00:41.300	16.465	27.300	
1993-012T17:40:26.500	16.465	27.300	
1993-012T20:43:57.000	16.465	27.300	
1993-012T17:43:15.800	16.465	27.300	
1993-012T20:21:21.800	16.465	27.300	
1993-033T20:52:55.400	20.970	27.260	
1993-033T20:35:16.100	8.6200	27.260	
1993-033T20:29:37.200	8.6200	27.260	
1993-012T20:50:21.100	6.8760	27.200	
1993-033T20:19:04.800	14.763	27.180	
1993-012T19:59:32.100	16.277	27.150	
1993-033T20:17:27.900	12.104	27.130	
1993-012T17:27:53.300	15.935	27.110	
1993-033T20:37:17.200	17.729	27.100	
1993-033T20:13:50.100	13.954	27.070	
1993-012T20:37:48.000	5.8540	27.070	
1993-012T21:01:17.600	17.021	27.060	
1993-033T21:09:09.700	17.021	27.060	
1993-012T17:08:59.100	17.021	27.060	
1993-012T17:33:35.100	17.021	27.060	
1993-012T20:48:23.200	17.021	27.060	
1993-012T20:42:20.200	15.247	27.020	
1993-033T20:38:29.800	15.247	27.020	
1993-012T20:08:03.300	15.247	27.020	
1993-012T20:12:53.600	13.447	27.020	
1993-012T16:50:50.300	15.783	27.010	
1993-012T20:57:39.800	15.783	27.010	
1993-012T20:35:53.000	15.783	27.010	
1993-012T17:01:43.600	15.783	27.010	
1993-033T20:39:18.300	15.783	27.010	
1993-012T17:29:57.300	15.783	27.010	
1993-012T21:18:14.000	15.783	27.010	
1993-012T20:54:26.100	15.783	27.010	
1993-012T20:04:25.500	15.783	27.010	
1993-012T17:30:42.800	29.179	27.000	
1993-012T20:10:49.600	15.260	26.950	
1993-033T20:20:41.600	15.260	26.950	
1993-012T20:01:08.800	15.260	26.950	
1993-012T17:16:57.000	6.2510	26.920	
1993-012T17:15:50.500	6.8090	26.920	
1993-012T21:13:23.600	16.327	26.890	
1993-012T17:20:16.600	16.327	26.890	
1993-012T17:05:45.600	16.327	26.890	
1993-012T17:02:32.000	16.327	26.890	
1993-012T20:55:14.500	16.327	26.890	
1993-012T17:25:07.000	16.327	26.890	
1993-012T20:15:37.000	10.766	26.880	
1993-033T21:01:02.500	6.8760	26.880	
1993-012T18:13:03.400	9.1880	26.840	
1993-012T20:42:14.100	8.9100	26.820	
1993-012T20:01:11.900	5.6120	26.750	
1993-033T20:58:16.100	14.204	26.750	
1993-033T20:32:50.900	5.6120	26.750	
1993-033T20:56:39.300	14.204	26.750	
1993-012T20:54:26.100	14.204	26.750	
1993-012T20:43:08.600	17.586	26.700	
1993-012T17:42:51.600	17.586	26.700	
1993-033T20:41:43.500	17.586	26.700	
1993-012T17:28:20.600	16.881	26.660	
1993-012T17:42:51.600	16.881	26.660	
1993-012T17:17:03.100	16.881	26.660	
1993-012T17:36:45.700	16.106	26.650	
1993-012T17:19:49.500	16.106	26.650	
1993-012T21:11:43.600	16.106	26.650	
1993-012T17:09:44.500	16.106	26.650	
1993-012T17:06:55.100	16.450	26.650	
1993-012T17:53:17.600	16.799	26.620	
1993-012T17:21:05.000	18.306	26.610	
1993-033T21:11:35.000	18.306	26.610	
1993-012T20:31:26.800	15.115	26.600	
1993-012T20:48:47.300	15.648	26.590	
1993-012T16:58:54.200	15.648	26.590	
1993-033T20:56:39.300	15.648	26.590	
1993-012T20:57:39.800	15.648	26.590	
1993-012T20:50:24.200	15.648	26.590	
1993-012T17:25:55.400	15.648	26.590	
1993-012T20:43:08.600	15.648	26.590	
1993-012T20:52:25.100	13.322	26.580	
1993-033T20:27:05.900	19.999	26.580	
1993-012T17:18:12.600	9.3180	26.530	
1993-033T20:30:19.600	11.927	26.530	
1993-012T20:25:23.800	14.591	26.510	
1993-012T17:25:52.400	8.9280	26.500	
1993-012T20:01:33.100	14.275	26.490	
1993-033T20:26:41.700	34.094	26.490	
1993-012T17:44:04.100	16.190	26.480	
1993-012T17:07:46.500	16.190	26.480	
1993-012T17:33:59.300	16.190	26.480	
1993-012T19:57:58.300	16.190	26.480	
1993-012T20:28:13.200	16.190	26.480	
1993-033T20:47:22.500	16.190	26.480	
1993-012T20:47:34.800	16.190	26.480	
1993-033T20:08:38.400	16.190	26.480	
1993-012T17:33:10.900	16.190	26.480	
1993-012T17:25:07.000	16.190	26.480	
1993-033T21:09:06.700	6.6520	26.430	
1993-012T17:27:26.100	16.565	26.370	
1993-012T17:54:30.300	11.086	26.350	
1993-012T17:30:18.500	14.763	26.330	
1993-012T17:01:43.600	7.2650	26.320	
1993-012T20:49:53.900	13.652	26.320	
1993-012T20:29:01.600	14.077	26.320	
1993-012T20:18:08.300	17.444	26.310	
1993-012T21:02:27.100	6.9890	26.300	
1993-012T20:09:34.000	16.132	26.300	
1993-012T20:44:45.400	19.940	26.300	
1993-012T20:37:29.800	16.742	26.260	
1993-033T20:21:57.300	16.742	26.260	
1993-033T21:12:47.600	16.742	26.260	
1993-033T21:14:48.600	16.742	26.260	
1993-012T16:55:16.500	16.742	26.260	
1993-012T17:05:45.600	16.742	26.260	
1993-012T20:43:08.600	16.742	26.260	
1993-012T17:22:17.600	16.742	26.260	
1993-033T20:31:32.200	10.071	26.230	
1993-033T20:57:27.600	18.161	26.220	
1993-012T19:43:21.100	15.704	26.190	
1993-012T19:43:27.100	15.514	26.180	
1993-012T17:32:46.700	15.514	26.180	
1993-012T20:58:04.000	15.514	26.180	
1993-012T20:47:10.600	15.514	26.180	
1993-012T20:47:10.600	15.514	26.180	
1993-012T20:49:60.000	15.514	26.180	
1993-012T17:15:02.100	15.514	26.180	
1993-033T20:17:55.100	15.514	26.180	
1993-012T16:50:01.900	15.514	26.180	
1993-012T16:50:47.300	24.534	26.180	
1993-012T16:53:39.600	15.514	26.180	
1993-033T20:51:21.500	16.277	26.170	
1993-033T21:19:12.000	15.935	26.170	
1993-012T17:27:53.300	16.277	26.170	
1993-012T17:17:24.300	16.624	26.140	
1993-012T17:06:55.100	16.624	26.140	
1993-012T16:56:04.800	14.462	26.090	
1993-012T20:48:23.200	16.054	26.080	
1993-033T21:18:50.800	16.054	26.080	
1993-012T17:23:06.000	16.054	26.080	
1993-012T17:00:55.200	16.054	26.080	
1993-012T17:10:11.700	16.054	26.080	
1993-012T20:32:15.200	16.054	26.080	
1993-012T20:43:08.600	16.054	26.080	
1993-033T20:55:50.800	16.054	26.080	
1993-012T20:25:23.800	16.054	26.080	
1993-012T20:16:31.500	16.054	26.080	
1993-012T17:15:02.100	16.054	26.080	
1993-012T20:54:02.000	16.054	26.080	
1993-033T20:51:42.700	28.693	26.080	
1993-033T20:44:33.000	11.527	26.080	
1993-033T21:11:10.800	5.6930	26.070	
1993-012T17:26:43.800	13.571	26.060	
1993-012T18:14:16.000	15.260	26.060	
1993-012T18:00:06.000	51.925	26.050	
1993-012T18:06:57.300	51.925	26.050	
1993-012T18:19:51.700	21.464	26.040	
1993-012T17:50:04.100	17.328	25.970	
1993-033T20:46:58.200	17.302	25.920	
1993-033T20:32:02.500	17.302	25.920	
1993-012T20:55:14.500	17.302	25.920	
1993-012T17:58:35.300	13.950	25.900	
1993-012T17:38:01.300	16.603	25.870	
1993-012T16:50:01.900	16.603	25.870	
1993-012T20:47:34.800	16.603	25.870	
1993-012T21:12:11.000	16.603	25.870	
1993-012T17:41:39.000	16.603	25.870	
1993-012T17:23:30.200	16.603	25.870	
1993-012T20:29:50.000	16.603	25.870	
1993-012T18:07:24.600	14.599	25.830	
1993-033T20:32:20.600	16.132	25.780	
1993-012T20:45:58.000	15.380	25.780	
1993-012T20:31:02.600	15.380	25.780	
1993-012T17:46:29.300	15.380	25.780	
1993-012T16:53:15.500	15.380	25.780	
1993-012T20:06:02.300	15.380	25.780	
1993-033T21:14:24.500	15.380	25.780	
1993-012T17:00:06.800	15.380	25.780	
1993-033T20:46:58.200	15.380	25.780	
1993-012T16:58:54.200	15.380	25.780	
1993-012T20:35:04.600	15.380	25.780	
1993-012T17:40:02.200	14.852	25.770	
1993-033T20:23:31.100	9.4500	25.740	
1993-012T20:07:14.900	12.709	25.730	
1993-012T17:29:54.300	16.106	25.700	
1993-012T17:14:34.900	16.106	25.700	
1993-012T17:39:35.000	8.1730	25.700	
1993-033T21:20:27.600	20.706	25.690	
1993-012T17:52:56.500	15.918	25.680	
1993-012T20:47:34.800	15.918	25.680	
1993-012T20:46:22.100	15.918	25.680	
1993-012T16:52:51.300	15.918	25.680	
1993-012T17:25:55.400	15.918	25.680	
1993-012T17:09:20.300	7.1040	25.680	
1993-033T21:14:00.300	15.918	25.680	
1993-033T20:08:32.300	19.287	25.680	
1993-012T20:45:09.600	15.918	25.680	
1993-033T20:38:29.800	15.918	25.680	
1993-012T20:35:53.000	15.918	25.680	
1993-012T20:22:58.600	15.918	25.680	
1993-012T18:04:35.200	14.275	25.680	
1993-033T21:21:16.100	15.918	25.680	
1993-012T16:50:01.900	15.918	25.680	
1993-012T17:30:21.500	15.918	25.680	
1993-033T21:02:18.200	15.918	25.680	
1993-033T20:48:10.800	15.918	25.680	
1993-012T20:45:58.000	15.918	25.680	
1993-012T17:33:35.100	15.918	25.680	
1993-012T21:02:54.400	15.918	25.680	
1993-012T20:09:40.100	14.333	25.670	
1993-012T17:01:16.400	16.450	25.670	
1993-012T17:38:43.600	10.071	25.670	
1993-012T17:32:40.600	13.850	25.640	
1993-012T17:53:20.700	13.447	25.630	
1993-012T20:23:22.800	17.161	25.540	
1993-012T16:59:18.400	17.161	25.540	
1993-012T20:24:56.600	13.479	25.540	
1993-012T17:52:50.500	19.523	25.530	
1993-033T20:42:31.900	13.823	25.490	
1993-012T17:32:22.500	16.465	25.480	
1993-033T21:19:39.300	16.465	25.480	
1993-033T21:11:59.200	16.465	25.480	
1993-012T17:30:45.800	16.465	25.480	
1993-012T18:09:25.600	14.763	25.480	
1993-012T20:22:58.600	16.465	25.480	
1993-012T20:39:30.800	16.465	25.480	
1993-012T20:22:34.500	16.465	25.480	
1993-012T20:22:58.600	16.465	25.480	
1993-012T16:55:40.600	16.465	25.480	
1993-012T17:44:28.300	16.465	25.480	
1993-012T20:28:37.400	16.465	25.480	
1993-012T17:40:26.500	16.465	25.480	
1993-012T17:21:53.400	16.465	25.480	
1993-012T16:56:04.800	16.465	25.480	
1993-012T20:18:56.600	16.465	25.480	
1993-012T17:41:14.800	16.465	25.480	
1993-012T17:10:32.900	8.0510	25.470	
1993-012T17:26:43.800	17.872	25.460	
1993-012T20:27:49.000	17.872	25.460	
1993-012T16:56:29.000	15.247	25.380	
1993-012T20:45:09.600	15.247	25.380	
1993-012T16:49:37.700	15.247	25.380	
1993-012T17:30:45.800	15.247	25.380	
1993-033T21:12:23.400	15.247	25.380	
1993-012T17:37:37.100	15.247	25.380	
1993-012T17:23:54.400	15.247	25.380	
1993-012T17:42:51.600	15.247	25.380	
1993-012T17:27:32.100	8.1230	25.370	
1993-012T20:25:48.000	14.721	25.370	
1993-012T17:35:36.100	20.551	25.340	
1993-033T21:15:55.200	12.679	25.320	
1993-033T20:29:55.400	31.335	25.300	
1993-012T18:00:09.000	19.908	25.300	
1993-012T20:26:12.300	15.783	25.290	
1993-012T20:50:24.200	15.783	25.290	
1993-033T20:55:50.800	15.783	25.290	
1993-012T17:44:52.600	15.783	25.290	
1993-012T17:06:09.800	15.783	25.290	
1993-012T17:32:22.500	15.783	25.290	
1993-012T20:51:36.800	15.783	25.290	
1993-012T17:37:37.100	15.783	25.290	
1993-012T16:54:28.100	15.783	25.290	
1993-012T17:34:47.700	15.783	25.290	
1993-033T21:28:56.000	15.783	25.290	
1993-012T20:21:21.800	15.783	25.290	
1993-012T19:55:51.300	16.565	25.280	
1993-012T20:39:06.600	14.204	25.270	
1993-012T18:19:03.300	16.132	25.260	
1993-012T17:43:09.700	16.132	25.260	
1993-033T20:33:12.100	19.340	25.250	
1993-012T18:20:43.100	15.935	25.240	
1993-033T20:51:24.500	21.644	25.240	
1993-012T17:29:30.100	7.9290	25.240	
1993-012T20:53:59.000	15.935	25.240	
1993-033T21:26:27.800	15.935	25.240	
1993-033T20:23:03.800	9.2340	25.240	
1993-012T17:11:24.300	18.598	25.230	
1993-033T21:13:57.200	15.595	25.230	
1993-012T16:51:35.700	15.595	25.230	
1993-012T20:22:07.200	21.068	25.220	
1993-012T17:14:10.700	16.277	25.210	
1993-012T16:53:12.500	16.277	25.210	
1993-012T17:33:07.900	16.277	25.210	
1993-012T20:16:04.200	14.114	25.190	
1993-033T20:37:59.600	15.704	25.180	
1993-012T17:08:32.000	15.260	25.180	
1993-033T20:27:09.000	16.624	25.160	
1993-012T21:03:42.800	17.021	25.160	
1993-012T21:01:14.500	16.624	25.160	
1993-033T21:19:39.300	17.021	25.160	
1993-012T17:33:59.300	17.021	25.160	
1993-012T17:40:02.200	9.6590	25.110	
1993-033T20:51:21.500	8.0510	25.100	
1993-012T16:59:42.600	16.327	25.090	
1993-033T20:42:31.900	16.327	25.090	
1993-033T20:01:22.600	16.327	25.090	
1993-012T17:44:04.100	16.327	25.090	
1993-012T16:52:27.100	16.327	25.090	
1993-012T17:38:49.700	16.327	25.090	
1993-033T21:11:59.200	16.327	25.090	
1993-012T20:39:55.000	16.327	25.090	
1993-012T17:31:58.300	16.327	25.090	
1993-012T21:02:30.200	16.327	25.090	
1993-012T20:11:41.100	16.327	25.090	
1993-033T21:26:06.600	16.327	25.090	
1993-033T21:28:56.000	16.327	25.090	
1993-012T20:51:36.800	16.327	25.090	
1993-012T20:31:51.000	16.327	25.090	
1993-012T16:52:51.300	16.327	25.090	
1993-012T17:32:22.500	16.327	25.090	
1993-012T17:37:37.100	16.327	25.090	
1993-012T20:44:45.400	16.327	25.090	
1993-012T17:11:00.100	16.327	25.090	
1993-012T16:48:49.300	16.327	25.090	
1993-012T20:16:07.300	16.327	25.090	
1993-012T20:35:53.000	16.327	25.090	
1993-012T16:53:39.600	16.327	25.090	
1993-012T20:27:00.600	16.327	25.090	
1993-012T17:12:36.900	16.327	25.090	
1993-012T19:47:47.300	17.900	25.070	
1993-012T17:24:15.600	16.974	25.060	
1993-033T21:31:42.500	13.322	25.040	
1993-012T17:17:03.100	8.6200	25.040	
1993-012T17:00:06.800	9.4460	25.010	
1993-012T17:55:45.900	15.115	24.990	
1993-012T20:11:16.800	14.591	24.970	
1993-033T20:17:31.000	15.648	24.900	
1993-012T20:40:43.400	15.648	24.900	
1993-012T17:29:33.100	15.648	24.900	
1993-033T20:03:47.900	15.648	24.900	
1993-012T16:50:50.300	15.648	24.900	
1993-012T17:30:21.500	15.648	24.900	
1993-012T21:23:04.300	15.648	24.900	
1993-012T17:29:33.100	15.648	24.900	
1993-012T17:35:11.900	15.648	24.900	
1993-012T21:04:07.000	15.648	24.900	
1993-012T17:13:01.100	15.648	24.900	
1993-012T20:31:45.000	18.357	24.890	
1993-033T20:18:43.600	12.468	24.880	
1993-012T20:11:41.100	14.077	24.860	
1993-033T20:42:04.700	20.872	24.810	
1993-012T16:56:29.000	13.199	24.810	
1993-033T20:46:09.800	13.199	24.810	
1993-033T20:19:07.800	16.881	24.780	
1993-012T17:33:59.300	16.881	24.780	
1993-012T21:06:32.200	16.881	24.780	
1993-012T17:14:13.700	16.881	24.780	
1993-033T21:04:43.500	16.881	24.780	
1993-012T21:17:01.300	16.881	24.780	
1993-012T17:24:39.800	11.809	24.780	
1993-012T20:30:35.400	15.764	24.780	
1993-012T21:04:31.200	16.881	24.780	
1993-012T20:00:47.700	16.881	24.780	
1993-033T21:32:34.000	16.881	24.780	
1993-012T20:29:25.800	16.881	24.780	
1993-012T17:00:28.000	15.427	24.770	
1993-012T17:42:48.600	16.106	24.760	
1993-012T20:21:43.000	16.106	24.760	
1993-012T20:58:00.900	16.106	24.760	
1993-012T17:40:47.600	16.106	24.760	
1993-033T20:19:04.800	17.686	24.750	
1993-012T19:58:43.600	7.6890	24.750	
1993-033T20:29:58.400	10.399	24.740	
1993-012T19:53:26.000	16.132	24.740	
1993-012T20:32:09.100	10.943	24.730	
1993-012T17:32:43.700	15.093	24.720	
1993-012T17:30:45.800	16.190	24.710	
1993-012T17:08:59.100	16.190	24.710	
1993-012T20:42:20.200	16.190	24.710	
1993-012T17:00:31.000	16.190	24.710	
1993-012T17:09:23.300	16.190	24.710	
1993-012T20:33:03.600	16.190	24.710	
1993-012T16:53:39.600	16.190	24.710	
1993-012T19:45:28.100	16.190	24.710	
1993-012T20:34:40.400	16.190	24.710	
1993-033T20:34:27.800	16.190	24.710	
1993-012T17:25:31.200	16.190	24.710	
1993-012T17:36:45.700	16.450	24.710	
1993-012T18:02:34.200	16.450	24.710	
1993-012T20:42:44.400	16.190	24.710	
1993-012T17:31:34.100	16.190	24.710	
1993-012T17:19:52.500	16.190	24.710	
1993-012T20:17:13.800	40.300	24.710	
1993-033T20:18:16.300	16.450	24.710	
1993-012T20:37:02.600	16.450	24.710	
1993-012T17:06:34.000	16.190	24.710	
1993-012T20:10:52.600	16.190	24.710	
1993-012T17:24:18.600	16.190	24.710	
1993-033T21:01:02.500	16.450	24.710	
1993-012T17:31:31.100	16.799	24.620	
1993-012T17:39:35.000	16.799	24.620	
1993-012T20:23:19.800	16.799	24.620	
1993-033T21:18:23.500	16.799	24.620	
1993-012T17:21:53.400	14.983	24.600	
1993-033T20:02:05.000	15.282	24.590	
1993-033T20:23:34.100	14.462	24.580	
1993-033T20:31:35.300	14.436	24.540	
1993-012T21:23:28.500	15.514	24.520	
1993-012T16:56:53.300	15.514	24.520	
1993-012T17:01:43.600	15.514	24.520	
1993-012T17:38:25.500	15.514	24.520	
1993-033T20:35:40.400	15.514	24.520	
1993-012T16:53:39.600	15.514	24.520	
1993-033T21:14:00.300	15.514	24.520	
1993-012T20:43:57.000	15.514	24.520	
1993-012T17:30:45.800	15.514	24.520	
1993-033T19:58:57.300	15.514	24.520	
1993-012T19:58:19.500	17.151	24.490	
1993-012T17:40:47.600	17.151	24.490	
1993-033T21:32:58.100	13.950	24.470	
1993-012T20:30:14.200	13.950	24.470	
1993-012T17:34:23.500	12.709	24.460	
1993-012T17:11:45.500	6.3230	24.460	
1993-012T21:10:10.000	16.742	24.420	
1993-012T20:42:44.400	16.742	24.420	
1993-033T21:20:03.400	16.742	24.420	
1993-012T20:22:58.600	16.742	24.420	
1993-012T17:50:55.500	16.742	24.420	
1993-012T17:36:48.700	16.742	24.420	
1993-012T20:25:48.000	16.742	24.420	
1993-033T21:35:47.600	16.742	24.420	
1993-033T21:36:11.800	16.742	24.420	
1993-012T20:50:24.200	16.742	24.420	
1993-012T16:48:25.100	16.742	24.420	
1993-012T20:21:21.800	16.742	24.420	
1993-033T21:32:58.100	16.742	24.420	
1993-012T20:15:43.100	16.742	24.420	
1993-033T21:26:06.600	16.742	24.420	
1993-012T20:24:59.600	16.742	24.420	
1993-033T20:23:52.300	6.3870	24.390	
1993-012T17:19:46.300	7.2290	24.360	
1993-033T21:32:09.700	16.054	24.340	
1993-012T20:37:54.000	16.054	24.340	
1993-012T20:14:30.500	16.054	24.340	
1993-012T20:06:26.500	16.054	24.340	
1993-012T17:27:56.300	16.054	24.340	
1993-012T17:25:07.000	16.054	24.340	
1993-012T20:57:39.800	16.054	24.340	
1993-012T19:50:18.500	16.054	24.340	
1993-012T16:50:01.900	16.054	24.340	
1993-012T17:17:27.300	16.054	24.340	
1993-012T17:26:43.800	16.054	24.340	
1993-033T20:07:25.800	16.054	24.340	
1993-012T17:06:58.100	16.054	24.340	
1993-033T21:31:21.300	16.054	24.340	
1993-033T21:24:54.000	16.054	24.340	
1993-012T17:09:47.500	16.054	24.340	
1993-012T21:02:54.400	16.054	24.340	
1993-012T20:50:24.200	16.054	24.340	
1993-012T17:52:05.100	15.595	24.330	
1993-033T20:29:34.200	7.3350	24.320	
1993-012T17:33:07.900	15.935	24.320	
1993-012T17:25:28.200	15.935	24.320	
1993-012T20:01:08.800	13.322	24.310	
1993-033T20:56:09.000	25.621	24.270	
1993-033T21:24:29.800	13.447	24.270	
1993-012T20:18:29.500	16.277	24.270	
1993-012T17:18:12.600	16.277	24.270	
1993-012T20:58:28.200	13.447	24.270	
1993-033T20:20:14.300	16.565	24.210	
1993-012T20:39:06.600	14.852	24.210	
1993-033T20:58:16.100	14.852	24.210	
1993-012T20:33:03.600	14.852	24.210	
1993-012T17:06:34.000	14.333	24.190	
1993-033T20:31:35.300	22.666	24.190	
1993-033T20:23:28.000	6.9430	24.180	
1993-033T20:41:16.300	16.624	24.180	
1993-012T21:17:22.500	16.624	24.180	
1993-012T17:16:35.800	16.624	24.180	
1993-012T19:54:14.500	15.704	24.180	
1993-033T20:58:13.100	16.624	24.180	
1993-012T17:24:15.600	16.624	24.180	
1993-012T17:13:22.300	8.1730	24.180	
1993-033T20:29:10.000	10.123	24.180	
1993-012T17:46:23.300	9.9010	24.180	
1993-012T19:58:16.500	18.587	24.160	
1993-012T17:00:31.000	15.380	24.140	
1993-012T16:59:18.400	15.380	24.140	
1993-012T17:38:25.500	15.380	24.140	
1993-033T21:12:47.600	15.380	24.140	
1993-033T20:09:02.600	15.380	24.140	
1993-033T20:30:01.500	15.380	24.140	
1993-012T19:54:38.600	34.408	24.080	
1993-033T20:55:23.600	21.860	24.080	
1993-033T21:03:52.000	9.0580	24.060	
1993-012T17:27:29.100	16.974	24.060	
1993-012T20:39:55.000	16.603	24.050	
1993-033T21:16:01.300	16.603	24.050	
1993-033T21:08:21.300	16.603	24.050	
1993-012T17:29:57.300	16.603	24.050	
1993-033T21:08:45.500	16.603	24.050	
1993-012T20:27:18.800	11.927	24.050	
1993-012T17:20:40.800	16.603	24.050	
1993-012T17:39:13.800	16.603	24.050	
1993-012T21:11:46.800	16.603	24.050	
1993-012T20:20:09.300	16.603	24.050	
1993-012T17:26:43.800	16.603	24.050	
1993-033T20:57:27.600	16.603	24.050	
1993-012T21:13:47.800	16.603	24.050	
1993-012T20:10:04.300	16.603	24.050	
1993-012T17:30:21.500	16.603	24.050	
1993-012T20:28:13.200	16.603	24.050	
1993-012T17:22:41.800	16.603	24.050	
1993-033T21:35:47.600	16.603	24.050	
1993-012T20:27:43.000	8.4340	24.020	
1993-012T17:16:14.600	17.302	24.000	
1993-012T16:52:02.900	12.953	24.000	
1993-012T17:25:07.000	17.302	24.000	
1993-012T20:18:08.300	17.302	24.000	
1993-012T17:21:29.200	17.302	24.000	
1993-012T17:25:31.200	17.302	24.000	
1993-012T20:47:28.700	12.489	23.980	
1993-012T17:21:29.200	15.918	23.970	
1993-012T20:46:46.400	15.918	23.970	
1993-012T16:52:27.100	15.918	23.970	
1993-012T17:56:10.100	15.918	23.970	
1993-012T21:02:54.400	15.918	23.970	
1993-012T21:02:06.000	15.918	23.970	
1993-033T20:15:54.100	15.918	23.970	
1993-012T17:20:40.800	15.918	23.970	
1993-033T20:45:21.400	15.918	23.970	
1993-012T17:37:37.100	15.918	23.970	
1993-012T17:27:08.000	15.918	23.970	
1993-012T20:43:08.600	15.918	23.970	
1993-012T20:33:52.000	15.918	23.970	
1993-012T20:47:10.600	15.918	23.970	
1993-033T20:09:51.000	15.918	23.970	
1993-012T20:46:46.400	15.918	23.970	
1993-012T16:52:51.300	15.918	23.970	
1993-012T20:57:15.500	15.918	23.970	
1993-012T17:21:53.400	15.918	23.970	
1993-012T21:13:23.600	15.918	23.970	
1993-012T20:51:36.800	15.918	23.970	
1993-012T20:06:47.600	11.229	23.970	
1993-012T17:20:40.800	15.918	23.970	
1993-012T18:08:13.000	13.954	23.940	
1993-012T17:34:20.500	13.954	23.940	
1993-012T17:06:09.800	21.016	23.900	
1993-012T16:55:10.300	24.282	23.890	
1993-012T17:09:20.300	15.427	23.890	
1993-033T20:18:16.300	21.068	23.880	
1993-012T19:51:03.900	15.764	23.880	
1993-033T20:21:08.800	10.200	23.880	
1993-012T16:50:23.100	15.764	23.880	
1993-012T17:25:28.200	15.764	23.880	
1993-012T17:12:55.000	19.052	23.880	
1993-012T17:08:32.000	15.093	23.870	
1993-012T17:32:46.700	8.5190	23.840	
1993-033T20:19:56.200	14.721	23.840	
1993-012T20:22:07.200	16.106	23.830	
1993-012T17:09:20.300	16.106	23.830	
1993-012T17:30:18.500	16.106	23.830	
1993-033T21:01:02.500	16.106	23.830	
1993-033T20:22:45.600	8.2210	23.820	
1993-012T17:41:36.000	12.706	23.820	
1993-012T17:24:15.600	7.5700	23.820	
1993-012T17:39:32.000	11.743	23.820	
1993-012T17:12:58.100	8.8000	23.810	
1993-012T20:33:21.800	10.590	23.810	
1993-012T17:10:57.100	6.9890	23.800	
1993-012T17:29:57.300	15.247	23.770	
1993-012T17:23:06.000	15.247	23.770	
1993-012T16:49:37.700	15.247	23.770	
1993-012T20:41:56.000	15.247	23.770	
1993-012T20:37:05.600	15.247	23.770	
1993-033T21:03:55.000	15.247	23.770	
1993-012T16:51:38.700	15.247	23.770	
1993-012T17:14:13.700	15.247	23.770	
1993-012T17:26:19.600	15.247	23.770	
1993-012T21:10:10.000	15.247	23.770	
1993-033T20:44:33.000	15.247	23.770	
1993-012T16:56:04.800	15.247	23.770	
1993-033T21:13:33.000	16.450	23.750	
1993-012T16:58:27.000	16.450	23.750	
1993-012T17:32:19.500	16.450	23.750	
1993-012T20:53:10.500	16.450	23.750	
1993-012T17:40:02.200	9.3410	23.730	
1993-012T17:18:58.000	11.927	23.700	
1993-012T19:53:53.300	17.686	23.700	
1993-012T21:07:20.600	16.465	23.690	
1993-012T17:17:03.100	16.465	23.690	
1993-012T20:29:50.000	16.465	23.690	
1993-012T17:19:04.000	16.465	23.690	
1993-012T20:02:48.700	16.465	23.690	
1993-033T20:42:07.700	16.465	23.690	
1993-033T21:36:36.000	16.465	23.690	
1993-012T17:32:46.700	16.465	23.690	
1993-012T16:54:52.300	16.465	23.690	
1993-012T20:31:02.600	16.465	23.690	
1993-012T20:16:07.300	16.465	23.690	
1993-033T21:32:09.700	16.465	23.690	
1993-012T17:41:14.800	16.465	23.690	
1993-012T21:11:46.800	16.465	23.690	
1993-033T20:39:18.300	16.465	23.690	
1993-012T20:37:05.600	16.465	23.690	
1993-012T16:48:00.900	16.465	23.690	
1993-012T21:14:12.000	16.465	23.690	
1993-033T20:44:33.000	13.697	23.690	
1993-033T20:17:55.100	16.465	23.690	
1993-033T21:10:22.300	16.465	23.690	
1993-012T16:58:30.000	16.465	23.690	
1993-033T21:00:17.100	16.465	23.690	
1993-033T20:15:54.100	16.465	23.690	
1993-012T17:40:50.600	16.465	23.690	
1993-012T21:21:51.700	16.465	23.690	
1993-012T21:03:18.600	16.465	23.690	
1993-012T17:09:17.200	16.565	23.680	
1993-033T21:03:30.800	17.161	23.650	
1993-033T20:09:26.800	17.161	23.650	
1993-012T20:33:52.000	17.161	23.650	
1993-012T20:34:37.400	16.799	23.630	
1993-033T21:31:21.300	15.783	23.610	
1993-012T17:05:21.300	12.831	23.610	
1993-012T20:46:22.100	15.783	23.610	
1993-012T20:37:54.000	15.783	23.610	
1993-012T17:27:32.100	15.783	23.610	
1993-012T20:35:28.800	15.783	23.610	
1993-012T21:06:32.200	15.783	23.610	
1993-012T17:41:14.800	15.783	23.610	
1993-012T20:43:08.600	15.783	23.610	
1993-012T17:10:11.700	15.783	23.610	
1993-012T20:23:47.000	15.783	23.610	
1993-012T20:54:26.100	15.783	23.610	
1993-012T17:11:00.100	15.783	23.610	
1993-033T20:40:55.100	15.783	23.610	
1993-012T17:16:14.600	15.783	23.610	
1993-012T20:36:17.200	15.783	23.610	
1993-012T20:24:35.500	15.783	23.610	
1993-012T20:35:53.000	15.783	23.610	
1993-012T20:27:49.000	15.783	23.610	
1993-012T21:23:28.500	15.783	23.610	
1993-012T17:42:03.200	12.831	23.610	
1993-012T17:43:33.900	20.240	23.610	
1993-012T20:06:47.600	8.2970	23.600	
1993-033T20:21:05.800	9.7170	23.580	
1993-012T20:28:34.400	9.7170	23.580	
1993-012T18:10:11.000	13.258	23.530	
1993-012T17:27:08.000	13.199	23.490	
1993-012T20:32:39.500	8.9250	23.490	
1993-033T20:31:11.000	13.794	23.490	
1993-012T20:24:32.400	17.151	23.480	
1993-012T17:50:04.100	17.151	23.480	
1993-012T20:26:12.300	14.591	23.460	
1993-012T20:22:10.200	14.591	23.460	
1993-012T17:04:57.100	14.591	23.460	
1993-012T21:12:32.100	15.595	23.440	
1993-012T17:21:50.400	15.595	23.440	
1993-033T20:46:28.000	18.819	23.410	
1993-012T17:38:01.300	15.115	23.400	
1993-012T17:13:22.300	15.935	23.400	
1993-012T20:25:48.000	15.115	23.400	
1993-012T20:21:21.800	15.115	23.400	
1993-012T20:10:52.600	15.115	23.400	
1993-033T20:22:45.600	15.115	23.400	
1993-012T17:26:40.800	15.935	23.400	
1993-012T17:12:58.100	15.935	23.400	
1993-012T20:59:16.600	15.115	23.400	
1993-012T20:00:44.600	15.935	23.400	
1993-012T17:56:34.300	8.4190	23.380	
1993-012T20:22:31.400	14.599	23.370	
1993-033T20:30:01.500	8.1230	23.360	
1993-033T20:27:05.900	19.760	23.360	
1993-033T20:10:15.200	8.1230	23.360	
1993-033T20:51:00.300	16.327	23.340	
1993-012T20:47:59.000	16.327	23.340	
1993-012T20:51:12.600	16.327	23.340	
1993-012T17:32:22.500	16.327	23.340	
1993-012T21:22:40.100	16.327	23.340	
1993-012T21:05:43.800	16.327	23.340	
1993-033T21:26:55.000	16.327	23.340	
1993-012T17:15:26.300	16.327	23.340	
1993-033T21:12:23.400	16.327	23.340	
1993-012T20:47:34.800	16.327	23.340	
1993-012T20:29:50.000	16.327	23.340	
1993-012T20:18:56.600	16.327	23.340	
1993-033T21:27:43.400	16.327	23.340	
1993-012T17:22:17.600	16.327	23.340	
1993-012T17:40:02.200	16.327	23.340	
1993-012T17:40:02.200	16.327	23.340	
1993-012T20:19:20.800	16.327	23.340	
1993-033T21:08:21.300	16.327	23.340	
1993-012T21:21:27.500	16.327	23.340	
1993-012T17:00:06.800	16.327	23.340	
1993-012T17:54:09.100	16.327	23.340	
1993-033T21:22:28.700	16.327	23.340	
1993-012T21:20:15.000	16.327	23.340	
1993-012T17:19:52.500	16.327	23.340	
1993-012T19:58:19.500	16.277	23.330	
1993-033T20:50:33.100	16.277	23.330	
1993-012T20:48:44.300	16.277	23.330	
1993-012T21:00:26.100	16.277	23.330	
1993-012T17:11:21.300	16.277	23.330	
1993-033T20:30:25.600	8.7210	23.330	
1993-012T20:26:12.300	13.571	23.310	
1993-033T21:02:42.400	17.021	23.300	
1993-012T17:11:24.300	17.021	23.300	
1993-012T21:09:21.600	17.021	23.300	
1993-033T20:02:59.500	17.021	23.300	
1993-012T17:26:19.600	17.021	23.300	
1993-012T17:18:15.600	17.021	23.300	
1993-012T17:23:54.400	17.021	23.300	
1993-012T18:11:53.800	9.2360	23.290	
1993-033T21:32:55.000	17.507	23.290	
1993-012T20:18:08.300	11.070	23.290	
1993-033T20:56:15.000	12.349	23.260	
1993-012T17:15:26.300	15.648	23.250	
1993-033T21:24:29.800	15.648	23.250	
1993-033T20:36:04.600	15.648	23.250	
1993-012T17:19:04.000	15.648	23.250	
1993-012T17:02:07.800	15.648	23.250	
1993-012T17:25:07.000	15.648	23.250	
1993-033T21:01:05.500	15.648	23.250	
1993-033T20:48:10.800	15.648	23.250	
1993-012T17:26:19.600	15.648	23.250	
1993-012T20:26:54.600	19.052	23.250	
1993-033T21:16:01.300	15.648	23.250	
1993-012T17:12:36.900	15.648	23.250	
1993-012T17:42:03.200	15.648	23.250	
1993-033T20:57:51.900	15.648	23.250	
1993-012T16:58:05.800	15.648	23.250	
1993-033T21:31:21.300	15.648	23.250	
1993-012T16:52:51.300	15.648	23.250	
1993-012T21:11:22.600	15.648	23.250	
1993-012T17:31:34.100	15.648	23.250	
1993-012T20:18:32.500	15.648	23.250	
1993-012T20:52:49.400	15.648	23.250	
1993-012T20:31:26.800	15.648	23.250	
1993-012T17:33:59.300	15.648	23.250	
1993-012T17:25:55.400	15.648	23.250	
1993-012T20:29:25.800	15.648	23.250	
1993-012T17:50:31.300	7.8320	23.250	
1993-012T20:41:31.800	15.648	23.250	
1993-012T17:37:37.100	15.648	23.250	
1993-012T20:42:14.100	5.3440	23.240	
1993-012T17:13:22.300	16.624	23.220	
1993-012T17:41:11.800	16.624	23.220	
1993-012T17:16:11.600	16.624	23.220	
1993-012T20:42:17.100	16.624	23.220	
1993-033T21:13:08.800	16.624	23.220	
1993-033T20:03:44.900	20.099	23.220	
1993-012T20:28:58.600	16.624	23.220	
1993-012T20:30:59.600	16.624	23.220	
1993-033T20:52:58.300	16.624	23.220	
1993-033T20:55:44.800	15.704	23.200	
1993-033T20:19:01.700	15.704	23.200	
1993-012T18:10:11.000	15.704	23.200	
1993-033T21:02:36.300	10.242	23.190	
1993-033T21:11:04.700	21.963	23.180	
1993-012T19:51:49.300	15.492	23.180	
1993-012T18:14:37.100	15.282	23.150	
1993-012T19:47:23.100	15.282	23.150	
1993-012T17:28:14.500	8.2780	23.150	
1993-012T20:29:47.000	9.8510	23.150	
1993-012T20:31:23.800	10.679	23.150	
1993-012T17:59:41.800	15.282	23.150	
1993-033T20:23:52.300	20.725	23.140	
1993-012T17:11:24.300	8.5190	23.140	
1993-033T21:13:36.000	5.4500	23.130	
1993-012T17:11:48.500	13.075	23.110	
1993-012T20:37:23.800	16.784	23.110	
1993-012T20:24:59.600	13.075	23.110	
1993-012T18:06:57.300	15.073	23.110	
1993-012T20:28:37.400	14.462	23.100	
1993-012T16:49:37.700	14.462	23.100	
1993-012T20:47:59.000	14.462	23.100	
1993-033T21:25:42.400	14.462	23.100	
1993-012T20:12:29.500	14.462	23.100	
1993-033T20:51:42.700	19.287	23.080	
1993-012T17:04:54.100	16.974	23.070	
1993-012T20:29:50.000	13.950	23.060	
1993-012T17:08:35.000	13.950	23.060	
1993-012T17:38:46.700	17.866	23.060	
1993-012T21:12:11.000	13.950	23.060	
1993-012T20:14:54.600	8.8230	23.040	
1993-012T17:15:26.300	14.983	23.040	
1993-033T21:11:10.800	14.983	23.040	
1993-033T20:16:18.300	14.983	23.040	
1993-012T17:39:13.800	14.983	23.040	
1993-012T20:47:59.000	14.983	23.040	
1993-012T17:57:22.600	14.983	23.040	
1993-012T16:50:26.100	14.983	23.040	
1993-033T20:06:34.300	15.427	23.020	
1993-012T17:00:03.800	15.427	23.020	
1993-012T20:38:15.100	15.427	23.020	
1993-012T16:48:46.300	15.427	23.020	
1993-012T17:23:48.300	11.927	23.010	
1993-012T17:54:54.500	14.763	23.000	
1993-012T20:48:23.200	16.190	22.990	
1993-033T20:57:27.600	16.190	22.990	
1993-012T17:23:06.000	16.190	22.990	
1993-033T20:16:18.300	16.190	22.990	
1993-012T17:24:18.600	16.190	22.990	
1993-012T17:43:15.800	16.190	22.990	
1993-012T17:38:01.300	16.190	22.990	
1993-012T20:15:18.800	16.190	22.990	
1993-012T16:50:26.100	16.190	22.990	
1993-012T17:33:35.100	16.190	22.990	
1993-012T20:51:36.800	16.190	22.990	
1993-012T21:00:53.400	16.190	22.990	
1993-012T21:07:20.600	16.190	22.990	
1993-033T21:09:09.700	16.190	22.990	
1993-012T20:20:57.600	16.190	22.990	
1993-012T17:37:12.900	16.190	22.990	
1993-033T21:19:15.000	16.190	22.990	
1993-033T20:17:55.100	16.190	22.990	
1993-012T20:07:39.100	16.190	22.990	
1993-033T21:36:36.000	16.190	22.990	
1993-012T17:16:38.800	16.190	22.990	
1993-033T21:18:50.800	16.190	22.990	
1993-012T21:05:19.600	16.190	22.990	
1993-012T20:24:59.600	16.190	22.990	
1993-012T17:18:39.800	16.190	22.990	
1993-012T20:58:04.000	16.190	22.990	
1993-012T17:43:40.000	16.190	22.990	
1993-012T20:47:10.600	16.190	22.990	
1993-012T21:21:03.300	16.190	22.990	
1993-012T16:59:18.400	16.190	22.990	
1993-012T17:41:11.800	15.764	22.980	
1993-012T20:34:37.400	15.764	22.980	
1993-012T17:31:28.000	6.9430	22.960	
1993-012T17:45:16.800	16.881	22.950	
1993-012T17:05:21.300	16.881	22.950	
1993-012T16:48:25.100	16.881	22.950	
1993-012T17:31:58.300	16.881	22.950	
1993-012T20:41:56.000	16.881	22.950	
1993-012T20:51:12.600	13.447	22.930	
1993-012T17:13:49.500	13.447	22.930	
1993-033T21:04:43.500	13.447	22.930	
1993-012T20:14:54.600	13.447	22.930	
1993-012T19:54:17.500	12.859	22.930	
1993-012T17:30:45.800	10.421	22.910	
1993-012T20:36:38.400	16.106	22.910	
1993-033T20:58:37.300	16.106	22.910	
1993-033T20:59:49.900	16.106	22.910	
1993-012T20:23:19.800	16.106	22.910	
1993-012T16:49:10.500	16.106	22.910	
1993-033T21:29:41.500	16.106	22.910	
1993-012T21:13:20.500	16.106	22.910	
1993-012T20:49:32.700	16.106	22.910	
1993-012T16:52:48.300	16.106	22.910	
1993-012T18:13:03.400	16.106	22.910	
1993-012T20:50:45.300	16.106	22.910	
1993-033T20:16:15.300	16.106	22.910	
1993-012T20:24:11.200	8.0250	22.900	
1993-012T20:52:49.400	15.514	22.890	
1993-012T17:58:11.000	15.514	22.890	
1993-012T20:53:37.800	15.514	22.890	
1993-012T20:18:32.500	15.514	22.890	
1993-012T20:27:00.600	15.514	22.890	
1993-012T21:19:26.500	15.514	22.890	
1993-012T17:06:58.100	15.514	22.890	
1993-012T18:53:50.600	15.514	22.890	
1993-012T17:19:04.000	15.514	22.890	
1993-012T16:50:50.300	15.514	22.890	
1993-012T17:05:21.300	15.514	22.890	
1993-012T17:06:34.000	15.514	22.890	
1993-012T17:31:34.100	15.514	22.890	
1993-012T20:25:23.800	15.514	22.890	
1993-012T20:45:09.600	15.514	22.890	
1993-033T20:38:54.000	15.514	22.890	
1993-033T20:10:12.200	17.328	22.880	
1993-033T20:39:15.200	17.328	22.880	
1993-033T20:24:22.500	9.1320	22.850	
1993-012T20:45:09.600	12.589	22.840	
1993-033T21:30:57.100	7.2650	22.830	
1993-033T20:10:36.500	11.229	22.830	
1993-012T17:53:38.800	11.019	22.830	
1993-012T20:50:45.300	16.450	22.810	
1993-012T20:33:24.800	16.450	22.810	
1993-012T16:52:24.100	16.450	22.810	
1993-012T16:50:23.100	16.450	22.810	
1993-033T20:28:24.600	18.452	22.800	
1993-012T20:26:12.300	17.586	22.790	
1993-033T20:38:02.600	18.229	22.790	
1993-012T20:45:58.000	17.586	22.790	
1993-012T20:32:39.500	17.586	22.790	
1993-012T18:11:47.800	9.7320	22.770	
1993-012T17:01:16.400	6.2160	22.770	
1993-012T17:48:51.500	13.794	22.740	
1993-033T20:33:12.100	13.794	22.740	
1993-033T20:23:34.100	14.333	22.730	
1993-012T20:08:51.600	14.333	22.730	
1993-033T20:51:48.800	14.333	22.730	
1993-012T17:59:23.600	12.953	22.730	
1993-033T20:37:38.400	10.123	22.710	
1993-012T20:16:49.600	19.760	22.700	
1993-012T20:37:54.000	8.1230	22.700	
1993-033T20:18:40.500	9.9870	22.700	
1993-033T20:31:11.000	9.9870	22.700	
1993-012T21:04:07.000	14.852	22.690	
1993-033T21:09:58.100	13.823	22.690	
1993-012T17:41:39.000	13.823	22.690	
1993-033T20:52:13.000	14.852	22.690	
1993-012T20:08:27.500	13.823	22.690	
1993-012T16:52:51.300	8.4190	22.690	
1993-012T18:08:13.000	7.3350	22.680	
1993-033T21:08:42.500	16.799	22.660	
1993-012T20:29:47.000	16.799	22.660	
1993-012T20:32:36.500	16.799	22.660	
1993-033T20:17:03.700	16.799	22.660	
1993-012T20:42:41.300	16.799	22.660	
1993-012T17:29:54.300	16.799	22.660	
1993-012T17:31:55.300	16.799	22.660	
1993-012T17:35:08.900	16.799	22.660	
1993-033T21:10:16.300	8.5910	22.650	
1993-012T20:49:11.600	16.054	22.640	
1993-012T17:24:42.800	19.338	22.640	
1993-012T21:17:01.300	16.054	22.640	
1993-033T20:40:55.100	16.054	22.640	
1993-033T21:00:41.300	16.054	22.640	
1993-012T17:20:16.600	16.054	22.640	
1993-012T17:02:56.200	16.054	22.640	
1993-012T20:38:18.200	16.054	22.640	
1993-012T20:34:40.400	16.054	22.640	
1993-033T20:11:03.600	16.054	22.640	
1993-012T17:42:45.500	10.415	22.640	
1993-012T21:19:50.700	16.054	22.640	
1993-012T20:51:36.800	16.054	22.640	
1993-012T20:18:56.600	16.054	22.640	
1993-033T21:04:43.500	16.054	22.640	
1993-012T20:37:05.600	16.054	22.640	
1993-012T17:42:27.400	16.054	22.640	
1993-012T16:57:41.600	16.054	22.640	
1993-012T17:50:25.300	48.135	22.640	
1993-012T17:49:18.700	16.054	22.640	
1993-033T21:15:37.100	16.054	22.640	
1993-033T21:19:15.000	16.054	22.640	
1993-012T20:48:23.200	16.054	22.640	
1993-012T17:26:19.600	16.054	22.640	
1993-012T20:44:21.100	16.054	22.640	
1993-012T17:32:46.700	16.054	22.640	
1993-012T17:06:34.000	16.054	22.640	
1993-012T20:40:19.200	16.054	22.640	
1993-033T21:26:30.800	16.054	22.640	
1993-012T20:32:39.500	16.054	22.640	
1993-012T16:54:52.300	16.054	22.640	
1993-012T17:19:04.000	16.054	22.640	
1993-012T20:45:33.800	16.054	22.640	
1993-012T20:09:15.900	16.054	22.640	
1993-033T20:35:34.300	10.242	22.630	
1993-012T20:19:20.800	6.8090	22.630	
1993-012T17:00:00.700	19.052	22.620	
1993-012T20:23:41.000	14.866	22.610	
1993-012T17:24:18.600	16.742	22.610	
1993-012T17:05:21.300	16.742	22.610	
1993-012T20:36:41.400	16.742	22.610	
1993-012T17:29:57.300	16.742	22.610	
1993-012T16:54:28.100	16.742	22.610	
1993-012T18:30:45.100	14.866	22.610	
1993-033T21:14:48.600	16.742	22.610	
1993-012T20:40:19.200	16.742	22.610	
1993-012T20:35:04.600	16.742	22.610	
1993-012T16:50:50.300	16.742	22.610	
1993-033T21:32:34.000	16.742	22.610	
1993-012T17:46:05.100	16.742	22.610	
1993-012T20:42:44.400	16.742	22.610	
1993-012T17:01:43.600	16.742	22.610	
1993-033T20:17:06.700	16.742	22.610	
1993-012T21:03:39.700	15.260	22.600	
1993-033T21:20:48.800	15.260	22.600	
1993-033T20:42:56.100	9.8730	22.600	
1993-012T17:18:36.800	15.260	22.600	
1993-033T20:08:59.600	15.595	22.570	
1993-012T21:05:16.500	15.595	22.570	
1993-012T20:29:22.800	14.599	22.570	
1993-012T19:56:42.600	15.595	22.570	
1993-012T20:53:34.700	15.595	22.570	
1993-012T20:09:12.800	15.595	22.570	
1993-012T20:17:41.000	15.595	22.570	
1993-012T20:57:12.500	15.595	22.570	
1993-012T20:29:01.600	13.322	22.560	
1993-012T19:44:57.900	14.660	22.560	
1993-012T16:58:54.200	15.380	22.540	
1993-012T20:35:53.000	15.380	22.540	
1993-012T16:48:49.300	15.380	22.540	
1993-033T21:14:48.600	15.380	22.540	
1993-033T21:09:09.700	15.380	22.540	
1993-012T17:38:49.700	15.380	22.540	
1993-012T17:41:39.000	15.380	22.540	
1993-012T17:45:16.800	15.380	22.540	
1993-012T17:20:40.800	15.380	22.540	
1993-012T20:34:40.400	15.380	22.540	
1993-012T17:45:16.800	15.380	22.540	
1993-012T17:23:30.200	15.380	22.540	
1993-033T20:13:53.100	15.380	22.540	
1993-033T20:43:44.600	15.380	22.540	
1993-012T21:00:05.000	15.380	22.540	
1993-012T17:54:33.300	15.380	22.540	
1993-012T17:25:55.400	15.380	22.540	
1993-012T16:56:29.000	15.380	22.540	
1993-012T20:50:45.300	7.1040	22.520	
1993-012T20:17:13.800	17.004	22.520	
1993-012T17:45:41.000	9.2360	22.510	
1993-012T20:35:50.000	15.935	22.500	
1993-012T21:01:14.500	15.935	22.500	
1993-012T16:58:27.000	15.935	22.500	
1993-033T21:33:43.500	15.935	22.500	
1993-012T17:11:21.300	15.935	22.500	
1993-012T20:20:30.400	15.935	22.500	
1993-012T17:37:34.100	15.935	22.500	
1993-033T20:21:54.200	9.3180	22.500	
1993-012T21:01:14.500	15.935	22.500	
1993-033T20:24:46.700	10.310	22.500	
1993-012T20:31:23.800	15.935	22.500	
1993-012T18:14:40.100	17.151	22.490	
1993-012T20:16:04.200	18.596	22.470	
1993-012T19:50:12.500	17.226	22.450	
1993-012T20:25:20.800	27.586	22.450	
1993-012T20:06:44.600	17.226	22.450	
1993-012T17:48:54.500	17.444	22.450	
1993-012T20:14:54.600	17.444	22.450	
1993-012T17:23:03.000	13.167	22.440	
1993-033T20:29:34.200	13.167	22.440	
1993-012T16:59:18.400	8.5190	22.440	
1993-012T17:57:40.800	14.252	22.430	
1993-012T17:40:44.500	14.252	22.430	
1993-012T17:52:56.500	9.0280	22.420	
1993-012T18:13:51.800	16.277	22.400	
1993-012T20:41:53.000	16.277	22.400	
1993-012T16:55:13.500	16.277	22.400	
1993-012T20:19:42.000	16.277	22.400	
1993-012T17:11:45.500	16.277	22.400	
1993-012T20:14:03.200	16.277	22.400	
1993-012T17:40:23.500	16.277	22.400	
1993-033T21:21:40.300	14.204	22.380	
1993-012T18:06:36.200	7.3350	22.360	
1993-012T17:12:12.700	12.831	22.360	
1993-012T17:45:34.900	14.050	22.350	
1993-033T20:46:34.000	13.697	22.330	
1993-033T20:14:38.500	23.280	22.330	
1993-012T17:07:46.500	14.721	22.330	
1993-012T20:53:13.600	14.721	22.330	
1993-012T20:18:56.600	13.697	22.330	
1993-012T16:50:50.300	13.697	22.330	
1993-012T16:57:14.500	6.8760	22.320	
1993-012T20:12:50.600	13.636	22.310	
1993-012T17:09:23.300	8.8230	22.310	
1993-033T21:18:26.600	15.918	22.300	
1993-012T20:49:35.800	15.918	22.300	
1993-012T20:18:56.600	15.918	22.300	
1993-012T17:01:19.400	15.918	22.300	
1993-012T19:57:09.900	15.918	22.300	
1993-012T21:05:43.800	15.918	22.300	
1993-033T20:57:27.600	15.918	22.300	
1993-012T17:27:08.000	15.918	22.300	
1993-012T20:20:33.500	15.918	22.300	
1993-012T17:06:58.100	15.918	22.300	
1993-033T20:20:20.400	15.918	22.300	
1993-012T20:33:52.000	15.918	22.300	
1993-012T16:58:05.800	15.918	22.300	
1993-012T20:53:37.800	15.918	22.300	
1993-012T20:05:38.100	15.918	22.300	
1993-012T21:09:21.600	15.918	22.300	
1993-012T17:06:09.800	15.918	22.300	
1993-012T17:23:30.200	15.918	22.300	
1993-012T20:49:35.800	15.918	22.300	
1993-012T17:29:09.000	15.918	22.300	
1993-012T17:07:22.300	15.918	22.300	
1993-012T16:50:01.900	15.918	22.300	
1993-012T17:02:56.200	15.918	22.300	
1993-033T20:41:19.300	15.918	22.300	
1993-012T16:53:15.500	15.918	22.300	
1993-012T20:41:56.000	15.918	22.300	
1993-033T21:32:09.700	15.918	22.300	
1993-012T20:58:28.200	15.918	22.300	
1993-033T21:30:08.600	15.918	22.300	
1993-033T20:29:37.200	15.918	22.300	
1993-012T17:16:38.800	16.603	22.280	
1993-033T20:57:51.900	16.603	22.280	
1993-012T20:30:14.200	16.603	22.280	
1993-033T20:10:15.200	16.603	22.280	
1993-012T20:41:07.600	16.603	22.280	
1993-012T21:01:17.600	16.603	22.280	
1993-012T17:40:02.200	16.603	22.280	
1993-012T20:38:18.200	16.603	22.280	
1993-012T20:24:35.500	16.603	22.280	
1993-012T16:52:27.100	16.603	22.280	
1993-012T20:54:02.000	16.603	22.280	
1993-012T21:23:04.300	16.603	22.280	
1993-033T21:32:58.100	16.603	22.280	
1993-012T17:44:28.300	16.603	22.280	
1993-033T21:12:47.600	16.603	22.280	
1993-012T17:19:52.500	16.603	22.280	
1993-012T21:04:07.000	16.603	22.280	
1993-012T20:47:34.800	16.603	22.280	
1993-033T21:31:45.500	16.603	22.280	
1993-012T20:32:39.500	16.603	22.280	
1993-012T21:20:39.100	16.603	22.280	
1993-033T21:26:30.800	16.603	22.280	
1993-033T21:19:39.300	16.603	22.280	
1993-012T16:50:01.900	16.603	22.280	
1993-012T20:47:07.500	16.624	22.270	
1993-033T21:02:39.300	16.624	22.270	
1993-012T17:25:04.000	16.624	22.270	
1993-033T20:37:38.400	16.624	22.270	
1993-033T21:09:06.700	16.624	22.270	
1993-012T17:48:27.300	16.624	22.270	
1993-012T20:39:27.800	16.624	22.270	
1993-012T20:54:47.300	16.624	22.270	
1993-012T17:02:04.800	16.624	22.270	
1993-012T17:25:52.400	16.624	22.270	
1993-012T17:25:28.200	16.624	22.270	
1993-012T17:31:55.300	16.624	22.270	
1993-012T20:23:19.800	16.624	22.270	
1993-033T20:21:08.800	8.3200	22.250	
1993-033T21:13:57.200	12.859	22.250	
1993-012T20:42:44.400	8.3200	22.250	
1993-033T20:19:26.000	15.704	22.220	
1993-012T17:53:41.800	10.261	22.210	
1993-012T21:06:08.000	15.247	22.200	
1993-012T21:06:08.000	15.247	22.200	
1993-012T17:16:14.600	15.247	22.200	
1993-033T20:57:27.600	15.247	22.200	
1993-012T16:48:00.900	15.247	22.200	
1993-012T21:17:25.500	15.247	22.200	
1993-012T17:34:23.500	15.247	22.200	
1993-012T20:22:58.600	15.247	22.200	
1993-012T17:31:34.100	15.247	22.200	
1993-012T17:50:07.100	15.247	22.200	
1993-012T20:12:29.500	15.247	22.200	
1993-012T20:58:52.400	15.247	22.200	
1993-012T17:33:59.300	15.247	22.200	
1993-033T20:27:36.200	9.7660	22.190	
1993-012T17:46:02.100	15.093	22.190	
1993-012T19:57:03.800	16.132	22.190	
1993-012T20:08:48.600	13.322	22.170	
1993-012T17:17:24.300	15.427	22.160	
1993-033T20:57:24.600	9.5830	22.160	
1993-033T21:33:19.300	15.427	22.160	
1993-012T17:27:29.100	15.427	22.160	
1993-012T20:52:22.100	15.427	22.160	
1993-033T20:02:29.200	17.900	22.150	
1993-012T21:00:01.900	14.436	22.150	
1993-033T21:31:45.500	17.302	22.130	
1993-012T17:02:04.800	15.764	22.100	
1993-012T17:20:37.800	15.764	22.100	
1993-012T17:24:15.600	15.764	22.100	
1993-033T21:10:19.300	15.764	22.100	
1993-012T20:34:37.400	15.764	22.100	
1993-012T16:54:25.100	15.764	22.100	
1993-012T16:58:51.200	15.764	22.100	
1993-012T16:51:11.500	16.974	22.090	
1993-012T17:23:51.400	16.974	22.090	
1993-012T17:48:24.300	26.718	22.090	
1993-012T17:27:05.000	19.528	22.090	
1993-012T16:58:51.200	16.974	22.090	
1993-033T21:13:57.200	16.974	22.090	
1993-033T21:02:12.100	7.0850	22.060	
1993-012T17:04:51.100	16.784	22.050	
1993-012T20:20:51.600	10.590	22.050	
1993-033T21:24:29.800	8.1230	22.040	
1993-012T17:53:38.800	11.378	22.040	
1993-012T17:24:12.500	6.3870	22.040	
1993-033T21:32:09.700	14.077	22.020	
1993-012T17:27:32.100	14.077	22.020	
1993-012T17:39:13.800	14.077	22.020	
1993-033T20:58:37.300	17.866	22.010	
1993-012T17:22:14.600	16.106	22.000	
1993-012T17:38:46.700	16.106	22.000	
1993-033T21:11:32.000	16.106	22.000	
1993-033T20:28:45.800	16.106	22.000	
1993-012T17:17:00.100	16.106	22.000	
1993-012T20:31:23.800	16.106	22.000	
1993-012T20:39:27.800	16.106	22.000	
1993-012T17:30:42.800	16.106	22.000	
1993-012T17:42:48.600	16.106	22.000	
1993-033T20:15:27.000	16.106	22.000	
1993-012T20:59:37.700	16.106	22.000	
1993-012T20:13:14.800	20.099	22.000	
1993-012T20:32:36.500	16.106	22.000	
1993-012T17:28:20.600	12.709	22.000	
1993-012T20:35:28.800	14.591	21.990	
1993-033T21:01:51.000	21.462	21.970	
1993-012T21:24:16.900	13.571	21.970	
1993-012T17:07:46.500	15.783	21.960	
1993-012T17:06:34.000	15.783	21.960	
1993-012T17:12:36.900	15.783	21.960	
1993-012T20:10:04.300	15.783	21.960	
1993-012T16:56:04.800	15.783	21.960	
1993-012T16:48:00.900	15.783	21.960	
1993-012T17:32:46.700	15.783	21.960	
1993-033T20:52:37.100	15.783	21.960	
1993-012T20:35:04.600	15.783	21.960	
1993-033T20:22:21.500	15.783	21.960	
1993-033T20:09:02.600	15.783	21.960	
1993-012T17:30:21.500	15.783	21.960	
1993-012T20:52:01.000	15.783	21.960	
1993-012T20:15:18.800	15.783	21.960	
1993-012T17:22:17.600	15.783	21.960	
1993-012T20:48:23.200	15.783	21.960	
1993-033T21:02:42.400	15.783	21.960	
1993-012T21:05:19.600	15.783	21.960	
1993-033T21:30:32.900	15.783	21.960	
1993-012T21:18:14.000	15.783	21.960	
1993-012T20:54:26.100	15.783	21.960	
1993-012T17:09:23.300	15.783	21.960	
1993-012T18:08:16.000	15.783	21.960	
1993-012T17:00:06.800	15.783	21.960	
1993-012T20:37:29.800	15.783	21.960	
1993-033T21:27:19.200	15.783	21.960	
1993-012T20:33:03.600	15.783	21.960	
1993-012T16:52:51.300	15.783	21.960	
1993-012T17:37:37.100	15.783	21.960	
1993-012T17:27:56.300	15.783	21.960	
1993-012T20:39:06.600	15.783	21.960	
1993-012T17:06:34.000	15.783	21.960	
1993-012T21:00:05.000	15.783	21.960	
1993-012T16:55:40.600	15.783	21.960	
1993-012T20:26:12.300	16.465	21.950	
1993-033T20:34:03.500	16.465	21.950	
1993-012T20:45:58.000	16.465	21.950	
1993-012T16:53:39.600	16.465	21.950	
1993-033T21:29:20.300	16.465	21.950	
1993-033T20:59:04.500	16.465	21.950	
1993-033T20:10:15.200	16.465	21.950	
1993-012T20:53:13.600	16.465	21.950	
1993-033T20:43:20.300	16.465	21.950	
1993-012T20:17:44.000	16.465	21.950	
1993-012T17:11:24.300	16.465	21.950	
1993-012T17:38:01.300	16.465	21.950	
1993-033T20:15:54.100	16.465	21.950	
1993-012T17:04:57.100	16.465	21.950	
1993-012T17:12:36.900	16.465	21.950	
1993-033T21:20:51.900	16.465	21.950	
1993-012T17:11:48.500	16.465	21.950	
1993-012T17:13:49.500	16.465	21.950	
1993-012T16:55:16.500	16.465	21.950	
1993-012T20:05:13.900	16.465	21.950	
1993-012T20:20:57.600	16.465	21.950	
1993-012T21:05:19.600	16.465	21.950	
1993-033T21:20:51.900	16.465	21.950	
1993-012T20:35:28.800	16.465	21.950	
1993-012T21:10:10.000	16.465	21.950	
1993-012T20:31:51.000	16.465	21.950	
1993-012T20:37:54.000	16.465	21.950	
1993-033T21:19:39.300	16.465	21.950	
1993-033T20:28:24.600	16.465	21.950	
1993-012T17:01:43.600	16.465	21.950	
1993-012T20:45:09.600	16.465	21.950	
1993-012T17:00:55.200	16.465	21.950	
1993-033T21:11:35.000	16.465	21.950	
1993-012T20:08:27.500	16.465	21.950	
1993-033T21:27:43.400	16.465	21.950	
1993-012T20:45:55.000	17.328	21.880	
1993-012T20:39:27.800	17.328	21.880	
1993-012T17:07:43.500	16.450	21.870	
1993-033T20:35:13.100	16.450	21.870	
1993-012T20:16:28.400	16.450	21.870	
1993-033T20:26:44.700	16.450	21.870	
1993-033T20:20:17.400	16.450	21.870	
1993-012T17:32:43.700	16.450	21.870	
1993-012T17:38:46.700	16.450	21.870	
1993-012T17:34:44.700	16.450	21.870	
1993-012T16:59:39.600	16.450	21.870	
1993-012T21:13:20.500	16.450	21.870	
1993-012T17:21:50.400	16.450	21.870	
1993-012T20:28:13.200	15.115	21.860	
1993-012T17:12:12.700	15.115	21.860	
1993-012T17:44:04.100	15.115	21.860	
1993-012T21:07:20.600	15.115	21.860	
1993-012T21:04:55.400	15.115	21.860	
1993-012T21:00:53.400	15.115	21.860	
1993-012T17:41:14.800	15.115	21.860	
1993-033T20:46:34.000	15.115	21.860	
1993-033T20:17:31.000	15.115	21.860	
1993-012T20:22:10.200	18.016	21.840	
1993-012T17:27:08.000	18.016	21.840	
1993-012T16:57:17.500	18.016	21.840	
1993-012T17:27:32.100	13.075	21.840	
1993-012T16:48:25.100	13.075	21.840	
1993-012T18:16:14.000	19.999	21.820	
1993-012T20:40:19.200	7.9280	21.810	
1993-012T20:33:27.800	7.9280	21.810	
1993-012T16:55:34.500	17.449	21.810	
1993-012T20:00:23.500	17.161	21.800	
1993-012T17:51:19.700	17.161	21.800	
1993-012T17:31:10.000	17.161	21.800	
1993-033T20:56:12.000	14.928	21.780	
1993-012T20:11:38.000	14.928	21.780	
1993-033T21:22:01.400	15.260	21.760	
1993-012T20:06:02.300	9.8730	21.760	
1993-012T20:15:40.000	10.123	21.740	
1993-012T17:44:22.300	18.587	21.730	
1993-033T20:26:41.700	18.587	21.730	
1993-012T17:35:08.900	18.229	21.720	
1993-012T17:21:26.200	18.229	21.720	
1993-033T20:46:34.000	12.230	21.720	
1993-012T19:50:39.700	19.340	21.720	
1993-012T17:17:00.100	19.340	21.720	
1993-012T18:13:27.600	16.799	21.710	
1993-012T20:44:18.100	16.799	21.710	
1993-033T20:46:03.800	14.866	21.710	
1993-012T17:04:54.100	16.799	21.710	
1993-012T17:38:46.700	16.799	21.710	
1993-012T17:21:02.000	16.799	21.710	
1993-012T17:32:19.500	16.799	21.710	
1993-033T21:32:06.700	16.799	21.710	
1993-033T21:02:15.100	15.595	21.700	
1993-033T21:09:06.700	15.595	21.700	
1993-012T20:34:37.400	15.595	21.700	
1993-012T17:43:12.800	15.595	21.700	
1993-012T17:09:44.500	15.595	21.700	
1993-012T17:28:41.800	10.399	21.690	
1993-012T17:45:41.000	19.940	21.690	
1993-033T20:24:22.500	9.0280	21.680	
1993-012T16:54:03.800	13.950	21.680	
1993-033T21:21:40.300	13.950	21.680	
1993-012T20:52:49.400	13.950	21.680	
1993-033T20:10:33.400	14.660	21.670	
1993-012T17:20:58.900	16.348	21.650	
1993-012T20:38:42.400	14.462	21.640	
1993-012T17:40:02.200	14.462	21.640	
1993-012T17:41:14.800	14.462	21.640	
1993-012T17:00:52.200	17.686	21.640	
1993-012T20:36:17.200	14.462	21.640	
1993-012T20:15:18.800	14.462	21.640	
1993-012T17:21:29.200	14.462	21.640	
1993-033T20:10:39.500	14.462	21.640	
1993-012T20:51:12.600	15.648	21.630	
1993-033T21:26:55.000	15.648	21.630	
1993-012T16:50:50.300	15.648	21.630	
1993-012T20:58:52.400	15.648	21.630	
1993-033T20:19:32.000	15.648	21.630	
1993-033T21:08:21.300	15.648	21.630	
1993-033T21:10:22.300	15.648	21.630	
1993-012T16:51:14.500	15.648	21.630	
1993-012T17:11:48.500	15.648	21.630	
1993-012T21:23:04.300	15.648	21.630	
1993-012T21:20:39.100	15.648	21.630	
1993-033T20:55:26.600	15.648	21.630	
1993-012T20:35:53.000	15.648	21.630	
1993-033T20:13:47.100	14.455	21.630	
1993-033T21:04:19.200	15.648	21.630	
1993-012T17:27:08.000	15.648	21.630	
1993-012T20:20:09.300	15.648	21.630	
1993-012T21:00:05.000	15.648	21.630	
1993-012T18:01:48.800	15.648	21.630	
1993-012T20:17:19.800	15.648	21.630	
1993-033T21:14:24.500	15.648	21.630	
1993-012T17:31:58.300	15.648	21.630	
1993-033T21:14:00.300	15.648	21.630	
1993-012T20:33:27.800	15.648	21.630	
1993-012T20:43:08.600	15.648	21.630	
1993-012T16:56:29.000	15.648	21.630	
1993-012T17:42:27.400	15.648	21.630	
1993-012T17:36:00.300	15.648	21.630	
1993-033T20:43:20.300	15.648	21.630	
1993-012T17:49:42.900	15.648	21.630	
1993-012T17:34:23.500	15.648	21.630	
1993-012T20:43:32.800	15.648	21.630	
1993-012T17:02:32.000	16.327	21.620	
1993-033T21:15:12.900	16.327	21.620	
1993-012T17:15:26.300	16.327	21.620	
1993-012T20:51:12.600	16.327	21.620	
1993-012T17:54:09.100	16.327	21.620	
1993-012T20:59:16.600	16.327	21.620	
1993-012T20:44:21.100	16.327	21.620	
1993-012T17:49:18.700	16.327	21.620	
1993-012T16:51:38.700	16.327	21.620	
1993-012T20:23:47.000	16.327	21.620	
1993-033T20:59:52.900	16.327	21.620	
1993-012T20:26:12.300	16.327	21.620	
1993-012T17:56:10.100	16.327	21.620	
1993-012T17:51:19.700	16.327	21.620	
1993-033T21:27:43.400	16.327	21.620	
1993-033T20:13:53.100	16.327	21.620	
1993-012T17:45:41.000	16.327	21.620	
1993-012T20:35:04.600	16.327	21.620	
1993-033T20:02:59.500	16.327	21.620	
1993-012T20:33:27.800	16.327	21.620	
1993-012T17:32:22.500	16.327	21.620	
1993-012T16:57:17.500	16.327	21.620	
1993-012T20:18:32.500	16.327	21.620	
1993-012T17:33:10.900	16.327	21.620	
1993-033T20:57:51.900	16.327	21.620	
1993-033T21:09:09.700	16.327	21.620	
1993-012T20:41:31.800	13.447	21.620	
1993-012T20:31:51.000	13.447	21.620	
1993-012T21:21:03.300	16.327	21.620	
1993-012T16:58:05.800	16.327	21.620	
1993-012T21:12:11.000	13.447	21.620	
1993-012T17:18:39.800	16.327	21.620	
1993-033T20:09:26.800	16.327	21.620	
1993-012T20:27:49.000	16.327	21.620	
1993-012T16:48:22.100	15.935	21.610	
1993-012T20:36:38.400	15.935	21.610	
1993-012T17:13:46.500	15.935	21.610	
1993-012T20:05:10.800	15.935	21.610	
1993-012T20:33:49.000	15.935	21.610	
1993-012T17:26:16.600	15.935	21.610	
1993-033T20:59:01.500	15.935	21.610	
1993-012T17:06:55.100	15.935	21.610	
1993-012T20:21:18.800	15.935	21.610	
1993-033T20:42:28.900	15.935	21.610	
1993-012T20:53:13.600	8.0250	21.610	
1993-012T20:48:44.300	15.935	21.610	
1993-012T17:52:05.100	12.403	21.610	
1993-033T21:11:32.000	15.935	21.610	
1993-012T16:51:11.500	15.935	21.610	
1993-012T21:14:08.800	15.935	21.610	
1993-012T19:49:24.100	8.4340	21.600	
1993-012T17:50:49.500	16.565	21.590	
1993-012T17:02:04.800	13.636	21.590	
1993-012T17:06:06.800	13.636	21.590	
1993-012T20:12:02.300	12.859	21.580	
1993-012T17:51:40.900	12.859	21.580	
1993-012T17:50:01.100	17.900	21.580	
1993-012T20:32:33.300	18.819	21.560	
1993-012T17:26:37.600	10.242	21.520	
1993-012T20:39:06.600	14.983	21.520	
1993-012T17:41:39.000	14.983	21.520	
1993-033T20:23:34.100	14.983	21.520	
1993-012T20:49:11.600	14.983	21.520	
1993-012T20:28:37.400	14.983	21.520	
1993-012T20:58:04.000	14.983	21.520	
1993-012T17:18:39.800	14.983	21.520	
1993-033T20:19:50.100	14.050	21.520	
1993-012T17:28:20.600	14.983	21.520	
1993-033T21:11:10.800	14.983	21.520	
1993-033T20:15:05.800	14.983	21.520	
1993-012T20:14:51.600	17.151	21.500	
1993-012T17:51:40.900	17.151	21.500	
1993-012T20:22:31.400	17.151	21.500	
1993-012T20:30:59.600	17.151	21.500	
1993-033T21:22:01.400	17.151	21.500	
1993-033T20:22:42.600	16.277	21.490	
1993-012T17:06:06.800	16.277	21.490	
1993-012T20:35:25.800	16.277	21.490	
1993-012T20:28:58.600	16.277	21.490	
1993-012T20:14:51.600	16.277	21.490	
1993-033T20:52:58.300	16.277	21.490	
1993-033T20:19:53.200	16.277	21.490	
1993-012T20:45:55.000	16.277	21.490	
1993-012T17:10:08.700	16.277	21.490	
1993-012T17:19:28.300	17.021	21.480	
1993-012T21:03:42.800	17.021	21.480	
1993-012T16:55:40.600	17.021	21.480	
1993-012T16:48:49.300	17.021	21.480	
1993-033T20:13:28.900	17.021	21.480	
1993-033T20:31:56.500	8.1240	21.470	
1993-033T21:04:16.200	6.2160	21.460	
1993-012T20:31:45.000	13.064	21.460	
1993-012T17:57:40.800	10.766	21.430	
1993-012T20:41:28.800	6.8760	21.430	
1993-012T17:29:27.000	19.760	21.390	
1993-033T21:15:34.100	14.763	21.380	
1993-012T16:58:54.200	7.8320	21.380	
1993-012T17:16:08.600	13.652	21.370	
1993-012T17:18:39.800	7.0810	21.360	
1993-033T20:36:01.600	19.152	21.360	
1993-012T17:44:46.500	17.226	21.360	
1993-033T20:27:57.400	19.152	21.360	
1993-012T17:33:56.300	8.2970	21.340	
1993-012T20:22:34.500	13.823	21.330	
1993-012T20:38:39.400	16.624	21.330	
1993-012T20:17:44.000	8.4190	21.330	
1993-012T17:13:22.300	16.624	21.330	
1993-012T17:09:20.300	16.624	21.330	
1993-012T16:57:38.600	16.624	21.330	
1993-033T20:44:54.100	16.624	21.330	
1993-012T17:12:09.700	16.624	21.330	
1993-012T17:53:44.900	10.756	21.330	
1993-012T17:51:40.900	13.012	21.330	
1993-033T21:02:39.300	16.624	21.330	
1993-012T20:35:01.600	16.624	21.330	
1993-033T20:38:26.800	7.6890	21.310	
1993-012T17:16:14.600	14.333	21.310	
1993-012T16:58:30.000	14.333	21.310	
1993-012T17:25:04.000	15.427	21.310	
1993-012T20:34:37.400	15.427	21.310	
1993-012T17:10:08.700	15.427	21.310	
1993-012T17:31:58.300	15.514	21.300	
1993-012T21:24:41.100	16.190	21.300	
1993-012T17:26:19.600	16.190	21.300	
1993-012T17:38:25.500	16.190	21.300	
1993-012T19:55:57.300	16.190	21.300	
1993-033T20:44:08.800	16.190	21.300	
1993-033T21:29:44.500	15.514	21.300	
1993-033T21:01:29.800	15.514	21.300	
1993-012T17:23:06.000	16.190	21.300	
1993-012T17:31:10.000	15.514	21.300	
1993-012T20:16:07.300	16.190	21.300	
1993-012T21:10:10.000	15.514	21.300	
1993-033T21:25:18.100	16.190	21.300	
1993-012T20:29:50.000	15.514	21.300	
1993-012T20:29:50.000	16.190	21.300	
1993-033T21:14:48.600	16.190	21.300	
1993-012T17:16:14.600	16.190	21.300	
1993-033T21:33:22.300	16.190	21.300	
1993-012T17:23:30.200	16.190	21.300	
1993-012T16:56:04.800	15.514	21.300	
1993-012T17:06:34.000	16.190	21.300	
1993-012T21:23:04.300	15.514	21.300	
1993-033T21:14:48.600	16.190	21.300	
1993-012T17:08:35.000	16.190	21.300	
1993-012T17:06:09.800	16.190	21.300	
1993-033T20:57:03.500	15.514	21.300	
1993-033T21:11:10.800	16.190	21.300	
1993-012T20:32:15.200	15.514	21.300	
1993-012T21:12:59.300	16.190	21.300	
1993-033T21:18:02.400	16.190	21.300	
1993-012T16:59:18.400	15.514	21.300	
1993-012T20:39:30.800	16.190	21.300	
1993-012T17:13:49.500	16.190	21.300	
1993-012T21:06:08.000	16.190	21.300	
1993-012T20:35:28.800	16.190	21.300	
1993-012T17:29:09.000	16.190	21.300	
1993-033T21:32:58.100	15.514	21.300	
1993-012T20:39:55.000	15.514	21.300	
1993-033T21:11:10.800	16.190	21.300	
1993-012T17:31:10.000	16.190	21.300	
1993-012T20:58:52.400	15.514	21.300	
1993-012T17:10:11.700	15.514	21.300	
1993-012T16:54:28.100	16.190	21.300	
1993-012T20:58:04.000	16.190	21.300	
1993-033T20:40:55.100	15.514	21.300	
1993-012T17:35:36.100	16.190	21.300	
1993-033T21:04:19.200	16.190	21.300	
1993-012T17:08:35.000	15.514	21.300	
1993-012T16:59:42.600	16.190	21.300	
1993-012T20:32:15.200	16.190	21.300	
1993-012T17:14:13.700	15.514	21.300	
1993-012T17:25:04.000	19.718	21.280	
1993-012T16:53:12.500	9.8510	21.280	
1993-012T16:50:01.900	13.322	21.270	
1993-033T21:03:30.800	11.070	21.260	
1993-012T17:09:20.300	17.507	21.260	
1993-033T20:42:04.700	9.5830	21.260	
1993-012T20:57:12.500	9.4500	21.240	
1993-012T20:42:17.100	15.764	21.220	
1993-012T20:21:43.000	15.764	21.220	
1993-012T21:13:44.600	15.764	21.220	
1993-012T17:27:29.100	15.764	21.220	
1993-012T17:37:09.900	15.764	21.220	
1993-012T16:54:49.300	15.764	21.220	
1993-012T20:44:42.300	15.764	21.220	
1993-033T20:50:57.300	15.764	21.220	
1993-012T17:31:31.100	15.764	21.220	
1993-012T20:53:37.800	17.729	21.210	
1993-033T21:20:27.600	17.729	21.210	
1993-012T20:22:34.500	17.729	21.210	
1993-012T16:50:26.100	17.729	21.210	
1993-012T20:52:49.400	17.729	21.210	
1993-033T20:07:44.000	14.455	21.200	
1993-012T17:33:53.200	10.590	21.190	
1993-012T17:48:24.300	16.132	21.190	
1993-012T16:53:39.600	14.852	21.190	
1993-012T17:42:51.600	7.9280	21.190	
1993-012T21:02:30.200	7.9280	21.190	
1993-012T21:12:59.300	14.852	21.190	
1993-012T16:58:48.100	16.132	21.190	
1993-012T18:18:42.100	6.7640	21.190	
1993-033T20:55:50.800	7.9280	21.190	
1993-012T17:24:18.600	7.9280	21.190	
1993-012T17:06:34.000	14.852	21.190	
1993-012T21:04:55.400	14.852	21.190	
1993-012T20:30:38.400	14.852	21.190	
1993-033T20:20:20.400	8.7210	21.180	
1993-012T16:56:26.000	13.479	21.180	
1993-012T20:52:25.100	16.881	21.170	
1993-012T21:10:58.300	16.881	21.170	
1993-012T17:16:38.800	16.881	21.170	
1993-012T21:01:17.600	16.881	21.170	
1993-033T20:27:33.100	6.1090	21.170	
1993-012T20:31:26.800	16.881	21.170	
1993-012T17:15:26.300	16.881	21.170	
1993-012T20:28:13.200	16.881	21.170	
1993-012T16:53:39.600	16.881	21.170	
1993-012T20:30:38.400	16.881	21.170	
1993-033T21:18:02.400	16.881	21.170	
1993-033T21:10:46.600	16.881	21.170	
1993-033T21:13:11.800	16.881	21.170	
1993-012T21:03:42.800	16.881	21.170	
1993-012T20:29:01.600	16.881	21.170	
1993-033T20:14:17.300	16.881	21.170	
1993-033T21:18:02.400	16.881	21.170	
1993-012T21:18:14.000	8.2210	21.160	
1993-033T20:20:17.400	12.706	21.160	
1993-033T21:00:14.100	9.1880	21.160	
1993-033T20:27:57.400	12.706	21.160	
1993-033T20:50:36.100	8.2210	21.160	
1993-033T20:30:01.500	12.831	21.140	
1993-012T17:08:10.800	12.831	21.140	
1993-012T19:47:26.100	16.974	21.130	
1993-033T20:51:45.700	16.974	21.130	
1993-012T20:33:49.000	16.974	21.130	
1993-012T19:56:42.600	7.8090	21.130	
1993-012T17:21:23.100	11.743	21.130	
1993-012T16:57:38.600	16.974	21.130	
1993-012T17:14:37.900	7.6400	21.130	
1993-012T17:46:26.300	16.974	21.130	
1993-012T17:22:14.600	16.974	21.130	
1993-012T17:07:19.300	16.974	21.130	
1993-033T20:24:19.500	16.974	21.130	
1993-012T18:08:40.200	10.983	21.130	
1993-033T21:30:54.100	16.106	21.110	
1993-033T20:44:05.800	16.106	21.110	
1993-012T17:10:08.700	16.106	21.110	
1993-012T21:01:14.500	16.106	21.110	
1993-012T17:31:55.300	16.106	21.110	
1993-012T16:48:22.100	16.106	21.110	
1993-033T20:53:22.500	16.106	21.110	
1993-012T16:49:10.500	16.106	21.110	
1993-012T20:46:43.300	16.106	21.110	
1993-012T20:39:03.600	16.106	21.110	
1993-012T18:32:00.800	16.106	21.110	
1993-012T20:23:44.000	16.106	21.110	
1993-012T17:39:10.800	16.106	21.110	
1993-012T17:15:47.500	16.106	21.110	
1993-012T20:35:50.000	16.106	21.110	
1993-012T17:22:14.600	16.106	21.110	
1993-012T20:50:45.300	16.106	21.110	
1993-012T17:27:29.100	16.106	21.110	
1993-012T17:11:24.300	18.598	21.090	
1993-033T20:22:45.600	6.8090	21.080	
1993-012T20:53:31.700	11.378	21.080	
1993-033T20:36:28.800	8.5190	21.060	
1993-012T20:19:45.000	8.5190	21.060	
1993-012T20:35:22.800	16.784	21.010	
1993-012T20:15:43.100	7.3580	21.010	
1993-012T20:20:57.600	11.993	21.000	
1993-012T17:06:31.000	14.599	20.990	
1993-012T20:41:31.800	13.697	20.990	
1993-012T16:54:52.300	13.697	20.990	
1993-033T21:29:20.300	13.697	20.990	
1993-012T20:08:03.300	16.054	20.980	
1993-033T20:44:08.800	16.054	20.980	
1993-012T21:02:54.400	16.054	20.980	
1993-012T17:22:17.600	16.054	20.980	
1993-012T17:39:38.000	16.054	20.980	
1993-012T21:23:04.300	16.054	20.980	
1993-012T17:25:55.400	16.054	20.980	
1993-012T21:11:46.800	16.054	20.980	
1993-012T17:00:06.800	16.054	20.980	
1993-012T18:06:39.200	16.054	20.980	
1993-033T20:15:05.800	16.054	20.980	
1993-012T20:20:09.300	16.054	20.980	
1993-012T21:00:29.200	16.054	20.980	
1993-012T20:15:43.100	16.054	20.980	
1993-012T21:03:42.800	16.054	20.980	
1993-012T17:19:04.000	16.054	20.980	
1993-012T20:12:29.500	16.054	20.980	
1993-033T20:51:48.800	15.380	20.980	
1993-012T17:53:20.700	15.380	20.980	
1993-012T17:36:24.500	15.380	20.980	
1993-012T20:53:37.800	15.380	20.980	
1993-012T17:01:43.600	15.380	20.980	
1993-012T21:11:22.600	15.380	20.980	
1993-012T20:52:25.100	15.380	20.980	
1993-033T20:51:24.500	15.380	20.980	
1993-012T19:44:39.800	15.380	20.980	
1993-012T17:23:30.200	15.380	20.980	
1993-012T21:00:05.000	15.380	20.980	
1993-012T21:01:17.600	15.380	20.980	
1993-012T17:32:46.700	15.380	20.980	
1993-012T21:06:56.400	15.380	20.980	
1993-012T17:12:30.800	19.523	20.980	
1993-012T17:39:38.000	15.380	20.980	
1993-033T20:59:28.700	15.380	20.980	
1993-012T20:43:50.900	19.523	20.980	
1993-012T20:37:05.600	16.054	20.980	
1993-012T17:00:55.200	16.054	20.980	
1993-012T20:21:46.000	16.054	20.980	
1993-012T17:13:25.300	16.054	20.980	
1993-033T20:50:36.100	15.380	20.980	
1993-012T17:19:28.300	15.380	20.980	
1993-033T21:03:55.000	15.380	20.980	
1993-012T17:54:09.100	15.380	20.980	
1993-012T20:42:20.200	16.054	20.980	
1993-012T20:42:20.200	16.054	20.980	
1993-012T20:27:00.600	16.054	20.980	
1993-012T20:10:28.500	16.054	20.980	
1993-012T20:22:34.500	16.054	20.980	
1993-012T17:09:23.300	16.054	20.980	
1993-033T20:58:40.300	16.054	20.980	
1993-012T21:14:36.100	16.054	20.980	
1993-012T17:21:05.000	16.054	20.980	
1993-012T21:17:01.300	15.380	20.980	
1993-033T21:31:45.500	16.054	20.980	
1993-012T17:08:59.100	16.054	20.980	
1993-033T20:14:17.300	16.054	20.980	
1993-012T20:44:45.400	16.054	20.980	
1993-012T16:56:01.800	17.866	20.980	
1993-033T21:33:46.600	16.054	20.980	
1993-033T21:36:36.000	16.054	20.980	
1993-012T20:28:37.400	16.054	20.980	
1993-012T20:29:01.600	16.054	20.980	
1993-012T20:18:32.500	16.054	20.980	
1993-012T16:58:05.800	16.054	20.980	
1993-012T20:48:23.200	15.380	20.980	
1993-033T20:47:22.500	8.0250	20.980	
1993-012T17:10:35.900	16.054	20.980	
1993-012T20:48:47.300	16.054	20.980	
1993-012T20:48:23.200	16.054	20.980	
1993-012T17:15:02.100	16.054	20.980	
1993-012T17:33:10.900	14.204	20.970	
1993-012T20:52:25.100	14.204	20.970	
1993-012T20:33:52.000	14.204	20.970	
1993-033T20:28:00.400	5.6120	20.970	
1993-012T21:11:46.800	14.204	20.970	
1993-012T20:41:28.800	14.928	20.970	
1993-012T21:05:43.800	14.204	20.970	
1993-012T19:51:52.300	16.450	20.950	
1993-012T20:15:40.000	16.450	20.950	
1993-012T20:50:21.100	16.450	20.950	
1993-012T16:56:50.300	16.450	20.950	
1993-033T20:39:39.500	16.450	20.950	
1993-033T20:52:58.300	16.450	20.950	
1993-033T21:09:55.100	16.450	20.950	
1993-012T21:04:52.300	16.450	20.950	
1993-012T16:53:12.500	16.450	20.950	
1993-012T20:24:32.400	16.450	20.950	
1993-012T17:27:05.000	16.450	20.950	
1993-033T20:53:22.500	16.450	20.950	
1993-012T17:20:13.600	16.450	20.950	
1993-012T18:13:03.400	16.450	20.950	
1993-012T20:47:56.000	16.450	20.950	
1993-012T20:41:53.000	16.450	20.950	
1993-012T16:55:13.500	16.450	20.950	
1993-012T20:24:56.600	16.450	20.950	
1993-012T17:15:23.300	16.450	20.950	
1993-033T21:03:27.800	16.450	20.950	
1993-012T20:12:50.600	16.450	20.950	
1993-012T17:11:45.500	16.450	20.950	
1993-033T20:17:03.700	13.954	20.940	
1993-012T20:05:32.000	12.300	20.940	
1993-012T17:17:03.100	13.199	20.930	
1993-012T17:30:21.500	9.8730	20.920	
1993-012T17:40:47.600	15.260	20.920	
1993-033T21:20:48.800	15.260	20.920	
1993-012T20:19:17.800	15.260	20.920	
1993-012T20:30:35.400	15.260	20.920	
1993-012T17:23:03.000	15.260	20.920	
1993-033T20:52:34.100	15.260	20.920	
1993-012T20:14:27.500	15.260	20.920	
1993-012T20:02:45.600	12.859	20.920	
1993-033T20:15:27.000	15.260	20.920	
1993-012T18:22:20.000	17.328	20.900	
1993-033T20:57:48.800	17.328	20.900	
1993-033T21:09:55.100	17.328	20.900	
1993-012T17:05:42.600	17.328	20.900	
1993-033T20:50:57.300	17.328	20.900	
1993-012T17:12:36.900	17.586	20.900	
1993-033T20:40:55.100	17.586	20.900	
1993-012T17:46:05.100	16.742	20.860	
1993-012T20:33:27.800	16.742	20.860	
1993-012T20:42:44.400	16.742	20.860	
1993-033T21:14:24.500	16.742	20.860	
1993-012T17:26:19.600	16.742	20.860	
1993-012T21:06:08.000	16.742	20.860	
1993-012T17:31:58.300	16.742	20.860	
1993-012T17:02:07.800	14.721	20.860	
1993-033T21:34:35.000	14.721	20.860	
1993-012T20:42:20.200	14.721	20.860	
1993-012T20:24:35.500	16.742	20.860	
1993-012T20:45:33.800	16.742	20.860	
1993-033T20:11:03.600	16.742	20.860	
1993-012T20:45:33.800	16.742	20.860	
1993-012T17:31:07.000	8.1730	20.850	
1993-012T17:43:12.800	15.595	20.840	
1993-033T20:17:03.700	15.595	20.840	
1993-012T17:29:06.000	15.595	20.840	
1993-012T20:21:43.000	15.595	20.840	
1993-012T20:46:19.100	15.595	20.840	
1993-012T21:07:17.500	15.595	20.840	
1993-012T20:42:41.300	15.595	20.840	
1993-012T17:32:43.700	15.595	20.840	
1993-012T17:12:30.800	17.226	20.820	
1993-012T18:06:12.000	9.9870	20.810	
1993-012T20:13:14.800	9.4500	20.800	
1993-033T20:56:15.000	18.452	20.790	
1993-012T17:17:27.300	18.452	20.790	
1993-033T20:25:35.100	8.6200	20.770	
1993-033T21:20:51.900	7.8320	20.770	
1993-012T17:31:03.800	20.970	20.770	
1993-012T17:28:44.800	8.6200	20.770	
1993-012T20:40:37.300	11.378	20.770	
1993-012T20:34:37.400	16.799	20.760	
1993-012T17:55:42.800	16.799	20.760	
1993-033T20:41:19.300	10.869	20.760	
1993-033T21:20:00.300	16.799	20.760	
1993-012T17:50:52.500	16.799	20.760	
1993-012T17:08:07.800	16.799	20.760	
1993-012T17:06:31.000	16.799	20.760	
1993-033T20:11:00.600	16.799	20.760	
1993-033T21:10:43.500	16.799	20.760	
1993-012T17:29:30.100	16.799	20.760	
1993-033T20:56:36.200	16.799	20.760	
1993-033T21:00:35.300	15.917	20.750	
1993-012T17:30:45.800	8.1230	20.750	
1993-033T20:27:36.200	8.1230	20.750	
1993-012T20:49:35.800	8.1230	20.750	
1993-012T20:17:41.000	15.935	20.730	
1993-012T16:49:10.500	15.935	20.730	
1993-012T20:16:04.200	15.935	20.730	
1993-033T20:44:54.100	15.935	20.730	
1993-033T20:30:43.800	9.0710	20.730	
1993-012T20:14:03.200	15.935	20.730	
1993-012T16:56:26.000	15.935	20.730	
1993-012T20:54:47.300	15.935	20.730	
1993-012T20:53:10.500	15.935	20.730	
1993-012T20:30:59.600	15.935	20.730	
1993-012T21:03:15.600	15.935	20.730	
1993-033T20:51:21.500	15.935	20.730	
1993-012T16:58:51.200	15.935	20.730	
1993-012T16:58:51.200	15.935	20.730	
1993-033T21:15:58.300	15.935	20.730	
1993-012T17:50:28.300	15.935	20.730	
1993-012T16:59:39.600	15.935	20.730	
1993-012T19:59:53.200	18.357	20.710	
1993-012T20:43:08.600	6.6310	20.700	
1993-033T20:18:16.300	18.229	20.670	
1993-033T21:13:11.800	15.918	20.660	
1993-033T20:15:30.000	15.918	20.660	
1993-012T17:52:56.500	8.4190	20.660	
1993-012T20:45:58.000	15.918	20.660	
1993-033T21:14:00.300	15.918	20.660	
1993-012T20:20:09.300	15.918	20.660	
1993-033T21:28:31.800	15.918	20.660	
1993-033T20:11:03.600	15.918	20.660	
1993-012T16:51:38.700	15.918	20.660	
1993-012T20:43:57.000	15.918	20.660	
1993-033T20:11:03.600	8.4190	20.660	
1993-033T21:32:34.000	15.918	20.660	
1993-012T17:01:19.400	15.918	20.660	
1993-012T20:39:55.000	8.4190	20.660	
1993-012T17:19:28.300	15.918	20.660	
1993-033T20:57:27.600	15.918	20.660	
1993-033T21:34:35.000	15.918	20.660	
1993-012T20:30:38.400	15.918	20.660	
1993-033T20:15:27.000	13.012	20.660	
1993-033T21:32:09.700	13.571	20.660	
1993-033T21:01:54.000	15.918	20.660	
1993-012T21:00:29.200	15.918	20.660	
1993-012T20:16:07.300	13.571	20.660	
1993-012T20:24:35.500	13.571	20.660	
1993-033T20:39:15.200	13.012	20.660	
1993-012T17:44:49.500	13.012	20.660	
1993-012T17:14:13.700	13.571	20.660	
1993-012T20:33:03.600	15.918	20.660	
1993-033T20:46:34.000	15.918	20.660	
1993-033T20:20:20.400	15.918	20.660	
1993-012T17:31:58.300	15.918	20.660	
1993-033T21:31:45.500	15.918	20.660	
1993-012T16:51:14.500	15.918	20.660	
1993-033T21:13:11.800	15.918	20.660	
1993-012T17:25:55.400	15.918	20.660	
1993-033T21:01:54.000	15.918	20.660	
1993-012T21:13:23.600	15.918	20.660	
1993-012T17:10:35.900	15.247	20.660	
1993-012T16:52:27.100	15.247	20.660	
1993-033T21:12:23.400	15.247	20.660	
1993-033T21:15:37.100	15.918	20.660	
1993-012T20:38:42.400	15.247	20.660	
1993-012T17:49:42.900	15.247	20.660	
1993-012T20:37:05.600	15.247	20.660	
1993-012T20:39:06.600	15.247	20.660	
1993-012T17:33:35.100	15.247	20.660	
1993-012T16:58:05.800	15.247	20.660	
1993-012T21:04:31.200	15.247	20.660	
1993-012T20:07:14.900	15.247	20.660	
1993-012T16:50:26.100	15.918	20.660	
1993-012T21:09:21.600	15.918	20.660	
1993-012T20:40:43.400	15.247	20.660	
1993-012T17:37:37.100	15.247	20.660	
1993-012T20:29:50.000	15.247	20.660	
1993-012T17:29:09.000	15.918	20.660	
1993-012T20:31:51.000	15.918	20.660	
1993-012T17:38:01.300	15.918	20.660	
1993-012T20:18:08.300	15.247	20.660	
1993-012T17:36:00.300	15.247	20.660	
1993-033T21:34:10.800	15.918	20.660	
1993-012T20:27:24.800	15.918	20.660	
1993-033T21:08:21.300	15.918	20.660	
1993-012T17:17:51.500	15.918	20.660	
1993-012T20:58:28.200	15.918	20.660	
1993-012T20:41:56.000	15.918	20.660	
1993-012T20:07:39.100	15.918	20.660	
1993-012T17:33:35.100	15.247	20.660	
1993-012T20:20:33.500	15.247	20.660	
1993-012T21:10:34.100	15.918	20.660	
1993-012T17:01:19.400	15.247	20.660	
1993-033T21:14:48.600	15.918	20.660	
1993-012T20:46:46.400	15.247	20.660	
1993-033T20:08:38.400	15.918	20.660	
1993-012T20:19:45.000	14.077	20.640	
1993-012T20:49:29.700	16.348	20.640	
1993-033T21:30:08.600	14.077	20.640	
1993-012T17:38:25.500	14.077	20.640	
1993-033T21:25:18.100	14.077	20.640	
1993-033T20:50:54.300	16.348	20.640	
1993-033T21:27:43.400	14.077	20.640	
1993-033T20:27:30.100	16.348	20.640	
1993-012T21:03:18.600	14.077	20.640	
1993-012T20:14:54.600	14.077	20.640	
1993-033T21:15:12.900	14.077	20.640	
1993-012T18:23:29.600	13.850	20.630	
1993-033T20:51:21.500	6.7640	20.620	
1993-012T17:27:08.000	17.444	20.600	
1993-012T20:39:52.000	8.2970	20.600	
1993-033T21:18:50.800	17.444	20.600	
1993-012T17:25:55.400	17.444	20.600	
1993-012T20:47:10.600	17.444	20.600	
1993-012T20:47:56.000	14.763	20.590	
1993-012T20:29:47.000	14.114	20.590	
1993-012T16:48:46.300	14.114	20.590	
1993-033T20:19:07.800	9.1320	20.590	
1993-012T17:12:58.100	16.277	20.580	
1993-012T21:23:01.200	16.277	20.580	
1993-012T18:11:26.600	16.277	20.580	
1993-033T21:04:16.200	16.277	20.580	
1993-012T20:36:14.200	16.277	20.580	
1993-033T20:58:37.300	16.277	20.580	
1993-012T20:38:39.400	16.277	20.580	
1993-012T19:57:52.200	30.441	20.580	
1993-012T17:39:35.000	16.277	20.580	
1993-012T20:34:13.200	16.277	20.580	
1993-012T16:54:00.800	16.277	20.580	
1993-012T17:28:41.800	16.277	20.580	
1993-012T20:21:43.000	16.277	20.580	
1993-012T16:49:10.500	16.277	20.580	
1993-012T20:57:36.700	16.277	20.580	
1993-012T21:04:03.900	16.277	20.580	
1993-012T19:58:19.500	16.277	20.580	
1993-012T17:16:11.600	16.277	20.580	
1993-012T20:46:19.100	16.277	20.580	
1993-012T17:14:10.700	16.277	20.580	
1993-012T20:34:37.400	16.277	20.580	
1993-012T20:06:47.600	16.277	20.580	
1993-012T20:32:36.500	16.277	20.580	
1993-012T20:53:59.000	16.277	20.580	
1993-012T20:58:00.900	16.277	20.580	
1993-012T20:45:55.000	16.277	20.580	
1993-012T20:26:57.600	16.277	20.580	
1993-012T20:34:13.200	16.277	20.580	
1993-012T17:01:16.400	16.277	20.580	
1993-012T20:23:19.800	16.277	20.580	
1993-012T17:33:56.300	16.277	20.580	
1993-012T17:20:40.800	7.9280	20.570	
1993-012T20:29:50.000	6.8090	20.570	
1993-033T20:17:31.000	7.9280	20.570	
1993-012T17:17:00.100	8.8000	20.570	
1993-033T21:36:36.000	16.603	20.550	
1993-012T20:25:48.000	16.603	20.550	
1993-012T21:01:17.600	16.603	20.550	
1993-012T20:23:22.800	16.603	20.550	
1993-012T17:27:56.300	16.603	20.550	
1993-012T20:33:52.000	16.603	20.550	
1993-012T20:15:18.800	16.603	20.550	
1993-012T20:35:53.000	16.603	20.550	
1993-033T21:02:42.400	16.603	20.550	
1993-012T21:04:07.000	16.603	20.550	
1993-012T20:49:35.800	16.603	20.550	
1993-033T21:15:12.900	16.603	20.550	
1993-012T17:31:58.300	16.603	20.550	
1993-012T16:49:37.700	16.603	20.550	
1993-012T17:08:59.100	16.603	20.550	
1993-012T17:27:32.100	16.603	20.550	
1993-012T17:34:47.700	16.603	20.550	
1993-033T20:18:43.600	16.603	20.550	
1993-012T17:33:59.300	16.603	20.550	
1993-033T20:09:02.600	16.603	20.550	
1993-033T20:56:15.000	16.603	20.550	
1993-012T20:35:28.800	16.603	20.550	
1993-012T17:35:11.900	16.603	20.550	
1993-033T21:20:03.400	16.603	20.550	
1993-033T20:07:50.000	16.603	20.550	
1993-012T17:25:04.000	17.151	20.540	
1993-033T21:12:47.600	14.591	20.540	
1993-012T20:50:24.200	14.591	20.540	
1993-012T17:07:43.500	17.151	20.540	
1993-012T18:15:52.800	17.151	20.540	
1993-012T17:34:23.500	14.591	20.540	
1993-012T16:48:46.300	17.151	20.540	
1993-012T17:28:44.800	14.591	20.540	
1993-012T20:22:10.200	14.591	20.540	
1993-033T20:45:42.600	17.151	20.540	
1993-033T20:23:34.100	7.6400	20.540	
1993-012T21:06:32.200	8.2210	20.510	
1993-033T20:19:32.000	8.2210	20.510	
1993-012T17:50:01.100	19.999	20.510	
1993-012T17:10:08.700	5.7940	20.500	
1993-012T20:22:10.200	18.306	20.500	
1993-012T17:17:45.300	16.784	20.490	
1993-012T20:54:47.300	15.427	20.470	
1993-012T20:24:32.400	15.427	20.470	
1993-012T17:17:00.100	15.427	20.470	
1993-012T16:50:20.000	21.216	20.470	
1993-012T20:45:06.500	15.427	20.470	
1993-012T16:49:34.700	15.427	20.470	
1993-012T17:31:55.300	15.427	20.470	
1993-033T20:18:40.500	15.427	20.470	
1993-033T20:30:01.500	8.7210	20.470	
1993-012T20:06:50.600	8.7210	20.470	
1993-012T20:23:44.000	15.427	20.470	
1993-012T20:20:33.500	12.589	20.450	
1993-033T20:52:31.100	9.7320	20.440	
1993-012T17:21:02.000	16.624	20.400	
1993-012T20:07:14.900	10.756	20.400	
1993-012T17:06:31.000	16.624	20.400	
1993-012T18:05:47.800	16.624	20.400	
1993-012T17:23:51.400	16.624	20.400	
1993-012T20:32:12.200	16.624	20.400	
1993-033T21:01:51.000	16.624	20.400	
1993-012T17:01:40.600	16.624	20.400	
1993-012T17:42:48.600	16.624	20.400	
1993-012T17:24:39.800	16.624	20.400	
1993-012T17:28:17.600	16.624	20.400	
1993-012T17:06:06.800	16.624	20.400	
1993-012T20:19:42.000	16.624	20.400	
1993-012T17:27:05.000	16.624	20.400	
1993-033T20:38:02.600	16.624	20.400	
1993-012T20:53:10.500	16.624	20.400	
1993-012T17:43:15.800	10.756	20.400	
1993-012T17:01:16.400	16.624	20.400	
1993-012T20:23:19.800	16.624	20.400	
1993-012T20:20:30.400	16.624	20.400	
1993-012T17:18:12.600	16.624	20.400	
1993-012T17:54:03.000	17.004	20.390	
1993-012T17:02:25.900	17.004	20.390	
1993-012T21:02:24.100	17.004	20.390	
1993-012T19:56:39.600	17.004	20.390	
1993-033T20:28:18.500	17.004	20.390	
1993-012T17:33:32.100	13.167	20.380	
1993-012T16:58:23.900	20.725	20.380	
1993-012T17:19:28.300	8.5190	20.380	
1993-033T21:27:19.200	8.5190	20.380	
1993-012T20:55:14.500	8.5190	20.380	
1993-012T18:04:08.000	14.866	20.370	
1993-012T19:47:50.300	8.0510	20.370	
1993-012T20:33:24.800	15.764	20.360	
1993-012T20:44:42.300	15.764	20.360	
1993-033T20:59:25.700	15.764	20.360	
1993-012T16:53:36.600	15.764	20.360	
1993-012T17:25:28.200	15.764	20.360	
1993-012T16:53:36.600	15.764	20.360	
1993-012T20:17:16.800	15.764	20.360	
1993-012T20:27:21.800	15.764	20.360	
1993-012T20:06:23.500	15.764	20.360	
1993-012T17:33:32.100	15.764	20.360	
1993-033T20:19:07.800	7.7360	20.360	
1993-012T18:10:38.100	15.764	20.360	
1993-012T20:00:20.500	15.764	20.360	
1993-033T20:10:12.200	15.764	20.360	
1993-012T20:24:11.200	7.7360	20.360	
1993-012T17:40:23.500	15.764	20.360	
1993-012T20:47:56.000	15.764	20.360	
1993-012T17:09:44.500	15.764	20.360	
1993-033T20:08:38.400	7.7360	20.360	
1993-012T17:15:23.300	15.764	20.360	
1993-012T20:38:39.400	15.764	20.360	
1993-033T20:51:24.500	7.7360	20.360	
1993-012T20:46:22.100	15.783	20.350	
1993-012T20:33:52.000	8.0250	20.350	
1993-012T21:13:23.600	15.783	20.350	
1993-033T21:36:36.000	8.0250	20.350	
1993-033T20:46:09.800	15.783	20.350	
1993-012T17:34:47.700	15.783	20.350	
1993-012T17:36:48.700	15.783	20.350	
1993-012T21:22:40.100	15.783	20.350	
1993-012T17:18:39.800	15.783	20.350	
1993-012T17:23:54.400	15.783	20.350	
1993-012T20:28:37.400	15.783	20.350	
1993-012T20:23:22.800	15.783	20.350	
1993-012T16:54:03.800	15.783	20.350	
1993-012T21:20:39.100	15.783	20.350	
1993-033T20:17:06.700	15.783	20.350	
1993-012T21:21:51.700	15.783	20.350	
1993-012T17:45:41.000	15.783	20.350	
1993-012T17:07:46.500	15.783	20.350	
1993-012T20:49:60.000	15.783	20.350	
1993-033T21:28:07.600	15.783	20.350	
1993-012T17:21:53.400	15.783	20.350	
1993-012T20:39:55.000	15.783	20.350	
1993-012T17:19:52.500	5.9420	20.350	
1993-012T16:59:42.600	15.783	20.350	
1993-012T21:02:30.200	15.783	20.350	
1993-012T20:30:14.200	15.783	20.350	
1993-012T20:09:40.100	15.783	20.350	
1993-012T20:48:23.200	15.783	20.350	
1993-012T21:03:42.800	15.783	20.350	
1993-033T20:34:48.900	9.3180	20.350	
1993-033T20:57:03.500	15.783	20.350	
1993-012T20:51:36.800	15.783	20.350	
1993-012T16:58:54.200	15.783	20.350	
1993-012T17:18:39.800	15.783	20.350	
1993-012T20:31:51.000	15.783	20.350	
1993-033T21:14:24.500	15.783	20.350	
1993-033T21:18:26.600	15.783	20.350	
1993-033T20:07:50.000	15.783	20.350	
1993-033T20:42:56.100	15.783	20.350	
1993-012T20:24:11.200	15.783	20.350	
1993-012T17:40:50.600	15.115	20.340	
1993-012T20:53:13.600	15.115	20.340	
1993-033T21:01:29.800	15.115	20.340	
1993-012T17:14:31.800	15.492	20.340	
1993-012T20:39:49.000	15.492	20.340	
1993-033T21:27:19.200	15.115	20.340	
1993-012T20:41:31.800	15.115	20.340	
1993-012T17:37:12.900	15.115	20.340	
1993-033T20:46:58.200	15.115	20.340	
1993-012T17:15:02.100	13.447	20.330	
1993-012T17:18:15.600	13.447	20.330	
1993-012T17:12:36.900	13.447	20.330	
1993-012T17:32:40.600	9.2340	20.330	
1993-012T17:17:51.500	13.950	20.320	
1993-012T20:18:05.200	18.047	20.320	
1993-033T20:58:16.100	13.950	20.320	
1993-012T18:02:58.400	22.060	20.320	
1993-012T21:02:30.200	13.950	20.320	
1993-012T17:06:09.800	17.302	20.300	
1993-012T17:30:45.800	17.302	20.300	
1993-033T20:52:13.000	17.302	20.300	
1993-012T17:19:28.300	17.302	20.300	
1993-033T20:38:54.000	17.302	20.300	
1993-033T20:34:00.500	7.6890	20.300	
1993-012T20:16:07.300	17.302	20.300	
1993-012T20:53:13.600	17.302	20.300	
1993-033T21:11:10.800	17.302	20.300	
1993-012T20:27:43.000	14.050	20.280	
1993-033T20:36:25.800	17.507	20.270	
1993-012T20:41:50.000	15.917	20.260	
1993-012T20:29:01.600	8.3200	20.260	
1993-012T20:22:10.200	8.3200	20.260	
1993-033T20:25:35.100	8.3200	20.260	
1993-012T20:52:01.000	12.953	20.260	
1993-012T17:05:18.300	20.484	20.260	
1993-012T17:21:05.000	8.3200	20.260	
1993-033T20:51:48.800	8.3200	20.260	
1993-033T21:20:27.600	8.3200	20.260	
1993-012T17:12:36.900	16.465	20.250	
1993-012T20:22:10.200	16.465	20.250	
1993-012T20:44:21.100	16.465	20.250	
1993-012T17:41:39.000	16.465	20.250	
1993-033T21:30:57.100	16.465	20.250	
1993-012T20:31:02.600	16.465	20.250	
1993-033T20:24:22.500	16.465	20.250	
1993-012T17:13:25.300	16.465	20.250	
1993-033T20:24:46.700	16.465	20.250	
1993-012T17:13:25.300	16.465	20.250	
1993-012T16:53:15.500	16.465	20.250	
1993-012T17:13:25.300	16.465	20.250	
1993-012T20:31:51.000	16.465	20.250	
1993-012T20:33:27.800	16.465	20.250	
1993-012T18:00:12.000	16.465	20.250	
1993-012T20:42:20.200	16.465	20.250	
1993-033T21:00:17.100	16.465	20.250	
1993-033T21:00:41.300	16.465	20.250	
1993-012T17:54:33.300	16.465	20.250	
1993-012T17:10:35.900	16.465	20.250	
1993-012T17:19:52.500	16.465	20.250	
1993-012T20:53:13.600	16.465	20.250	
1993-033T21:26:55.000	16.465	20.250	
1993-012T16:54:28.100	16.465	20.250	
1993-012T21:06:08.000	16.465	20.250	
1993-012T20:49:35.800	16.465	20.250	
1993-012T20:26:36.400	16.465	20.250	
1993-033T21:34:59.200	16.465	20.250	
1993-012T17:50:31.300	16.465	20.250	
1993-012T17:22:17.600	16.465	20.250	
1993-012T17:24:18.600	16.465	20.250	
1993-012T17:00:55.200	16.465	20.250	
1993-012T17:01:43.600	16.465	20.250	
1993-012T16:49:13.500	16.465	20.250	
1993-012T20:06:50.600	16.465	20.250	
1993-012T21:00:53.400	16.465	20.250	
1993-012T20:16:07.300	16.465	20.250	
1993-012T16:59:15.400	8.2970	20.230	
1993-012T20:36:38.400	16.106	20.220	
1993-012T20:41:53.000	14.275	20.220	
1993-012T17:30:42.800	16.106	20.220	
1993-012T20:45:30.800	16.106	20.220	
1993-033T20:15:02.800	16.106	20.220	
1993-012T20:18:32.500	9.2360	20.220	
1993-012T17:38:46.700	14.275	20.220	
1993-012T17:41:36.000	16.106	20.220	
1993-012T17:37:58.300	16.106	20.220	
1993-012T20:58:28.200	14.462	20.220	
1993-012T20:53:13.600	14.462	20.220	
1993-012T20:21:21.800	14.462	20.220	
1993-033T20:59:01.500	16.106	20.220	
1993-012T17:58:35.300	9.2360	20.220	
1993-012T18:06:39.200	14.462	20.220	
1993-012T16:48:49.300	14.462	20.220	
1993-012T20:45:33.800	14.462	20.220	
1993-033T20:25:32.100	16.106	20.220	
1993-012T17:29:30.100	16.106	20.220	
1993-012T21:19:50.700	14.462	20.220	
1993-012T17:41:36.000	16.106	20.220	
1993-012T20:52:01.000	14.462	20.220	
1993-012T17:13:01.100	14.462	20.220	
1993-012T17:43:37.000	16.106	20.220	
1993-012T20:08:27.500	14.462	20.220	
1993-012T17:06:55.100	16.106	20.220	
1993-033T21:26:55.000	14.462	20.220	
1993-012T21:11:43.600	16.106	20.220	
1993-012T17:20:37.800	16.106	20.220	
1993-012T17:02:29.000	16.106	20.220	
1993-012T17:27:53.300	16.106	20.220	
1993-012T20:18:53.600	16.106	20.220	
1993-012T19:57:31.100	16.106	20.220	
1993-033T20:15:51.100	16.106	20.220	
1993-012T20:53:37.800	14.462	20.220	
1993-012T17:46:23.300	16.132	20.210	
1993-012T20:22:52.600	16.132	20.210	
1993-012T20:39:49.000	16.132	20.210	
1993-012T17:02:29.000	14.599	20.210	
1993-012T17:22:11.500	16.132	20.210	
1993-012T18:17:53.800	14.599	20.210	
1993-033T20:20:41.600	13.954	20.200	
1993-012T17:38:49.700	9.0280	20.200	
1993-033T20:23:52.300	10.071	20.180	
1993-012T17:50:49.500	26.718	20.180	
1993-012T20:12:02.300	16.974	20.180	
1993-012T18:00:30.200	17.449	20.170	
1993-012T17:31:31.100	14.928	20.170	
1993-012T18:02:13.000	5.6120	20.170	
1993-012T20:17:13.800	13.652	20.170	
1993-012T17:31:03.800	21.464	20.160	
1993-012T17:42:03.200	7.8320	20.160	
1993-033T21:29:41.500	13.636	20.160	
1993-012T17:34:20.500	10.538	20.140	
1993-033T20:07:44.000	16.348	20.140	
1993-012T16:49:31.600	16.348	20.140	
1993-012T17:27:26.100	16.348	20.140	
1993-012T20:25:23.800	7.5460	20.130	
1993-033T21:31:42.500	8.1730	20.130	
1993-012T19:57:09.900	7.5460	20.130	
1993-012T16:58:51.200	12.554	20.120	
1993-033T20:36:53.000	8.1230	20.120	
1993-012T17:58:05.000	19.760	20.120	
1993-012T20:31:02.600	8.1230	20.120	
1993-012T17:11:18.200	10.415	20.110	
1993-012T17:02:29.000	8.6730	20.110	
1993-033T21:03:03.600	15.260	20.100	
1993-012T20:17:41.000	15.260	20.100	
1993-033T20:30:01.500	9.8730	20.100	
1993-012T17:12:58.100	15.260	20.100	
1993-033T21:33:43.500	15.260	20.100	
1993-012T20:29:19.800	16.565	20.060	
1993-033T20:40:55.100	15.648	20.050	
1993-012T20:39:30.800	15.648	20.050	
1993-012T20:21:21.800	15.648	20.050	
1993-012T17:27:32.100	15.648	20.050	
1993-012T16:53:15.500	15.648	20.050	
1993-012T17:09:41.400	6.5230	20.050	
1993-012T17:02:56.200	15.648	20.050	
1993-033T20:34:03.500	15.648	20.050	
1993-012T16:57:59.700	6.5230	20.050	
1993-012T20:23:22.800	15.648	20.050	
1993-012T21:00:29.200	15.648	20.050	
1993-012T20:28:13.200	15.648	20.050	
1993-033T21:33:22.300	15.648	20.050	
1993-033T21:14:48.600	15.648	20.050	
1993-012T20:17:19.800	15.648	20.050	
1993-033T20:38:26.800	6.7640	20.050	
1993-033T20:47:22.500	15.648	20.050	
1993-033T20:48:10.800	15.648	20.050	
1993-033T20:37:17.200	15.648	20.050	
1993-012T17:05:21.300	15.648	20.050	
1993-012T20:46:22.100	15.648	20.050	
1993-012T20:32:15.200	15.648	20.050	
1993-012T21:17:01.300	15.648	20.050	
1993-033T21:11:10.800	15.648	20.050	
1993-012T20:04:01.300	15.648	20.050	
1993-012T20:27:00.600	15.648	20.050	
1993-012T17:18:39.800	15.648	20.050	
1993-012T16:56:29.000	15.648	20.050	
1993-012T20:37:54.000	15.648	20.050	
1993-012T20:25:23.800	15.648	20.050	
1993-012T20:16:55.600	15.648	20.050	
1993-012T17:57:46.800	15.648	20.050	
1993-012T16:57:17.500	15.648	20.050	
1993-033T20:18:19.300	15.648	20.050	
1993-012T20:10:52.600	15.648	20.050	
1993-012T20:18:56.600	15.648	20.050	
1993-012T20:07:39.100	15.648	20.050	
1993-012T17:23:27.200	16.450	20.040	
1993-012T20:40:40.300	16.450	20.040	
1993-012T17:12:09.700	16.450	20.040	
1993-012T17:21:29.200	5.4500	20.040	
1993-012T17:21:26.200	16.450	20.040	
1993-012T17:10:32.900	16.450	20.040	
1993-033T20:22:42.600	16.450	20.040	
1993-012T20:39:52.000	16.450	20.040	
1993-012T21:16:34.100	16.450	20.040	
1993-012T17:28:17.600	16.450	20.040	
1993-012T16:48:22.100	16.450	20.040	
1993-012T18:13:27.600	16.450	20.040	
1993-012T17:21:02.000	16.450	20.040	
1993-012T17:00:28.000	16.450	20.040	
1993-012T20:18:05.200	16.450	20.040	
1993-033T20:17:03.700	11.229	20.040	
1993-012T16:49:10.500	16.450	20.040	
1993-012T20:18:29.500	16.450	20.040	
1993-012T20:28:13.200	10.644	20.040	
1993-012T17:02:04.800	16.450	20.040	
1993-012T17:05:42.600	16.450	20.040	
1993-012T20:26:54.600	17.674	20.040	
1993-012T16:56:26.000	16.450	20.040	
1993-012T17:45:37.900	16.450	20.040	
1993-012T20:52:25.100	14.983	20.030	
1993-033T20:59:52.900	14.983	20.030	
1993-033T21:12:23.400	14.983	20.030	
1993-012T20:32:39.500	14.983	20.030	
1993-012T20:48:47.300	14.983	20.030	
1993-012T17:38:01.300	14.983	20.030	
1993-033T21:08:21.300	14.983	20.030	
1993-012T20:15:43.100	14.983	20.030	
1993-012T21:10:10.000	14.983	20.030	
1993-012T20:41:31.800	14.983	20.030	
1993-012T17:11:45.500	5.7940	20.030	
1993-012T20:54:26.100	17.161	20.010	
1993-012T20:41:56.000	13.322	20.010	
1993-012T17:42:51.600	17.161	20.010	
1993-033T21:16:01.300	17.161	20.010	
1993-012T16:54:03.800	17.161	20.010	
1993-012T17:13:25.300	13.322	20.010	
1993-012T17:48:30.300	17.161	20.010	
1993-012T19:51:31.100	17.161	20.010	
1993-012T17:19:04.000	17.161	20.010	
1993-012T16:49:13.500	17.161	20.010	
1993-012T20:34:37.400	15.595	20.000	
1993-033T20:57:03.500	13.823	20.000	
1993-033T21:10:19.300	15.595	20.000	
1993-012T17:22:14.600	15.595	20.000	
1993-012T20:48:44.300	15.595	20.000	
1993-012T17:16:35.800	15.595	20.000	
1993-033T20:23:58.300	13.823	20.000	
1993-012T17:21:50.400	15.595	20.000	
1993-033T21:19:15.000	13.823	20.000	
1993-012T20:20:30.400	15.595	20.000	
1993-012T21:01:38.800	15.595	20.000	
1993-012T20:43:54.000	15.595	20.000	
1993-012T18:02:31.100	8.5910	20.000	
1993-012T17:37:58.300	15.595	20.000	
1993-012T20:24:59.600	13.823	20.000	
1993-012T20:48:44.300	15.595	20.000	
1993-012T21:04:03.900	15.595	20.000	
1993-033T21:01:26.700	15.595	20.000	
1993-012T17:04:54.100	15.595	20.000	
1993-012T20:32:36.500	15.595	20.000	
1993-012T18:07:03.400	8.4190	19.990	
1993-012T16:52:45.100	16.784	19.970	
1993-012T20:31:48.000	17.866	19.970	
1993-012T17:50:01.100	16.784	19.970	
1993-012T17:45:10.700	16.784	19.970	
1993-033T20:32:44.800	18.587	19.960	
1993-012T17:02:56.200	16.327	19.950	
1993-012T17:08:59.100	16.327	19.950	
1993-012T20:37:54.000	16.327	19.950	
1993-012T17:05:45.600	16.327	19.950	
1993-012T17:40:50.600	16.327	19.950	
1993-033T21:19:15.000	16.327	19.950	
1993-012T20:54:50.400	16.327	19.950	
1993-012T17:18:15.600	16.327	19.950	
1993-012T17:49:18.700	16.327	19.950	
1993-012T17:58:35.300	7.9280	19.950	
1993-033T21:13:11.800	16.327	19.950	
1993-012T21:17:01.300	16.327	19.950	
1993-012T20:21:46.000	16.327	19.950	
1993-012T17:16:38.800	16.327	19.950	
1993-033T20:15:30.000	16.327	19.950	
1993-012T18:21:34.600	16.327	19.950	
1993-033T20:59:52.900	16.327	19.950	
1993-012T20:33:03.600	16.327	19.950	
1993-033T20:28:48.800	16.327	19.950	
1993-012T21:02:30.200	16.327	19.950	
1993-012T16:49:13.500	16.327	19.950	
1993-012T17:08:59.100	16.327	19.950	
1993-012T17:38:01.300	16.327	19.950	
1993-033T20:17:55.100	16.327	19.950	
1993-012T17:21:05.000	16.327	19.950	
1993-012T20:28:13.200	16.327	19.950	
1993-012T20:14:54.600	16.327	19.950	
1993-012T17:12:12.700	16.327	19.950	
1993-012T17:19:25.300	12.253	19.950	
1993-012T17:23:06.000	16.327	19.950	
1993-012T16:51:38.700	16.327	19.950	
1993-033T21:14:48.600	16.327	19.950	
1993-012T17:40:50.600	16.327	19.950	
1993-033T21:03:06.600	16.327	19.950	
1993-033T21:34:35.000	16.327	19.950	
1993-012T20:25:48.000	16.327	19.950	
1993-012T16:49:13.500	16.327	19.950	
1993-012T17:06:58.100	16.327	19.950	
1993-012T20:55:14.500	16.327	19.950	
1993-012T20:30:14.200	16.327	19.950	
1993-012T17:52:08.100	19.040	19.940	
1993-012T20:33:03.600	12.831	19.930	
1993-012T17:42:27.400	12.831	19.930	
1993-012T18:15:28.600	17.328	19.930	
1993-012T21:02:03.000	17.328	19.930	
1993-012T21:04:03.900	17.328	19.930	
1993-033T20:44:05.800	17.328	19.930	
1993-012T17:28:44.800	12.831	19.930	
1993-012T17:14:37.900	12.831	19.930	
1993-012T20:37:29.800	14.333	19.910	
1993-012T20:40:43.400	14.333	19.910	
1993-012T17:22:17.600	14.333	19.910	
1993-033T20:22:45.600	14.333	19.910	
1993-012T17:53:20.700	14.333	19.910	
1993-033T20:45:45.600	14.333	19.910	
1993-033T20:24:16.500	14.252	19.900	
1993-012T20:26:30.400	12.300	19.900	
1993-012T20:22:04.200	17.900	19.890	
1993-012T17:27:29.100	8.2970	19.870	
1993-033T21:30:08.600	8.2210	19.870	
1993-012T17:12:36.900	8.2210	19.870	
1993-033T21:13:36.000	8.2210	19.870	
1993-012T20:36:35.300	17.004	19.870	
1993-033T20:45:45.600	8.2210	19.870	
1993-033T20:10:39.500	8.2210	19.870	
1993-012T20:28:55.600	17.004	19.870	
1993-012T20:06:47.600	12.706	19.870	
1993-012T17:50:25.300	17.004	19.870	
1993-012T17:55:39.800	19.999	19.870	
1993-012T20:30:14.200	8.2210	19.870	
1993-033T20:21:08.800	8.2210	19.870	
1993-012T20:20:33.500	8.2210	19.870	
1993-012T20:35:01.600	15.935	19.860	
1993-012T17:11:21.300	15.935	19.860	
1993-012T16:50:47.300	15.935	19.860	
1993-033T20:43:44.600	10.310	19.860	
1993-033T20:40:27.800	15.935	19.860	
1993-012T17:10:57.100	15.935	19.860	
1993-012T17:33:32.100	15.935	19.860	
1993-012T17:30:18.500	15.935	19.860	
1993-012T19:51:28.100	15.935	19.860	
1993-012T16:55:13.500	15.935	19.860	
1993-012T16:51:59.900	15.935	19.860	
1993-033T21:13:57.200	15.935	19.860	
1993-033T21:34:07.800	15.935	19.860	
1993-012T20:35:25.800	15.935	19.860	
1993-012T20:30:35.400	15.935	19.860	
1993-012T17:39:59.200	15.935	19.860	
1993-033T20:55:47.800	15.935	19.860	
1993-012T16:57:38.600	15.935	19.860	
1993-012T20:55:11.500	15.935	19.860	
1993-012T16:58:27.000	15.935	19.860	
1993-012T17:00:28.000	15.935	19.860	
1993-033T20:18:16.300	15.935	19.860	
1993-012T17:12:58.100	15.935	19.860	
1993-012T20:48:44.300	15.935	19.860	
1993-033T20:45:21.400	9.1320	19.850	
1993-012T16:58:02.800	14.114	19.850	
1993-033T20:28:21.600	14.436	19.840	
1993-012T17:44:28.300	6.4550	19.840	
1993-033T20:46:09.800	9.3410	19.840	
1993-012T17:11:45.500	14.436	19.840	
1993-012T19:55:05.900	14.436	19.840	
1993-033T20:28:21.600	16.799	19.830	
1993-012T20:20:54.600	16.799	19.830	
1993-012T21:16:34.100	16.799	19.830	
1993-012T17:16:11.600	16.799	19.830	
1993-012T17:41:11.800	16.799	19.830	
1993-012T18:11:26.600	16.799	19.830	
1993-012T17:08:07.800	16.799	19.830	
1993-012T18:09:49.800	16.799	19.830	
1993-033T21:14:21.400	16.799	19.830	
1993-012T17:52:53.500	8.9280	19.830	
1993-033T20:50:57.300	16.799	19.830	
1993-012T16:56:01.800	16.799	19.830	
1993-012T21:14:08.800	16.799	19.830	
1993-012T18:06:57.300	7.0850	19.810	
1993-033T20:28:48.800	9.5520	19.800	
1993-012T20:30:59.600	14.763	19.800	
1993-012T17:22:14.600	14.763	19.800	
1993-012T17:05:39.500	15.917	19.790	
1993-012T17:05:15.300	15.917	19.790	
1993-033T20:50:54.300	15.917	19.790	
1993-033T21:09:58.100	12.349	19.790	
1993-012T19:55:51.300	13.652	19.780	
1993-012T16:50:47.300	13.479	19.780	
1993-012T16:51:11.500	13.479	19.780	
1993-012T18:19:30.500	13.479	19.780	
1993-012T20:20:57.600	8.7210	19.780	
1993-012T17:15:23.300	8.1730	19.770	
1993-012T20:18:26.400	18.819	19.760	
1993-012T20:26:06.100	17.226	19.760	
1993-012T20:46:46.400	15.514	19.750	
1993-012T20:52:01.000	15.514	19.750	
1993-012T20:02:00.300	15.514	19.750	
1993-012T17:00:06.800	15.514	19.750	
1993-012T21:00:05.000	15.514	19.750	
1993-012T17:25:31.200	15.514	19.750	
1993-012T20:54:26.100	15.514	19.750	
1993-033T21:21:16.100	15.514	19.750	
1993-033T21:04:43.500	15.514	19.750	
1993-012T17:51:43.900	15.514	19.750	
1993-012T20:25:23.800	15.514	19.750	
1993-033T21:00:17.100	15.514	19.750	
1993-012T20:25:48.000	15.514	19.750	
1993-012T20:31:26.800	15.514	19.750	
1993-033T20:44:33.000	15.514	19.750	
1993-012T16:52:27.100	15.514	19.750	
1993-033T20:41:19.300	15.514	19.750	
1993-012T17:29:09.000	15.514	19.750	
1993-012T20:44:21.100	15.514	19.750	
1993-033T20:08:38.400	15.514	19.750	
1993-012T17:24:42.800	15.514	19.750	
1993-012T20:20:57.600	15.514	19.750	
1993-012T20:24:11.200	15.514	19.750	
1993-012T20:29:25.800	15.514	19.750	
1993-033T21:03:30.800	15.514	19.750	
1993-012T20:33:03.600	15.514	19.750	
1993-012T17:19:52.500	15.514	19.750	
1993-012T16:55:40.600	15.514	19.750	
1993-012T16:54:28.100	15.514	19.750	
1993-012T17:39:38.000	15.514	19.750	
1993-012T20:38:42.400	15.514	19.750	
1993-012T17:12:09.700	15.093	19.740	
1993-012T16:53:12.500	15.093	19.740	
1993-012T20:19:17.800	15.093	19.740	
1993-012T16:54:49.300	15.093	19.740	
1993-012T17:09:44.500	15.093	19.740	
1993-033T21:13:11.800	14.852	19.730	
1993-033T20:20:20.400	14.852	19.730	
1993-033T20:57:21.600	8.9100	19.730	
1993-012T17:00:31.000	14.852	19.730	
1993-033T20:47:46.600	14.852	19.730	
1993-033T20:58:16.100	14.852	19.730	
1993-012T20:48:23.200	14.852	19.730	
1993-012T20:48:47.300	14.852	19.730	
1993-012T17:27:26.100	19.523	19.720	
1993-033T20:14:41.500	8.0250	19.720	
1993-033T20:04:06.000	13.454	19.720	
1993-012T20:30:14.200	8.0250	19.720	
1993-012T20:22:34.500	8.0250	19.720	
1993-012T16:55:58.700	16.132	19.720	
1993-012T20:16:07.300	17.021	19.720	
1993-012T18:11:26.600	8.6730	19.720	
1993-012T17:40:50.600	8.0250	19.720	
1993-012T17:25:04.000	8.6730	19.720	
1993-033T19:51:41.500	17.021	19.720	
1993-012T19:55:30.100	8.6730	19.720	
1993-012T17:54:33.300	17.021	19.720	
1993-033T21:25:18.100	17.021	19.720	
1993-012T17:52:56.500	17.021	19.720	
1993-012T17:07:22.300	17.021	19.720	
1993-012T20:59:58.900	16.132	19.720	
1993-033T20:09:51.000	8.0250	19.720	
1993-012T20:14:54.600	8.0250	19.720	
1993-012T20:19:20.800	17.021	19.720	
1993-012T17:56:58.500	8.0250	19.720	
1993-033T21:02:42.400	17.021	19.720	
1993-012T17:00:00.700	16.132	19.720	
1993-012T17:35:33.100	13.167	19.700	
1993-012T20:26:36.400	8.5190	19.700	
1993-012T17:40:47.600	16.277	19.690	
1993-012T20:10:25.500	16.277	19.690	
1993-012T16:59:15.400	16.277	19.690	
1993-012T20:45:06.500	16.277	19.690	
1993-033T21:26:52.000	16.277	19.690	
1993-012T17:45:41.000	13.199	19.690	
1993-012T20:41:04.600	16.277	19.690	
1993-012T20:37:51.000	16.277	19.690	
1993-012T20:27:21.800	16.277	19.690	
1993-012T17:09:44.500	16.277	19.690	
1993-033T20:56:12.000	16.277	19.690	
1993-012T20:37:02.600	16.277	19.690	
1993-012T20:22:31.400	16.277	19.690	
1993-012T18:20:22.000	10.532	19.690	
1993-012T20:29:22.800	16.277	19.690	
1993-012T19:52:16.500	16.277	19.690	
1993-012T20:12:02.300	20.872	19.690	
1993-012T21:05:16.500	16.277	19.690	
1993-033T20:15:51.100	16.277	19.690	
1993-012T20:35:25.800	16.277	19.690	
1993-033T21:14:45.600	16.277	19.690	
1993-012T21:00:01.900	16.277	19.690	
1993-012T17:11:00.100	13.199	19.690	
1993-012T20:38:39.400	16.277	19.690	
1993-012T20:11:13.800	16.277	19.690	
1993-033T21:14:45.600	16.277	19.690	
1993-012T19:48:14.500	16.277	19.690	
1993-012T17:20:40.800	13.697	19.680	
1993-033T20:22:21.500	13.697	19.680	
1993-012T17:15:26.300	13.697	19.680	
1993-012T19:56:18.500	21.660	19.680	
1993-033T21:28:56.000	13.697	19.680	
1993-012T20:42:44.400	5.4500	19.660	
1993-012T19:56:15.500	11.198	19.660	
1993-012T17:39:38.000	18.892	19.660	
1993-012T20:18:02.200	16.348	19.650	
1993-012T17:18:58.000	10.071	19.650	
1993-012T16:57:17.500	16.190	19.650	
1993-012T17:02:56.200	16.190	19.650	
1993-012T20:11:16.800	16.190	19.650	
1993-012T16:55:40.600	16.190	19.650	
1993-012T16:58:48.100	16.348	19.650	
1993-033T20:58:40.300	16.190	19.650	
1993-033T20:07:50.000	16.190	19.650	
1993-012T21:23:28.500	16.190	19.650	
1993-012T20:27:00.600	16.190	19.650	
1993-012T20:53:31.700	16.348	19.650	
1993-033T20:07:01.500	16.190	19.650	
1993-012T21:11:46.800	16.190	19.650	
1993-033T21:21:16.100	16.190	19.650	
1993-012T16:48:00.900	16.190	19.650	
1993-033T21:36:36.000	16.190	19.650	
1993-012T17:27:56.300	16.190	19.650	
1993-012T17:21:47.300	16.348	19.650	
1993-033T20:18:43.600	16.190	19.650	
1993-012T21:10:34.100	16.190	19.650	
1993-033T20:56:09.000	16.348	19.650	
1993-012T16:57:17.500	16.190	19.650	
1993-012T20:27:24.800	16.190	19.650	
1993-012T17:52:50.500	6.8010	19.650	
1993-033T20:33:39.300	16.190	19.650	
1993-033T21:08:21.300	16.190	19.650	
1993-033T20:15:05.800	16.190	19.650	
1993-012T20:43:32.800	16.190	19.650	
1993-012T20:40:19.200	16.190	19.650	
1993-012T20:10:28.500	16.190	19.650	
1993-033T21:13:11.800	16.190	19.650	
1993-033T20:35:16.100	16.190	19.650	
1993-012T17:51:43.900	16.190	19.650	
1993-012T20:10:04.300	16.190	19.650	
1993-012T20:39:30.800	16.190	19.650	
1993-012T17:44:52.600	16.190	19.650	
1993-012T21:11:22.600	16.190	19.650	
1993-012T20:21:21.800	16.190	19.650	
1993-012T17:06:34.000	16.190	19.650	
1993-012T17:34:23.500	16.190	19.650	
1993-012T17:23:54.400	16.190	19.650	
1993-012T20:37:05.600	16.190	19.650	
1993-012T21:02:06.000	16.190	19.650	
1993-012T17:35:05.800	16.348	19.650	
1993-012T20:48:47.300	16.190	19.650	
1993-033T21:02:42.400	16.190	19.650	
1993-012T20:44:45.400	16.190	19.650	
1993-012T20:10:52.600	16.190	19.650	
1993-012T21:10:58.300	16.190	19.650	
1993-033T21:12:47.600	16.190	19.650	
1993-012T17:13:25.300	16.190	19.650	
1993-012T17:14:37.900	16.190	19.650	
1993-012T17:36:00.300	16.190	19.650	
1993-012T17:31:55.300	15.427	19.640	
1993-012T17:39:35.000	15.427	19.640	
1993-033T21:15:34.100	15.427	19.640	
1993-012T17:13:46.500	15.427	19.640	
1993-033T20:59:01.500	15.427	19.640	
1993-012T18:15:31.600	9.9820	19.640	
1993-012T20:09:37.000	15.427	19.640	
1993-012T17:19:01.000	15.427	19.640	
1993-012T20:45:30.800	15.427	19.640	
1993-012T17:51:19.700	17.872	19.630	
1993-012T17:33:56.300	17.686	19.630	
1993-012T20:20:51.600	17.449	19.630	
1993-012T17:09:47.500	8.3200	19.610	
1993-012T20:26:12.300	8.3200	19.610	
1993-012T20:37:29.800	8.3200	19.610	
1993-012T20:06:02.300	8.3200	19.610	
1993-012T17:06:09.800	8.3200	19.610	
1993-012T17:08:10.800	12.709	19.610	
1993-012T17:13:49.500	14.204	19.600	
1993-012T17:31:10.000	14.204	19.600	
1993-033T21:09:09.700	14.204	19.600	
1993-012T17:01:40.600	17.151	19.580	
1993-012T20:06:50.600	5.3700	19.580	
1993-033T21:03:30.800	5.3700	19.580	
1993-012T17:22:38.800	17.151	19.580	
1993-012T18:15:04.400	17.151	19.580	
1993-012T17:08:56.100	17.151	19.580	
1993-033T20:19:29.000	17.151	19.580	
1993-012T20:14:27.500	17.151	19.580	
1993-012T20:35:50.000	17.151	19.580	
1993-012T17:24:12.500	9.0710	19.570	
1993-012T17:29:27.000	9.0710	19.570	
1993-012T20:58:49.300	5.7940	19.570	
1993-033T21:36:36.000	11.876	19.570	
1993-012T20:24:53.600	16.565	19.560	
1993-012T17:05:39.500	16.565	19.560	
1993-012T16:50:26.100	7.8320	19.560	
1993-012T17:14:31.800	18.357	19.560	
1993-012T16:56:23.000	16.565	19.560	
1993-012T17:20:34.700	16.565	19.560	
1993-033T20:10:09.200	16.565	19.560	
1993-012T17:11:45.500	15.764	19.510	
1993-012T20:42:41.300	15.764	19.510	
1993-012T17:14:10.700	15.764	19.510	
1993-033T20:14:38.500	15.764	19.510	
1993-012T17:25:52.400	15.764	19.510	
1993-012T16:59:39.600	15.764	19.510	
1993-012T20:58:49.300	15.764	19.510	
1993-012T20:46:43.300	15.764	19.510	
1993-012T20:24:56.600	15.764	19.510	
1993-012T20:28:58.600	15.764	19.510	
1993-012T20:21:18.800	15.764	19.510	
1993-033T21:12:20.400	15.764	19.510	
1993-012T20:23:19.800	15.764	19.510	
1993-012T17:02:04.800	15.764	19.510	
1993-012T20:28:58.600	15.764	19.510	
1993-033T20:52:13.000	6.0260	19.500	
1993-012T20:39:24.700	14.660	19.500	
1993-012T20:24:08.200	8.2970	19.500	
1993-012T17:46:02.100	16.624	19.490	
1993-012T20:54:23.100	16.624	19.490	
1993-012T17:21:26.200	16.624	19.490	
1993-012T17:27:05.000	16.624	19.490	
1993-012T20:37:02.600	16.624	19.490	
1993-012T19:56:18.500	16.624	19.490	
1993-033T20:14:38.500	16.624	19.490	
1993-012T20:47:56.000	16.624	19.490	
1993-012T17:54:06.100	16.624	19.490	
1993-012T17:40:23.500	16.624	19.490	
1993-033T20:31:11.000	16.624	19.490	
1993-012T17:34:41.600	17.674	19.490	
1993-012T20:47:31.800	16.624	19.490	
1993-012T17:06:55.100	16.624	19.490	
1993-012T20:39:03.600	16.624	19.490	
1993-012T20:47:56.000	16.624	19.490	
1993-012T17:58:32.200	16.624	19.490	
1993-012T18:07:24.600	16.624	19.490	
1993-012T20:12:26.500	13.954	19.480	
1993-033T21:30:02.800	15.073	19.480	
1993-012T17:07:22.300	8.1230	19.480	
1993-012T17:28:20.600	8.1230	19.480	
1993-012T17:09:47.500	8.1230	19.480	
1993-012T17:07:19.300	14.275	19.470	
1993-033T20:43:14.300	22.468	19.470	
1993-033T20:29:10.000	14.275	19.470	
1993-012T20:51:06.500	16.784	19.460	
1993-012T17:10:54.000	16.784	19.460	
1993-012T17:17:51.500	15.380	19.450	
1993-012T17:17:27.300	15.380	19.450	
1993-012T20:30:14.200	15.380	19.450	
1993-033T20:09:26.800	15.380	19.450	
1993-012T21:09:45.800	15.380	19.450	
1993-012T17:19:28.300	15.380	19.450	
1993-012T17:13:25.300	15.380	19.450	
1993-012T20:47:34.800	15.380	19.450	
1993-012T20:12:29.500	15.380	19.450	
1993-012T21:01:17.600	15.380	19.450	
1993-012T21:07:20.600	15.380	19.450	
1993-033T20:22:21.500	15.380	19.450	
1993-012T17:13:25.300	15.380	19.450	
1993-033T20:57:51.900	15.380	19.450	
1993-012T21:02:06.000	15.380	19.450	
1993-012T17:51:43.900	15.380	19.450	
1993-012T21:03:18.600	15.380	19.450	
1993-012T17:32:46.700	15.380	19.450	
1993-033T20:18:43.600	8.8230	19.450	
1993-033T20:30:25.600	8.8230	19.450	
1993-033T21:20:27.600	15.380	19.450	
1993-012T20:31:51.000	15.380	19.450	
1993-033T20:07:01.500	15.380	19.450	
1993-012T17:08:35.000	15.380	19.450	
1993-033T20:56:12.000	14.599	19.440	
1993-012T20:14:51.600	7.8090	19.440	
1993-012T20:40:40.300	14.599	19.440	
1993-012T17:11:24.300	16.881	19.430	
1993-012T20:40:19.200	16.881	19.430	
1993-033T20:57:27.600	16.881	19.430	
1993-033T21:36:36.000	5.6930	19.430	
1993-012T17:28:44.800	16.881	19.430	
1993-012T17:16:38.800	16.881	19.430	
1993-033T21:21:16.100	16.881	19.430	
1993-012T17:15:26.300	16.881	19.430	
1993-012T20:52:49.400	16.881	19.430	
1993-012T20:37:48.000	9.7320	19.420	
1993-033T21:20:51.900	14.721	19.420	
1993-012T16:57:41.600	14.721	19.420	
1993-012T17:36:00.300	14.721	19.420	
1993-012T17:13:01.100	14.721	19.420	
1993-012T18:01:00.500	14.721	19.420	
1993-012T17:13:01.100	14.721	19.420	
1993-033T20:40:55.100	14.721	19.420	
1993-012T17:02:07.800	14.721	19.420	
1993-012T17:19:52.500	14.721	19.420	
1993-012T20:54:26.100	14.721	19.420	
1993-033T20:56:15.000	14.721	19.420	
1993-012T17:02:07.800	14.721	19.420	
1993-012T21:16:37.100	14.721	19.420	
1993-012T17:35:08.900	8.1730	19.410	
1993-033T20:48:29.000	9.9010	19.410	
1993-012T20:29:44.000	5.7240	19.400	
1993-033T20:17:06.700	8.6200	19.400	
1993-012T16:53:12.500	14.928	19.380	
1993-012T16:52:48.300	14.928	19.380	
1993-012T17:22:41.800	18.745	19.380	
1993-012T17:19:52.500	13.571	19.370	
1993-012T17:39:56.100	18.587	19.370	
1993-012T17:10:35.900	13.571	19.370	
1993-012T20:39:30.800	13.075	19.370	
1993-012T17:00:24.900	15.704	19.370	
1993-012T20:32:15.200	7.6400	19.370	
1993-033T21:28:07.600	13.571	19.370	
1993-012T20:12:05.300	13.075	19.370	
1993-012T17:37:37.100	13.571	19.370	
1993-012T17:38:01.300	13.075	19.370	
1993-033T21:28:07.600	16.054	19.360	
1993-012T21:04:07.000	16.054	19.360	
1993-012T17:27:56.300	16.054	19.360	
1993-012T17:13:49.500	16.054	19.360	
1993-033T20:16:42.500	16.054	19.360	
1993-012T17:45:16.800	16.054	19.360	
1993-012T20:35:53.000	16.054	19.360	
1993-012T16:58:05.800	16.054	19.360	
1993-012T20:13:17.800	16.054	19.360	
1993-012T17:31:10.000	16.054	19.360	
1993-033T20:44:57.200	16.054	19.360	
1993-033T20:14:17.300	16.054	19.360	
1993-012T17:24:42.800	16.054	19.360	
1993-012T17:06:09.800	16.054	19.360	
1993-012T21:00:29.200	16.054	19.360	
1993-033T21:28:31.800	16.054	19.360	
1993-012T16:57:17.500	16.054	19.360	
1993-012T20:40:19.200	16.054	19.360	
1993-012T20:48:47.300	16.054	19.360	
1993-012T20:37:05.600	16.054	19.360	
1993-012T16:52:51.300	16.054	19.360	
1993-012T20:30:14.200	16.054	19.360	
1993-012T21:21:03.300	16.054	19.360	
1993-012T16:54:28.100	16.054	19.360	
1993-012T16:53:39.600	16.054	19.360	
1993-012T20:47:34.800	16.054	19.360	
1993-012T17:28:20.600	16.054	19.360	
1993-012T17:00:55.200	16.054	19.360	
1993-012T17:33:10.900	16.054	19.360	
1993-033T20:07:50.000	16.054	19.360	
1993-012T16:58:30.000	16.054	19.360	
1993-012T21:10:10.000	16.054	19.360	
1993-012T17:35:36.100	16.054	19.360	
1993-012T16:54:03.800	16.054	19.360	
1993-033T20:23:58.300	16.054	19.360	
1993-033T20:09:26.800	16.054	19.360	
1993-012T17:19:52.500	16.054	19.360	
1993-012T20:52:49.400	17.729	19.350	
1993-012T17:08:32.000	16.106	19.340	
1993-033T21:21:37.200	16.106	19.340	
1993-012T17:10:11.700	7.9280	19.340	
1993-033T20:15:48.000	7.8200	19.340	
1993-033T21:09:55.100	16.106	19.340	
1993-033T20:58:40.300	7.9280	19.340	
1993-012T18:23:32.600	16.106	19.340	
1993-033T20:25:35.100	7.9280	19.340	
1993-033T21:01:51.000	16.106	19.340	
1993-012T17:01:19.400	7.9280	19.340	
1993-012T20:18:05.200	16.106	19.340	
1993-012T20:36:14.200	16.106	19.340	
1993-012T20:21:21.800	10.421	19.340	
1993-012T16:55:37.600	16.106	19.340	
1993-012T17:34:20.500	16.106	19.340	
1993-012T17:20:37.800	16.106	19.340	
1993-012T20:36:41.400	5.5310	19.340	
1993-033T20:10:12.200	12.253	19.340	
1993-012T20:32:36.500	16.106	19.340	
1993-012T18:09:01.400	16.106	19.340	
1993-012T20:36:14.200	16.106	19.340	
1993-012T16:56:50.300	16.106	19.340	
1993-012T16:53:36.600	16.106	19.340	
1993-012T17:19:25.300	16.106	19.340	
1993-012T20:22:55.600	16.106	19.340	
1993-033T21:13:08.800	16.106	19.340	
1993-012T20:22:31.400	11.372	19.340	
1993-012T20:54:23.100	16.106	19.340	
1993-012T20:24:32.400	16.106	19.340	
1993-012T20:33:49.000	16.106	19.340	
1993-033T20:53:22.500	16.106	19.340	
1993-033T20:18:13.300	19.287	19.340	
1993-012T17:12:09.700	16.106	19.340	
1993-033T20:03:41.800	13.454	19.340	
1993-033T21:03:52.000	16.106	19.340	
1993-012T17:00:52.200	16.106	19.340	
1993-012T16:55:13.500	16.106	19.340	
1993-012T17:05:18.300	16.106	19.340	
1993-012T17:31:31.100	16.106	19.340	
1993-033T20:10:12.200	16.106	19.340	
1993-012T17:34:41.600	9.0710	19.330	
1993-012T20:26:36.400	8.4190	19.330	
1993-012T18:13:00.300	20.482	19.330	
1993-033T20:29:34.200	7.6890	19.310	
1993-033T20:05:42.900	15.917	19.310	
1993-012T16:48:46.300	17.507	19.300	
1993-012T21:06:53.300	17.507	19.300	
1993-012T20:47:07.500	17.507	19.300	
1993-012T17:46:02.100	17.507	19.300	
1993-012T21:20:39.100	14.077	19.290	
1993-012T16:54:25.100	15.260	19.290	
1993-012T17:37:34.100	15.260	19.290	
1993-012T17:10:11.700	14.077	19.290	
1993-012T16:49:13.500	14.077	19.290	
1993-012T17:13:46.500	15.260	19.290	
1993-012T17:32:19.500	15.260	19.290	
1993-012T17:26:40.800	15.260	19.290	
1993-012T17:08:32.000	15.260	19.290	
1993-012T20:41:56.000	14.077	19.290	
1993-033T21:21:16.100	14.077	19.290	
1993-012T17:25:31.200	14.077	19.290	
1993-012T18:08:16.000	5.4500	19.280	
1993-012T20:33:49.000	5.6910	19.280	
1993-012T20:35:50.000	18.596	19.250	
1993-033T20:41:40.500	18.596	19.250	
1993-012T20:52:46.300	16.974	19.240	
1993-012T17:24:39.800	16.974	19.240	
1993-012T17:12:55.000	16.132	19.240	
1993-033T20:33:57.500	16.132	19.240	
1993-012T17:56:07.000	16.974	19.240	
1993-012T20:37:26.800	16.974	19.240	
1993-012T20:14:27.500	16.974	19.240	
1993-033T20:19:07.800	8.2210	19.230	
1993-012T19:56:21.500	8.2210	19.230	
1993-033T20:18:19.300	8.2210	19.230	
1993-033T20:17:49.100	8.1240	19.230	
1993-012T17:52:26.300	17.226	19.230	
1993-033T21:01:54.000	8.2210	19.230	
1993-012T17:32:22.500	8.2210	19.230	
1993-012T20:21:18.800	8.4210	19.220	
1993-012T17:29:06.000	8.4210	19.220	
1993-012T18:01:21.600	8.4210	19.220	
1993-012T20:10:22.400	13.064	19.220	
1993-012T20:51:06.500	7.6700	19.180	
1993-012T17:33:32.100	11.956	19.180	
1993-012T17:29:57.300	7.7360	19.180	
1993-012T20:33:00.600	15.595	19.160	
1993-012T17:19:01.000	15.595	19.160	
1993-012T16:51:59.900	15.595	19.160	
1993-012T17:07:19.300	15.595	19.160	
1993-012T17:25:28.200	15.595	19.160	
1993-012T20:37:51.000	15.595	19.160	
1993-012T17:27:29.100	15.595	19.160	
1993-012T17:46:23.300	16.348	19.160	
1993-012T20:58:46.300	16.348	19.160	
1993-012T21:03:12.500	16.348	19.160	
1993-033T20:23:58.300	10.090	19.160	
1993-012T20:39:27.800	15.595	19.160	
1993-012T20:19:42.000	15.595	19.160	
1993-033T20:21:05.800	15.595	19.160	
1993-033T20:17:27.900	15.595	19.160	
1993-012T21:14:05.800	7.8200	19.150	
1993-012T20:20:09.300	15.247	19.150	
1993-012T17:10:57.100	16.450	19.150	
1993-012T17:42:51.600	15.247	19.150	
1993-033T20:19:32.000	15.247	19.150	
1993-012T17:17:27.300	15.247	19.150	
1993-033T20:14:38.500	16.450	19.150	
1993-033T20:53:22.500	16.450	19.150	
1993-012T20:18:53.600	16.450	19.150	
1993-012T17:50:31.300	15.247	19.150	
1993-012T17:06:09.800	15.247	19.150	
1993-012T20:30:11.200	16.450	19.150	
1993-012T17:24:15.600	16.450	19.150	
1993-012T16:50:50.300	15.247	19.150	
1993-012T20:20:09.300	15.247	19.150	
1993-033T20:11:03.600	15.247	19.150	
1993-012T21:01:41.800	15.247	19.150	
1993-012T17:43:40.000	15.247	19.150	
1993-012T17:43:12.800	16.450	19.150	
1993-012T20:20:54.600	16.450	19.150	
1993-012T20:40:43.400	15.247	19.150	
1993-033T20:17:52.100	16.450	19.150	
1993-012T20:33:03.600	15.247	19.150	
1993-012T16:55:16.500	15.247	19.150	
1993-012T17:52:05.100	16.450	19.150	
1993-033T20:14:41.500	15.247	19.150	
1993-012T21:02:27.100	16.450	19.150	
1993-033T21:08:21.300	15.247	19.150	
1993-012T17:08:32.000	16.450	19.150	
1993-012T16:51:59.900	16.450	19.150	
1993-012T20:52:25.100	15.247	19.150	
1993-012T21:04:55.400	15.247	19.150	
1993-012T17:34:44.700	16.450	19.150	
1993-012T17:08:56.100	16.450	19.150	
1993-012T20:34:16.200	15.247	19.150	
1993-012T20:27:21.800	16.450	19.150	
1993-012T20:44:18.100	16.450	19.150	
1993-012T17:54:09.100	15.247	19.150	
1993-012T21:04:55.400	15.247	19.150	
1993-033T21:15:37.100	15.247	19.150	
1993-012T17:33:32.100	16.450	19.150	
1993-012T17:00:06.800	15.247	19.150	
1993-033T21:30:08.600	16.742	19.140	
1993-012T19:51:52.300	19.152	19.140	
1993-033T21:18:02.400	16.742	19.140	
1993-033T21:18:02.400	16.742	19.140	
1993-012T17:11:24.300	16.742	19.140	
1993-033T21:30:08.600	16.742	19.140	
1993-012T21:17:01.300	16.742	19.140	
1993-012T17:52:56.500	16.742	19.140	
1993-012T17:38:22.500	8.2970	19.140	
1993-012T17:27:32.100	16.742	19.140	
1993-012T17:16:38.800	16.742	19.140	
1993-012T20:45:33.800	16.742	19.140	
1993-012T21:06:32.200	16.742	19.140	
1993-012T19:50:18.500	12.111	19.140	
1993-012T16:54:03.800	16.742	19.140	
1993-012T21:17:49.800	16.742	19.140	
1993-012T17:21:53.400	16.742	19.140	
1993-012T17:02:32.000	16.742	19.140	
1993-033T20:28:42.800	10.071	19.120	
1993-012T21:24:38.000	14.114	19.120	
1993-012T17:00:00.700	21.713	19.120	
1993-012T20:34:13.200	14.114	19.120	
1993-012T17:41:39.000	14.591	19.120	
1993-012T20:43:08.600	14.591	19.120	
1993-012T17:43:40.000	14.591	19.120	
1993-012T20:24:11.200	8.0250	19.110	
1993-033T20:11:03.600	8.0250	19.110	
1993-012T20:34:16.200	8.0250	19.110	
1993-012T17:17:51.500	18.598	19.110	
1993-033T21:32:09.700	18.598	19.110	
1993-012T18:12:18.000	8.0250	19.110	
1993-012T20:16:07.300	8.0250	19.110	
1993-012T20:28:34.400	14.436	19.090	
1993-012T20:32:36.500	14.436	19.090	
1993-033T20:29:13.000	8.7210	19.090	
1993-012T17:27:08.000	8.7210	19.090	
1993-012T20:38:42.400	5.9420	19.080	
1993-012T17:06:58.100	15.918	19.070	
1993-012T20:37:54.000	15.918	19.070	
1993-033T20:50:36.100	15.918	19.070	
1993-012T21:03:18.600	15.918	19.070	
1993-012T17:22:17.600	15.918	19.070	
1993-033T20:17:31.000	15.918	19.070	
1993-012T20:51:36.800	17.586	19.070	
1993-012T17:42:03.200	15.918	19.070	
1993-012T17:08:10.800	15.918	19.070	
1993-012T17:07:46.500	15.918	19.070	
1993-012T17:08:35.000	15.918	19.070	
1993-033T20:27:33.100	6.5420	19.070	
1993-012T21:10:10.000	15.918	19.070	
1993-012T17:15:26.300	15.918	19.070	
1993-033T21:10:46.600	15.918	19.070	
1993-012T16:53:15.500	15.918	19.070	
1993-012T20:38:18.200	15.918	19.070	
1993-012T20:16:55.600	15.918	19.070	
1993-012T20:28:13.200	15.918	19.070	
1993-012T17:17:27.300	15.918	19.070	
1993-012T20:21:46.000	15.918	19.070	
1993-033T21:01:05.500	15.918	19.070	
1993-012T20:43:32.800	15.918	19.070	
1993-033T21:02:18.200	15.918	19.070	
1993-012T17:48:54.500	15.918	19.070	
1993-012T17:30:21.500	15.918	19.070	
1993-012T20:26:36.400	15.918	19.070	
1993-012T20:41:07.600	17.586	19.070	
1993-012T17:11:00.100	15.918	19.070	
1993-012T17:22:17.600	15.918	19.070	
1993-033T20:14:17.300	15.918	19.070	
1993-012T17:31:10.000	15.918	19.070	
1993-012T20:37:54.000	15.918	19.070	
1993-012T20:40:43.400	15.918	19.070	
1993-012T17:21:05.000	15.918	19.070	
1993-012T17:38:01.300	15.918	19.070	
1993-012T20:38:36.300	16.565	19.060	
1993-012T21:23:04.300	13.447	19.060	
1993-033T20:04:06.000	16.565	19.060	
1993-012T20:34:58.500	16.565	19.060	
1993-012T20:23:41.000	16.565	19.060	
1993-012T20:36:59.500	16.565	19.060	
1993-012T17:07:46.500	12.953	19.060	
1993-012T16:48:46.300	8.1730	19.060	
1993-012T20:12:23.400	16.565	19.060	
1993-012T17:37:55.100	16.565	19.060	
1993-033T21:11:29.000	16.565	19.060	
1993-033T21:20:45.700	16.565	19.060	
1993-033T20:38:05.600	8.5190	19.040	
1993-012T20:22:10.200	8.5190	19.040	
1993-033T20:14:17.300	8.5190	19.040	
1993-012T20:30:59.600	9.7170	19.040	
1993-012T20:31:51.000	8.5190	19.040	
1993-012T17:40:26.500	8.5190	19.040	
1993-012T20:26:09.300	14.763	19.030	
1993-012T20:24:08.200	14.763	19.030	
1993-012T20:20:06.200	15.935	19.000	
1993-012T20:46:43.300	15.935	19.000	
1993-012T17:48:27.300	15.935	19.000	
1993-012T20:41:04.600	15.935	19.000	
1993-012T20:20:57.600	10.310	19.000	
1993-012T20:32:36.500	15.935	19.000	
1993-033T20:52:58.300	15.935	19.000	
1993-033T20:42:53.100	15.935	19.000	
1993-033T21:31:18.300	15.935	19.000	
1993-033T21:10:43.500	15.935	19.000	
1993-033T21:11:32.000	15.935	19.000	
1993-012T20:31:48.000	15.935	19.000	
1993-012T20:24:08.200	15.935	19.000	
1993-012T17:29:30.100	15.935	19.000	
1993-012T17:23:03.000	15.935	19.000	
1993-012T20:24:08.200	15.935	19.000	
1993-012T20:49:32.700	15.935	19.000	
1993-033T21:27:16.200	15.935	19.000	
1993-012T19:53:29.100	15.935	19.000	
1993-033T20:50:57.300	15.935	19.000	
1993-012T18:13:03.400	15.935	19.000	
1993-033T20:45:42.600	15.935	19.000	
1993-012T16:53:36.600	15.935	19.000	
1993-012T17:35:08.900	15.935	19.000	
1993-012T17:29:06.000	15.935	19.000	
1993-012T20:38:15.100	15.935	19.000	
1993-012T16:58:30.000	13.950	18.990	
1993-012T16:55:16.500	13.950	18.990	
1993-033T21:10:22.300	13.950	18.990	
1993-012T20:36:17.200	13.950	18.990	
1993-012T17:15:23.300	22.060	18.990	
1993-012T16:57:41.600	13.950	18.990	
1993-012T20:20:09.300	13.950	18.990	
1993-033T20:43:44.600	13.950	18.990	
1993-012T19:51:52.300	11.662	18.990	
1993-012T17:20:34.700	8.7500	18.990	
1993-012T20:37:54.000	13.950	18.990	
1993-033T21:18:02.400	13.950	18.990	
1993-012T17:12:33.900	8.0510	18.970	
1993-012T17:08:32.000	17.328	18.970	
1993-012T17:17:00.100	8.0510	18.970	
1993-012T17:37:58.300	17.328	18.970	
1993-012T20:26:33.400	17.328	18.970	
1993-012T20:39:03.600	17.328	18.970	
1993-012T17:39:32.000	16.784	18.960	
1993-012T17:09:47.500	7.8320	18.960	
1993-012T17:14:10.700	12.859	18.960	
1993-033T20:23:09.900	7.8320	18.960	
1993-033T21:13:36.000	7.8320	18.960	
1993-033T21:18:02.400	7.8320	18.960	
1993-012T16:51:56.800	16.784	18.960	
1993-012T20:28:13.200	7.8320	18.960	
1993-012T20:27:49.000	7.8320	18.960	
1993-012T17:42:21.300	20.240	18.960	
1993-012T17:59:17.600	15.492	18.960	
1993-033T20:37:59.600	13.454	18.960	
1993-012T20:15:37.000	15.492	18.960	
1993-012T17:02:50.100	16.784	18.960	
1993-012T17:44:25.300	12.859	18.960	
1993-012T20:08:51.600	7.8320	18.960	
1993-033T20:09:51.000	8.3200	18.960	
1993-012T16:52:02.900	7.8320	18.960	
1993-033T21:04:19.200	6.3680	18.960	
1993-012T17:13:46.500	15.093	18.940	
1993-033T21:01:26.700	15.093	18.940	
1993-033T20:15:02.800	15.093	18.940	
1993-012T17:37:06.800	8.5910	18.920	
1993-012T17:13:22.300	16.799	18.910	
1993-012T17:18:39.800	10.869	18.910	
1993-012T17:21:02.000	8.5470	18.910	
1993-012T17:58:29.200	13.258	18.910	
1993-012T17:02:29.000	16.799	18.910	
1993-012T20:45:30.800	16.799	18.910	
1993-012T16:59:39.600	16.799	18.910	
1993-012T17:17:24.300	16.799	18.910	
1993-033T20:53:01.400	10.869	18.910	
1993-012T20:59:13.500	16.799	18.910	
1993-012T17:25:52.400	16.799	18.910	
1993-012T18:02:34.200	8.5470	18.910	
1993-012T17:31:52.200	15.704	18.900	
1993-033T21:18:20.500	15.704	18.900	
1993-012T20:34:34.300	15.704	18.900	
1993-012T17:07:40.500	15.704	18.900	
1993-012T17:45:59.100	15.704	18.900	
1993-033T21:03:00.500	15.704	18.900	
1993-033T20:13:50.100	7.1040	18.890	
1993-033T20:41:43.500	15.115	18.860	
1993-012T17:11:24.300	15.115	18.860	
1993-033T21:14:00.300	15.115	18.860	
1993-012T16:54:52.300	15.115	18.860	
1993-012T17:53:44.900	15.115	18.860	
1993-012T16:57:17.500	15.115	18.860	
1993-033T20:56:15.000	16.603	18.860	
1993-012T20:45:09.600	16.603	18.860	
1993-012T17:14:13.700	15.115	18.860	
1993-012T20:33:52.000	16.603	18.860	
1993-012T16:55:16.500	16.603	18.860	
1993-012T19:41:26.200	16.603	18.860	
1993-012T20:51:12.600	16.603	18.860	
1993-012T20:24:11.200	15.115	18.860	
1993-012T16:49:13.500	16.603	18.860	
1993-012T20:35:28.800	8.1230	18.860	
1993-033T20:18:19.300	15.115	18.860	
1993-012T21:10:58.300	16.603	18.860	
1993-012T20:45:09.600	16.603	18.860	
1993-012T17:09:47.500	16.603	18.860	
1993-012T17:42:51.600	16.603	18.860	
1993-012T20:28:37.400	16.603	18.860	
1993-012T16:49:13.500	8.1230	18.860	
1993-012T16:56:29.000	8.1230	18.860	
1993-012T17:11:00.100	16.603	18.860	
1993-033T20:17:31.000	8.1230	18.860	
1993-012T17:13:49.500	16.603	18.860	
1993-012T17:19:52.500	16.603	18.860	
1993-012T16:56:29.000	8.1230	18.860	
1993-033T21:32:09.700	16.603	18.860	
1993-012T17:11:00.100	16.603	18.860	
1993-012T20:02:00.300	16.603	18.860	
1993-033T20:15:05.800	8.1230	18.860	
1993-012T21:06:08.000	16.603	18.860	
1993-012T17:38:25.500	16.603	18.860	
1993-033T21:26:06.600	16.603	18.860	
1993-012T20:38:18.200	16.603	18.860	
1993-012T20:25:23.800	8.1230	18.860	
1993-012T20:27:24.800	5.3700	18.850	
1993-012T18:06:57.300	13.064	18.850	
1993-012T20:28:34.400	8.4210	18.850	
1993-012T20:36:35.300	15.917	18.840	
1993-033T20:02:29.200	15.917	18.840	
1993-012T17:30:15.500	8.4340	18.840	
1993-012T21:04:00.800	15.917	18.840	
1993-012T17:37:55.100	15.917	18.840	
1993-012T17:01:13.300	17.004	18.840	
1993-012T17:16:57.000	17.004	18.840	
1993-012T19:23:35.300	15.917	18.840	
1993-012T17:39:32.000	15.917	18.840	
1993-033T21:29:14.100	15.917	18.840	
1993-033T21:14:48.600	14.462	18.830	
1993-033T20:53:25.600	14.462	18.830	
1993-033T21:25:18.100	14.462	18.830	
1993-012T20:07:14.900	14.462	18.830	
1993-012T20:52:49.400	14.462	18.830	
1993-012T20:26:36.400	14.462	18.830	
1993-012T20:46:22.100	14.462	18.830	
1993-012T21:01:17.600	14.462	18.830	
1993-012T17:13:01.100	14.462	18.830	
1993-012T16:49:13.500	14.462	18.830	
1993-012T20:30:38.400	11.993	18.830	
1993-012T20:16:31.500	14.462	18.830	
1993-033T21:26:06.600	14.462	18.830	
1993-012T16:51:38.700	14.462	18.830	
1993-033T21:13:36.000	14.462	18.830	
1993-012T17:05:42.600	15.427	18.820	
1993-012T20:43:54.000	15.427	18.820	
1993-012T17:02:04.800	15.427	18.820	
1993-033T20:19:29.000	15.427	18.820	
1993-012T20:49:08.500	15.427	18.820	
1993-012T17:12:58.100	15.427	18.820	
1993-012T20:35:25.800	15.427	18.820	
1993-012T20:16:28.400	15.427	18.820	
1993-012T17:58:56.400	15.427	18.820	
1993-033T20:48:32.000	15.427	18.820	
1993-012T17:30:18.500	15.427	18.820	
1993-033T20:40:27.800	15.427	18.820	
1993-012T17:02:04.800	15.427	18.820	
1993-012T19:57:09.900	9.9820	18.820	
1993-012T20:30:11.200	15.427	18.820	
1993-012T20:33:24.800	15.427	18.820	
1993-012T20:39:27.800	15.427	18.820	
1993-012T20:37:02.600	15.427	18.820	
1993-012T17:26:40.800	16.277	18.810	
1993-012T17:37:34.100	16.277	18.810	
1993-012T20:28:34.400	16.277	18.810	
1993-012T17:41:11.800	16.277	18.810	
1993-012T20:31:48.000	16.277	18.810	
1993-012T20:51:09.500	16.277	18.810	
1993-012T21:00:01.900	16.277	18.810	
1993-012T17:07:19.300	16.277	18.810	
1993-012T20:48:20.100	16.277	18.810	
1993-012T18:03:46.800	16.277	18.810	
1993-033T20:53:22.500	16.277	18.810	
1993-033T20:21:54.200	16.277	18.810	
1993-012T21:09:18.500	16.277	18.810	
1993-012T17:17:48.500	16.277	18.810	
1993-033T20:10:36.500	16.277	18.810	
1993-012T16:52:24.100	16.277	18.810	
1993-012T20:46:43.300	16.277	18.810	
1993-012T20:34:13.200	16.277	18.810	
1993-012T20:25:45.000	16.277	18.810	
1993-012T17:06:31.000	16.277	18.810	
1993-012T16:52:24.100	16.277	18.810	
1993-033T21:29:17.300	16.277	18.810	
1993-033T20:16:15.300	16.277	18.810	
1993-012T17:08:32.000	16.277	18.810	
1993-012T17:06:31.000	16.277	18.810	
1993-012T16:50:20.000	7.6700	18.810	
1993-012T17:13:22.300	16.277	18.810	
1993-012T21:12:32.100	16.277	18.810	
1993-033T21:12:44.600	16.277	18.810	
1993-012T18:01:45.800	16.277	18.810	
1993-012T19:52:16.500	16.277	18.810	
1993-012T20:09:40.100	17.444	18.800	
1993-012T16:50:26.100	17.444	18.800	
1993-012T17:17:03.100	17.444	18.800	
1993-012T17:31:34.100	15.783	18.790	
1993-012T16:59:42.600	15.783	18.790	
1993-012T21:06:08.000	15.783	18.790	
1993-012T17:28:44.800	15.783	18.790	
1993-012T20:33:03.600	15.783	18.790	
1993-033T20:52:13.000	15.783	18.790	
1993-012T17:18:39.800	15.783	18.790	
1993-033T21:32:34.000	15.783	18.790	
1993-012T21:05:43.800	15.783	18.790	
1993-033T21:34:10.800	15.783	18.790	
1993-012T17:44:28.300	15.783	18.790	
1993-033T21:09:09.700	15.783	18.790	
1993-012T17:10:35.900	15.783	18.790	
1993-012T17:18:15.600	15.783	18.790	
1993-012T17:29:09.000	15.783	18.790	
1993-012T20:33:03.600	15.783	18.790	
1993-012T20:36:41.400	15.783	18.790	
1993-012T20:42:20.200	15.783	18.790	
1993-033T20:27:12.000	15.783	18.790	
1993-012T21:17:49.800	15.783	18.790	
1993-033T20:18:19.300	15.783	18.790	
1993-012T20:31:02.600	15.783	18.790	
1993-012T17:31:58.300	15.783	18.790	
1993-012T17:21:53.400	15.783	18.790	
1993-012T21:03:18.600	15.783	18.790	
1993-012T20:42:20.200	15.783	18.790	
1993-012T20:34:16.200	15.783	18.790	
1993-012T17:15:26.300	15.783	18.790	
1993-012T17:11:48.500	15.783	18.790	
1993-033T20:15:48.000	17.900	18.790	
1993-012T21:12:59.300	15.783	18.790	
1993-012T17:29:57.300	15.783	18.790	
1993-012T17:46:29.300	15.783	18.790	
1993-012T17:06:27.800	8.7500	18.770	
1993-033T20:59:01.500	7.8090	18.770	
1993-012T16:52:45.100	16.132	18.760	
1993-012T20:33:49.000	13.636	18.760	
1993-012T21:14:08.800	13.636	18.760	
1993-033T21:04:16.200	13.954	18.760	
1993-012T16:49:31.600	16.132	18.760	
1993-012T20:58:49.300	13.636	18.760	
1993-033T20:56:09.000	16.132	18.760	
1993-012T17:10:05.600	16.132	18.760	
1993-012T16:52:21.000	16.132	18.760	
1993-012T20:23:22.800	8.8230	18.760	
1993-033T21:30:26.800	16.132	18.760	
1993-012T17:24:15.600	13.636	18.760	
1993-012T16:51:11.500	13.954	18.760	
1993-012T17:15:47.500	13.954	18.760	
1993-012T17:19:22.100	16.132	18.760	
1993-012T20:30:59.600	13.954	18.760	
1993-012T17:24:42.800	12.831	18.750	
1993-012T17:26:19.600	7.9280	18.740	
1993-012T16:56:01.800	14.275	18.740	
1993-033T20:44:33.000	7.9280	18.740	
1993-012T16:53:12.500	14.275	18.740	
1993-033T20:26:23.600	7.9280	18.740	
1993-033T21:35:20.400	14.275	18.740	
1993-033T20:47:46.600	7.9280	18.740	
1993-012T17:51:19.700	7.9280	18.740	
1993-033T21:29:20.300	7.9280	18.740	
1993-012T21:17:01.300	8.6200	18.730	
1993-012T20:22:52.600	17.226	18.710	
1993-012T19:48:11.500	12.679	18.710	
1993-012T17:48:27.300	8.1730	18.710	
1993-012T17:27:26.100	8.5910	18.710	
1993-012T17:36:00.300	13.823	18.690	
1993-012T20:57:15.500	13.823	18.690	
1993-012T19:51:55.300	13.823	18.690	
1993-033T20:36:22.700	9.3990	18.690	
1993-012T16:55:16.500	8.4190	18.680	
1993-012T17:10:32.900	14.599	18.680	
1993-033T20:31:32.200	22.980	18.680	
1993-012T17:51:19.700	8.4190	18.680	
1993-012T17:50:07.100	8.4190	18.680	
1993-012T17:29:33.100	12.349	18.670	
1993-012T20:08:21.400	16.348	18.670	
1993-012T21:11:43.600	15.764	18.670	
1993-012T20:21:40.000	16.348	18.670	
1993-012T17:06:06.800	15.764	18.670	
1993-012T20:26:30.400	16.348	18.670	
1993-012T17:20:34.700	16.348	18.670	
1993-012T16:51:11.500	15.764	18.670	
1993-012T21:18:35.000	15.764	18.670	
1993-012T16:49:34.700	15.764	18.670	
1993-033T20:05:21.700	15.764	18.670	
1993-012T20:15:15.800	15.764	18.670	
1993-012T20:14:24.400	16.348	18.670	
1993-012T20:25:42.000	16.348	18.670	
1993-012T20:14:48.600	16.348	18.670	
1993-033T20:23:06.800	15.764	18.670	
1993-012T20:58:22.100	16.348	18.670	
1993-012T20:41:04.600	15.764	18.670	
1993-012T17:10:29.800	9.2340	18.670	
1993-012T21:23:01.200	15.764	18.670	
1993-033T20:48:32.000	15.764	18.670	
1993-012T17:34:20.500	15.764	18.670	
1993-012T21:01:14.500	15.764	18.670	
1993-012T20:51:33.700	6.2160	18.670	
1993-012T17:06:06.800	15.764	18.670	
1993-012T17:44:49.500	15.764	18.670	
1993-012T20:53:07.500	16.348	18.670	
1993-033T21:10:19.300	15.764	18.670	
1993-012T16:57:14.500	15.764	18.670	
1993-012T20:38:15.100	15.764	18.670	
1993-012T20:38:15.100	15.764	18.670	
1993-012T21:23:25.400	15.764	18.670	
1993-012T17:25:04.000	15.764	18.670	
1993-012T20:26:33.400	15.764	18.670	
1993-012T17:14:10.700	15.764	18.670	
1993-012T17:24:15.600	15.764	18.670	
1993-012T20:24:56.600	15.764	18.670	
1993-033T20:32:23.600	15.764	18.670	
1993-012T20:24:32.400	15.764	18.670	
1993-012T20:57:36.700	15.764	18.670	
1993-012T17:43:12.800	15.764	18.670	
1993-012T17:27:29.100	15.764	18.670	
1993-012T17:21:23.100	16.348	18.670	
1993-012T16:58:51.200	15.764	18.670	
1993-012T17:11:42.400	30.738	18.670	
1993-033T21:27:16.200	15.764	18.670	
1993-012T17:30:15.500	9.0710	18.650	
1993-012T16:53:36.600	17.686	18.650	
1993-012T17:45:34.900	14.660	18.650	
1993-012T20:31:48.000	17.151	18.640	
1993-012T20:14:30.500	10.845	18.640	
1993-012T20:18:53.600	17.151	18.640	
1993-012T17:38:46.700	17.151	18.640	
1993-033T20:17:27.900	17.151	18.640	
1993-012T21:17:46.600	17.151	18.640	
1993-033T20:52:10.000	17.151	18.640	
1993-012T20:25:20.800	17.151	18.640	
1993-012T17:33:56.300	8.0510	18.620	
1993-012T20:53:37.800	7.4520	18.610	
1993-012T20:15:37.000	18.128	18.610	
1993-012T17:55:42.800	11.517	18.610	
1993-012T20:57:57.900	8.9100	18.610	
1993-012T17:33:07.900	12.706	18.600	
1993-033T21:13:36.000	8.2210	18.600	
1993-033T20:13:53.100	8.2210	18.600	
1993-012T17:05:21.300	8.2210	18.600	
1993-012T20:35:25.800	14.928	18.600	
1993-012T20:45:30.800	14.928	18.600	
1993-012T20:28:34.400	14.928	18.600	
1993-012T17:15:26.300	8.2210	18.600	
1993-033T20:51:48.800	8.2210	18.600	
1993-012T20:47:34.800	8.2210	18.600	
1993-012T17:25:55.400	8.2210	18.600	
1993-033T20:27:33.100	7.1040	18.600	
1993-012T20:29:25.800	8.2210	18.600	
1993-012T17:33:10.900	8.2210	18.600	
1993-012T17:08:10.800	16.465	18.590	
1993-012T17:02:56.200	16.465	18.590	
1993-033T21:29:38.300	18.819	18.590	
1993-033T20:21:57.300	16.465	18.590	
1993-033T20:07:01.500	16.465	18.590	
1993-012T20:54:26.100	16.465	18.590	
1993-012T16:51:14.500	16.465	18.590	
1993-012T16:54:52.300	16.465	18.590	
1993-012T17:28:20.600	16.465	18.590	
1993-012T17:25:31.200	16.465	18.590	
1993-012T20:29:50.000	16.465	18.590	
1993-012T21:04:07.000	7.7360	18.590	
1993-012T17:40:02.200	16.465	18.590	
1993-012T20:51:36.800	16.465	18.590	
1993-033T20:51:24.500	16.465	18.590	
1993-033T20:15:05.800	16.465	18.590	
1993-012T20:37:54.000	16.465	18.590	
1993-033T20:22:21.500	16.465	18.590	
1993-012T17:06:09.800	16.465	18.590	
1993-012T20:10:49.600	26.038	18.590	
1993-012T17:42:21.300	18.819	18.590	
1993-012T17:38:49.700	16.465	18.590	
1993-012T17:10:35.900	16.465	18.590	
1993-033T20:09:02.600	16.465	18.590	
1993-012T20:16:55.600	16.465	18.590	
1993-033T20:19:56.200	7.7360	18.590	
1993-012T17:21:53.400	16.465	18.590	
1993-012T20:47:10.600	16.465	18.590	
1993-012T17:14:13.700	16.465	18.590	
1993-012T18:13:30.600	7.7360	18.590	
1993-012T20:26:12.300	16.465	18.590	
1993-033T20:37:41.400	16.465	18.590	
1993-012T17:38:49.700	16.465	18.590	
1993-012T20:26:12.300	16.465	18.590	
1993-012T20:29:25.800	16.465	18.590	
1993-033T21:16:01.300	16.465	18.590	
1993-033T21:34:59.200	16.465	18.590	
1993-012T21:09:21.600	16.465	18.590	
1993-033T21:22:28.700	16.465	18.590	
1993-012T17:33:35.100	16.465	18.590	
1993-012T17:05:39.500	18.819	18.590	
1993-012T20:13:42.100	16.465	18.590	
1993-012T20:31:26.800	16.465	18.590	
1993-012T17:12:12.700	16.465	18.590	
1993-012T20:22:34.500	16.465	18.590	
1993-012T20:47:34.800	16.465	18.590	
1993-012T20:45:55.000	16.624	18.580	
1993-012T20:42:20.200	14.983	18.580	
1993-012T17:19:49.500	16.624	18.580	
1993-012T17:41:39.000	10.756	18.580	
1993-012T20:28:13.200	14.983	18.580	
1993-012T17:20:13.600	16.624	18.580	
1993-033T20:55:23.600	16.624	18.580	
1993-033T19:32:40.600	16.624	18.580	
1993-012T20:47:07.500	16.624	18.580	
1993-012T17:34:23.500	14.983	18.580	
1993-012T19:54:41.600	16.624	18.580	
1993-012T18:07:48.800	16.624	18.580	
1993-012T17:33:59.300	14.983	18.580	
1993-012T17:39:10.800	16.624	18.580	
1993-012T17:22:14.600	16.624	18.580	
1993-012T17:28:20.600	14.983	18.580	
1993-012T17:31:55.300	16.624	18.580	
1993-012T20:39:06.600	14.983	18.580	
1993-012T17:59:44.800	16.624	18.580	
1993-012T20:24:32.400	16.624	18.580	
1993-033T20:13:25.900	16.624	18.580	
1993-012T17:37:34.100	16.624	18.580	
1993-012T17:46:26.300	16.624	18.580	
1993-012T16:51:11.500	16.624	18.580	
1993-012T21:03:42.800	14.983	18.580	
1993-012T20:19:17.800	16.624	18.580	
1993-012T17:23:03.000	16.624	18.580	
1993-012T17:10:32.900	16.624	18.580	
1993-012T20:22:34.500	14.983	18.580	
1993-012T17:14:10.700	16.624	18.580	
1993-012T17:18:15.600	14.983	18.580	
1993-012T17:20:13.600	16.624	18.580	
1993-033T21:20:48.800	16.624	18.580	
1993-012T17:22:35.700	16.565	18.570	
1993-012T20:42:14.100	16.565	18.570	
1993-012T20:58:46.300	16.565	18.570	
1993-012T20:31:45.000	6.3870	18.570	
1993-012T21:24:59.200	16.565	18.570	
1993-012T17:28:14.500	16.565	18.570	
1993-033T21:03:48.900	16.565	18.570	
1993-012T17:51:13.600	17.449	18.570	
1993-012T17:00:00.700	17.449	18.570	
1993-012T18:01:42.800	16.565	18.570	
1993-012T16:52:21.000	16.565	18.570	
1993-012T20:53:55.900	15.282	18.560	
1993-012T17:14:13.700	14.333	18.540	
1993-033T21:02:42.400	14.333	18.540	
1993-012T20:47:34.800	5.4500	18.540	
1993-012T18:06:09.000	11.743	18.540	
1993-012T17:32:16.400	8.2780	18.540	
1993-012T20:36:41.400	14.333	18.540	
1993-033T21:27:43.400	14.333	18.540	
1993-012T17:18:15.600	14.333	18.540	
1993-012T20:19:20.800	14.333	18.540	
1993-012T21:06:56.400	14.333	18.540	
1993-012T21:05:37.600	5.8540	18.540	
1993-012T16:56:04.800	14.333	18.540	
1993-012T17:22:17.600	5.4500	18.540	
1993-012T17:22:38.800	7.9290	18.530	
1993-012T20:19:14.800	15.492	18.510	
1993-012T20:21:40.000	15.492	18.510	
1993-012T20:52:43.300	15.492	18.510	
1993-012T17:28:17.600	9.9870	18.510	
1993-012T20:20:57.600	15.648	18.500	
1993-012T20:35:53.000	15.648	18.500	
1993-012T20:58:04.000	15.648	18.500	
1993-012T21:10:34.100	15.648	18.500	
1993-012T20:10:28.500	15.648	18.500	
1993-012T17:37:37.100	15.648	18.500	
1993-012T20:43:08.600	15.648	18.500	
1993-012T20:44:21.100	15.648	18.500	
1993-012T17:13:49.500	15.648	18.500	
1993-012T20:48:23.200	15.648	18.500	
1993-012T16:50:50.300	15.648	18.500	
1993-012T20:39:30.800	15.648	18.500	
1993-012T17:20:40.800	15.648	18.500	
1993-033T21:12:47.600	15.648	18.500	
1993-012T17:35:11.900	15.648	18.500	
1993-012T16:57:41.600	15.648	18.500	
1993-012T17:23:30.200	15.648	18.500	
1993-012T17:24:42.800	15.648	18.500	
1993-033T21:27:19.200	15.648	18.500	
1993-012T17:31:10.000	15.648	18.500	
1993-012T21:06:56.400	15.648	18.500	
1993-012T17:14:13.700	15.648	18.500	
1993-033T21:24:29.800	15.648	18.500	
1993-012T20:16:55.600	15.648	18.500	
1993-012T17:14:13.700	15.648	18.500	
1993-012T20:35:28.800	15.648	18.500	
1993-012T20:25:48.000	15.648	18.500	
1993-012T17:46:29.300	15.648	18.500	
1993-012T17:13:25.300	15.648	18.500	
1993-012T17:36:24.500	15.648	18.500	
1993-012T20:39:55.000	15.648	18.500	
1993-012T17:09:20.300	12.403	18.490	
1993-033T21:16:01.300	8.0250	18.490	
1993-012T16:58:48.100	5.7240	18.490	
1993-033T20:48:04.800	19.523	18.490	
1993-012T17:27:56.300	8.0250	18.490	
1993-012T17:27:26.100	8.5910	18.490	
1993-033T20:46:34.000	8.0250	18.490	
1993-012T20:12:05.300	8.0250	18.490	
1993-012T17:38:43.600	8.5910	18.490	
1993-012T21:14:33.100	16.106	18.480	
1993-012T16:48:22.100	16.106	18.480	
1993-012T17:13:22.300	16.106	18.480	
1993-033T20:15:02.800	16.106	18.480	
1993-012T17:19:49.500	15.260	18.480	
1993-012T20:54:23.100	16.106	18.480	
1993-012T17:05:42.600	15.260	18.480	
1993-033T21:35:20.400	16.106	18.480	
1993-012T19:52:13.500	13.064	18.480	
1993-033T20:52:34.100	16.106	18.480	
1993-012T21:00:26.100	16.106	18.480	
1993-012T20:41:53.000	16.106	18.480	
1993-033T21:01:51.000	16.106	18.480	
1993-033T20:53:22.500	16.106	18.480	
1993-012T16:58:27.000	8.4210	18.480	
1993-012T18:14:16.000	15.260	18.480	
1993-012T16:56:26.000	15.260	18.480	
1993-012T17:29:06.000	16.106	18.480	
1993-012T20:46:43.300	15.260	18.480	
1993-012T20:35:50.000	16.106	18.480	
1993-012T17:21:50.400	16.106	18.480	
1993-033T20:57:00.500	16.106	18.480	
1993-012T17:42:48.600	16.106	18.480	
1993-012T17:38:46.700	15.260	18.480	
1993-012T17:12:33.900	16.106	18.480	
1993-012T17:27:05.000	15.260	18.480	
1993-012T17:31:55.300	15.260	18.480	
1993-012T17:16:35.800	16.106	18.480	
1993-012T20:24:08.200	16.106	18.480	
1993-012T20:35:25.800	16.106	18.480	
1993-012T17:14:10.700	16.106	18.480	
1993-012T17:26:40.800	15.260	18.480	
1993-012T20:43:54.000	16.106	18.480	
1993-012T17:04:54.100	16.106	18.480	
1993-033T20:15:51.100	15.260	18.480	
1993-012T17:19:25.300	16.106	18.480	
1993-033T20:46:06.800	15.260	18.480	
1993-012T20:42:17.100	15.260	18.480	
1993-012T16:50:23.100	16.106	18.480	
1993-012T17:21:53.400	5.3700	18.480	
1993-012T17:27:53.300	15.260	18.480	
1993-012T17:19:25.300	16.106	18.480	
1993-012T20:45:06.500	16.106	18.480	
1993-033T21:13:57.200	16.106	18.480	
1993-033T20:43:44.600	13.199	18.460	
1993-012T16:54:03.800	13.199	18.460	
1993-012T20:12:53.600	13.199	18.460	
1993-012T21:02:30.200	13.199	18.460	
1993-012T17:25:25.100	16.784	18.450	
1993-012T16:59:36.500	16.784	18.450	
1993-012T16:54:46.100	16.784	18.450	
1993-012T17:24:12.500	16.784	18.450	
1993-033T21:12:47.600	6.8990	18.450	
1993-033T20:08:08.100	16.784	18.450	
1993-033T20:14:11.200	10.943	18.440	
1993-012T20:28:55.600	15.704	18.440	
1993-012T21:01:59.900	15.704	18.440	
1993-012T20:14:06.300	19.338	18.440	
1993-033T20:24:19.500	6.9890	18.440	
1993-012T17:27:01.800	18.357	18.430	
1993-033T20:41:19.300	7.5460	18.430	
1993-012T17:17:00.100	8.2970	18.420	
1993-012T17:08:07.800	5.7940	18.420	
1993-012T20:44:18.100	8.2970	18.420	
1993-012T16:55:58.700	8.4340	18.420	
1993-012T17:34:17.400	9.7320	18.420	
1993-012T20:34:58.500	8.4340	18.420	
1993-012T21:17:46.600	13.794	18.410	
1993-012T20:31:48.000	13.479	18.410	
1993-012T20:16:28.400	13.479	18.410	
1993-012T16:57:41.600	13.697	18.400	
1993-012T17:00:31.000	13.697	18.400	
1993-012T17:07:22.300	13.697	18.400	
1993-033T20:25:35.100	13.697	18.400	
1993-012T17:43:37.000	14.114	18.390	
1993-012T17:12:33.900	5.6910	18.390	
1993-012T18:04:32.100	22.215	18.390	
1993-012T17:39:10.800	14.114	18.390	
1993-012T20:31:48.000	13.167	18.380	
1993-033T20:28:48.800	8.5190	18.380	
1993-012T17:54:27.200	20.725	18.380	
1993-012T16:48:46.300	13.167	18.380	
1993-012T17:36:00.300	8.5190	18.380	
1993-012T20:20:27.400	15.917	18.370	
1993-012T20:20:27.400	15.917	18.370	
1993-012T17:22:41.800	7.8320	18.370	
1993-012T16:48:19.000	15.917	18.370	
1993-012T16:53:33.600	15.917	18.370	
1993-012T20:14:30.500	7.8320	18.370	
1993-012T20:17:13.800	15.917	18.370	
1993-012T17:14:34.900	12.104	18.370	
1993-033T20:30:01.500	7.8320	18.370	
1993-012T21:01:11.500	15.917	18.370	
1993-012T17:43:15.800	7.8320	18.370	
1993-012T16:54:52.300	7.8320	18.370	
1993-012T17:27:05.000	8.1730	18.360	
1993-033T20:03:41.800	12.679	18.360	
1993-033T20:23:09.900	12.230	18.360	
1993-012T20:21:15.800	12.679	18.360	
1993-012T20:49:57.000	15.595	18.340	
1993-012T21:04:52.300	15.595	18.340	
1993-012T16:55:37.600	15.595	18.340	
1993-012T20:24:08.200	15.595	18.340	
1993-012T17:17:24.300	15.595	18.340	
1993-012T17:14:59.100	15.595	18.340	
1993-012T17:19:49.500	15.595	18.340	
1993-012T20:27:21.800	15.595	18.340	
1993-012T20:51:57.900	14.436	18.340	
1993-012T17:21:26.200	15.595	18.340	
1993-012T20:21:18.800	14.436	18.340	
1993-012T16:48:22.100	15.595	18.340	
1993-012T20:26:33.400	15.595	18.340	
1993-012T17:06:31.000	15.595	18.340	
1993-012T21:09:42.600	15.595	18.340	
1993-012T17:02:04.800	14.436	18.340	
1993-012T17:31:31.100	15.595	18.340	
1993-012T21:18:59.300	15.595	18.340	
1993-012T17:50:52.500	14.436	18.340	
1993-012T21:06:53.300	15.595	18.340	
1993-012T20:28:58.600	15.595	18.340	
1993-012T17:02:04.800	15.595	18.340	
1993-012T20:51:57.900	15.595	18.340	
1993-033T20:56:36.200	15.595	18.340	
1993-012T20:39:24.700	17.004	18.330	
1993-012T17:49:12.600	17.004	18.330	
1993-012T20:19:14.800	17.004	18.330	
1993-012T17:35:54.200	17.004	18.330	
1993-012T17:00:49.100	17.004	18.330	
1993-033T21:09:09.700	11.070	18.330	
1993-012T17:13:19.200	17.004	18.330	
1993-012T17:32:40.600	8.2780	18.330	
1993-012T19:55:02.800	17.004	18.330	
1993-012T17:55:39.800	17.004	18.330	
1993-012T17:27:29.100	16.974	18.320	
1993-012T20:52:22.100	16.974	18.320	
1993-033T20:35:40.400	8.3200	18.320	
1993-012T17:28:41.800	16.974	18.320	
1993-012T20:17:41.000	16.974	18.320	
1993-033T20:34:48.900	16.974	18.320	
1993-012T17:37:58.300	16.974	18.320	
1993-012T20:29:50.000	10.983	18.320	
1993-033T20:22:18.500	16.974	18.320	
1993-012T20:39:52.000	16.974	18.320	
1993-012T20:41:04.600	16.974	18.320	
1993-012T20:19:42.000	16.974	18.320	
1993-033T21:08:18.300	16.974	18.320	
1993-012T16:51:14.500	16.327	18.310	
1993-012T20:58:28.200	16.327	18.310	
1993-012T16:58:05.800	16.327	18.310	
1993-012T17:12:36.900	16.327	18.310	
1993-033T21:15:37.100	16.327	18.310	
1993-012T17:39:13.800	16.327	18.310	
1993-012T20:22:58.600	16.327	18.310	
1993-012T17:39:38.000	16.327	18.310	
1993-033T21:29:20.300	16.327	18.310	
1993-012T17:09:47.500	16.327	18.310	
1993-012T20:27:00.600	16.327	18.310	
1993-012T17:49:18.700	16.327	18.310	
1993-012T20:13:17.800	16.327	18.310	
1993-012T17:08:10.800	18.161	18.310	
1993-012T17:18:15.600	16.327	18.310	
1993-012T17:42:03.200	16.327	18.310	
1993-033T21:25:42.400	16.327	18.310	
1993-012T20:34:16.200	16.327	18.310	
1993-012T20:45:58.000	16.327	18.310	
1993-033T21:12:47.600	16.327	18.310	
1993-012T20:58:28.200	16.327	18.310	
1993-033T21:15:12.900	16.327	18.310	
1993-012T17:54:09.100	16.327	18.310	
1993-033T20:22:45.600	16.327	18.310	
1993-012T20:39:06.600	16.327	18.310	
1993-033T20:13:53.100	16.327	18.310	
1993-033T21:01:54.000	16.327	18.310	
1993-033T20:08:14.100	16.327	18.310	
1993-012T16:48:25.100	16.327	18.310	
1993-012T20:37:05.600	16.327	18.310	
1993-012T20:42:20.200	16.327	18.310	
1993-033T20:55:26.600	16.327	18.310	
1993-033T21:10:46.600	16.327	18.310	
1993-012T20:31:26.800	16.327	18.310	
1993-012T20:38:42.400	16.327	18.310	
1993-012T21:23:04.300	16.327	18.310	
1993-012T20:19:20.800	16.327	18.310	
1993-012T17:29:09.000	16.327	18.310	
1993-012T17:25:07.000	16.327	18.310	
1993-012T20:43:32.800	16.327	18.310	
1993-033T21:32:58.100	16.327	18.310	
1993-012T17:11:48.500	16.327	18.310	
1993-033T21:18:50.800	16.327	18.310	
1993-012T17:06:34.000	16.327	18.310	
1993-012T19:10:22.800	16.327	18.310	
1993-012T20:16:31.500	16.327	18.310	
1993-012T17:08:59.100	16.327	18.310	
1993-012T20:45:09.600	16.327	18.310	
1993-012T20:45:09.600	16.327	18.310	
1993-033T20:18:40.500	18.047	18.300	
1993-012T20:12:50.600	18.047	18.300	
1993-012T20:17:19.800	14.852	18.290	
1993-033T20:47:46.600	14.852	18.290	
1993-012T17:32:22.500	14.852	18.290	
1993-012T20:40:43.400	14.852	18.290	
1993-012T20:02:21.500	7.3350	18.290	
1993-012T17:48:30.300	14.852	18.290	
1993-012T20:27:49.000	14.852	18.290	
1993-033T21:27:43.400	14.852	18.290	
1993-012T16:58:54.200	14.852	18.290	
1993-012T17:36:24.500	14.852	18.290	
1993-033T20:59:25.700	7.3350	18.290	
1993-033T20:46:58.200	14.852	18.290	
1993-012T17:15:20.100	16.132	18.280	
1993-012T20:35:47.000	16.132	18.280	
1993-033T20:20:41.600	8.0510	18.280	
1993-012T17:06:55.100	8.0510	18.280	
1993-012T20:46:16.100	16.132	18.280	
1993-033T20:08:08.100	16.132	18.280	
1993-033T20:47:40.600	8.5910	18.280	
1993-012T20:16:49.600	16.132	18.280	
1993-012T17:24:36.700	16.132	18.280	
1993-012T17:17:21.100	16.132	18.280	
1993-012T17:27:50.300	16.132	18.280	
1993-033T21:08:18.300	8.0510	18.280	
1993-012T20:31:23.800	5.4870	18.280	
1993-012T20:27:21.800	16.450	18.260	
1993-012T17:21:50.400	16.450	18.260	
1993-012T17:14:59.100	16.450	18.260	
1993-012T17:06:55.100	16.450	18.260	
1993-012T16:50:01.900	17.161	18.260	
1993-012T16:56:50.300	16.450	18.260	
1993-012T21:17:01.300	17.161	18.260	
1993-012T17:06:31.000	16.450	18.260	
1993-012T17:42:00.100	14.763	18.260	
1993-033T20:38:29.800	17.161	18.260	
1993-012T17:32:22.500	17.161	18.260	
1993-012T20:32:12.200	16.450	18.260	
1993-033T21:01:26.700	16.450	18.260	
1993-012T20:45:33.800	17.161	18.260	
1993-012T20:20:06.200	14.763	18.260	
1993-012T17:44:01.100	16.450	18.260	
1993-012T21:23:49.600	16.450	18.260	
1993-012T17:13:46.500	16.450	18.260	
1993-012T17:12:33.900	16.450	18.260	
1993-012T17:01:16.400	16.450	18.260	
1993-012T17:19:01.000	16.450	18.260	
1993-012T20:43:54.000	16.450	18.260	
1993-012T17:42:00.100	16.450	18.260	
1993-012T20:57:15.500	17.161	18.260	
1993-012T17:33:07.900	16.450	18.260	
1993-012T20:43:54.000	16.450	18.260	
1993-012T17:10:32.900	16.450	18.260	
1993-012T17:16:11.600	16.450	18.260	
1993-012T16:57:41.600	17.161	18.260	
1993-012T20:54:26.100	17.161	18.260	
1993-012T20:53:59.000	14.763	18.260	
1993-033T20:56:12.000	9.0580	18.260	
1993-012T20:35:25.800	16.450	18.260	
1993-012T20:29:22.800	16.450	18.260	
1993-012T16:52:48.300	16.450	18.260	
1993-012T20:45:06.500	16.450	18.260	
1993-012T20:15:40.000	16.450	18.260	
1993-033T21:03:52.000	16.450	18.260	
1993-012T20:25:45.000	14.763	18.260	
1993-012T17:46:02.100	16.450	18.260	
1993-033T20:17:52.100	16.450	18.260	
1993-012T20:08:03.300	14.204	18.250	
1993-012T20:36:17.200	14.204	18.250	
1993-012T16:52:27.100	14.204	18.250	
1993-033T21:20:51.900	14.204	18.250	
1993-012T17:06:09.800	14.204	18.250	
1993-012T17:14:56.000	14.455	18.250	
1993-033T21:33:46.600	14.204	18.250	
1993-012T20:22:10.200	14.204	18.250	
1993-012T17:17:27.300	14.204	18.250	
1993-033T21:01:29.800	14.204	18.250	
1993-033T21:24:29.800	14.204	18.250	
1993-033T21:29:44.500	14.204	18.250	
1993-012T17:54:33.300	8.1230	18.240	
1993-012T16:55:37.600	12.554	18.240	
1993-012T20:18:32.500	8.1230	18.240	
1993-012T17:02:07.800	8.1230	18.240	
1993-033T20:16:18.300	8.1230	18.240	
1993-012T17:55:15.600	17.900	18.240	
1993-033T21:28:28.800	12.554	18.240	
1993-012T21:12:59.300	8.1230	18.240	
1993-012T20:20:33.500	8.1230	18.240	
1993-012T20:31:26.800	8.1230	18.240	
1993-012T20:29:50.000	8.1230	18.240	
1993-012T20:11:41.100	15.514	18.230	
1993-012T20:59:40.700	15.514	18.230	
1993-033T21:27:43.400	15.514	18.230	
1993-033T20:11:27.800	15.514	18.230	
1993-012T16:48:25.100	15.514	18.230	
1993-012T21:02:06.000	15.514	18.230	
1993-012T20:26:57.600	8.8000	18.230	
1993-012T20:21:21.800	15.514	18.230	
1993-012T17:27:08.000	15.514	18.230	
1993-012T20:52:49.400	7.6400	18.230	
1993-012T17:12:12.700	15.514	18.230	
1993-012T21:01:17.600	15.514	18.230	
1993-033T21:20:27.600	15.514	18.230	
1993-012T20:14:06.300	15.514	18.230	
1993-012T20:47:59.000	15.514	18.230	
1993-012T16:48:49.300	15.514	18.230	
1993-012T16:51:38.700	15.514	18.230	
1993-012T20:41:31.800	15.514	18.230	
1993-033T20:09:51.000	15.514	18.230	
1993-012T20:27:00.600	15.514	18.230	
1993-012T20:49:11.600	15.514	18.230	
1993-012T20:30:14.200	7.6400	18.230	
1993-033T20:48:10.800	15.514	18.230	
1993-012T20:24:59.600	15.514	18.230	
1993-033T20:59:04.500	15.514	18.230	
1993-012T20:17:44.000	15.514	18.230	
1993-012T21:03:42.800	15.514	18.230	
1993-012T20:49:11.600	15.514	18.230	
1993-012T17:06:09.800	15.514	18.230	
1993-012T17:00:24.900	8.4340	18.210	
1993-012T17:33:53.200	8.4340	18.210	
1993-012T20:49:35.800	11.759	18.210	
1993-012T20:39:24.700	8.4340	18.210	
1993-012T18:14:37.100	13.454	18.200	
1993-012T16:51:32.600	14.866	18.200	
1993-033T21:22:22.600	16.348	18.190	
1993-012T17:44:22.300	16.348	18.190	
1993-033T20:51:42.700	16.348	18.190	
1993-012T17:50:01.100	16.348	18.190	
1993-012T20:31:20.800	17.226	18.190	
1993-033T20:45:42.600	5.7940	18.190	
1993-012T16:54:00.800	5.7940	18.190	
1993-033T21:03:24.800	16.348	18.190	
1993-012T17:15:20.100	16.348	18.190	
1993-012T20:28:07.100	16.348	18.190	
1993-012T20:26:54.600	16.348	18.190	
1993-012T21:13:41.600	16.348	18.190	
1993-012T16:54:46.100	16.348	18.190	
1993-012T20:29:47.000	10.538	18.190	
1993-012T17:01:37.500	16.348	18.190	
1993-012T17:12:58.100	8.5470	18.170	
1993-012T16:54:52.300	13.075	18.170	
1993-012T17:19:28.300	13.075	18.170	
1993-012T17:44:49.500	8.5470	18.170	
1993-012T18:11:50.800	15.935	18.160	
1993-012T17:39:59.200	15.935	18.160	
1993-012T20:37:02.600	15.935	18.160	
1993-012T20:19:17.800	15.935	18.160	
1993-012T17:07:19.300	15.935	18.160	
1993-012T20:42:41.300	15.935	18.160	
1993-012T17:45:37.900	15.935	18.160	
1993-012T17:36:21.500	15.935	18.160	
1993-012T20:27:46.000	15.935	18.160	
1993-033T21:27:16.200	15.935	18.160	
1993-012T20:59:13.500	15.935	18.160	
1993-012T17:19:01.000	15.935	18.160	
1993-012T17:36:21.500	15.935	18.160	
1993-012T17:11:21.300	15.935	18.160	
1993-012T17:19:25.300	15.935	18.160	
1993-033T20:35:58.500	8.9100	18.160	
1993-033T21:24:26.700	15.935	18.160	
1993-012T17:15:23.300	15.935	18.160	
1993-012T17:53:17.600	15.935	18.160	
1993-012T20:45:06.500	15.935	18.160	
1993-033T20:25:56.300	15.935	18.160	
1993-012T17:15:47.500	15.935	18.160	
1993-033T20:58:13.100	15.935	18.160	
1993-012T17:56:07.000	15.935	18.160	
1993-012T16:53:12.500	15.935	18.160	
1993-033T20:19:53.200	15.935	18.160	
1993-012T20:20:54.600	15.935	18.160	
1993-012T16:58:51.200	15.935	18.160	
1993-012T17:35:08.900	15.935	18.160	
1993-012T20:35:01.600	15.935	18.160	
1993-012T20:31:48.000	15.935	18.160	
1993-012T16:48:22.100	15.935	18.160	
1993-012T17:24:39.800	15.935	18.160	
1993-012T17:28:17.600	15.935	18.160	
1993-012T20:50:21.100	15.935	18.160	
1993-012T20:32:57.600	8.9100	18.160	
1993-012T17:19:01.000	15.935	18.160	
1993-012T17:08:56.100	15.935	18.160	
1993-012T16:58:27.000	15.093	18.150	
1993-012T20:22:31.400	15.093	18.150	
1993-012T20:10:46.600	23.757	18.150	
1993-012T16:51:35.700	15.093	18.150	
1993-012T17:12:58.100	15.093	18.150	
1993-012T21:06:53.300	15.093	18.150	
1993-012T21:06:29.100	15.093	18.150	
1993-012T17:53:17.600	15.093	18.150	
1993-033T20:47:43.600	15.093	18.150	
1993-012T17:37:09.900	15.093	18.150	
1993-012T20:47:56.000	15.093	18.150	
1993-033T20:20:41.600	15.093	18.150	
1993-033T21:19:36.100	15.093	18.150	
1993-033T20:11:24.800	15.093	18.150	
1993-012T16:50:01.900	7.9280	18.140	
1993-012T17:28:20.600	7.9280	18.140	
1993-012T20:31:02.600	7.9280	18.140	
1993-012T17:37:12.900	7.9280	18.140	
1993-033T20:13:28.900	7.9280	18.140	
1993-033T21:30:32.900	7.9280	18.140	
1993-012T20:08:27.500	7.9280	18.140	
1993-012T20:25:48.000	7.9280	18.140	
1993-033T20:14:41.500	7.9280	18.140	
1993-012T20:39:24.700	8.2780	18.130	
1993-012T20:43:02.500	8.2780	18.130	
1993-012T17:06:27.800	8.7500	18.120	
1993-012T17:29:51.200	15.282	18.120	
1993-012T17:30:15.500	13.064	18.120	
1993-033T20:53:22.500	8.4210	18.120	
1993-033T20:59:28.700	13.571	18.110	
1993-012T17:46:05.100	13.571	18.110	
1993-012T20:59:16.600	13.571	18.110	
1993-012T17:27:08.000	13.571	18.110	
1993-033T20:51:24.500	13.571	18.110	
1993-012T17:21:29.200	13.571	18.110	
1993-012T17:07:46.500	13.571	18.110	
1993-012T17:00:00.700	16.565	18.080	
1993-012T17:37:06.800	16.565	18.080	
1993-012T20:30:08.100	16.565	18.080	
1993-012T20:34:58.500	16.565	18.080	
1993-012T20:39:00.500	16.565	18.080	
1993-012T17:19:22.100	16.565	18.080	
1993-012T20:50:45.300	8.2970	18.070	
1993-012T20:43:54.000	13.636	18.070	
1993-012T20:26:33.400	13.636	18.070	
1993-012T20:08:45.600	18.128	18.060	
1993-033T21:03:00.500	18.128	18.060	
1993-012T17:48:51.500	11.517	18.060	
1993-012T17:33:53.200	20.970	18.060	
1993-012T17:00:00.700	15.492	18.060	
1993-012T17:32:46.700	8.6200	18.060	
1993-012T20:14:24.400	15.492	18.060	
1993-012T17:27:50.300	15.492	18.060	
1993-012T20:37:48.000	15.492	18.060	
1993-012T20:33:00.600	13.954	18.050	
1993-033T21:25:15.100	13.954	18.050	
1993-012T20:51:33.700	13.954	18.050	
1993-012T16:54:49.300	13.954	18.050	
1993-012T21:04:31.200	16.190	18.040	
1993-012T17:20:16.600	16.190	18.040	
1993-012T17:39:13.800	16.190	18.040	
1993-033T21:11:59.200	16.190	18.040	
1993-012T20:31:26.800	16.190	18.040	
1993-012T16:48:49.300	16.190	18.040	
1993-012T20:54:02.000	16.190	18.040	
1993-012T17:26:19.600	16.190	18.040	
1993-012T21:23:52.700	16.190	18.040	
1993-012T17:17:27.300	16.190	18.040	
1993-012T17:29:33.100	16.190	18.040	
1993-033T20:28:48.800	16.190	18.040	
1993-012T20:05:13.900	16.190	18.040	
1993-012T21:05:43.800	16.190	18.040	
1993-012T20:38:18.200	16.190	18.040	
1993-012T17:24:42.800	16.190	18.040	
1993-033T20:09:26.800	16.190	18.040	
1993-012T20:43:32.800	16.190	18.040	
1993-033T21:14:24.500	16.190	18.040	
1993-033T21:04:19.200	16.190	18.040	
1993-012T17:18:39.800	16.190	18.040	
1993-033T21:25:42.400	16.190	18.040	
1993-012T17:12:12.700	16.190	18.040	
1993-012T17:34:47.700	16.190	18.040	
1993-012T21:24:16.900	16.190	18.040	
1993-012T17:16:14.600	16.190	18.040	
1993-012T17:10:11.700	16.190	18.040	
1993-012T17:11:48.500	16.190	18.040	
1993-033T21:18:26.600	16.190	18.040	
1993-012T20:37:05.600	16.190	18.040	
1993-033T20:08:14.100	16.190	18.040	
1993-012T20:10:04.300	16.190	18.040	
1993-033T20:23:52.300	17.449	18.040	
1993-012T17:54:57.500	16.190	18.040	
1993-012T17:58:59.500	16.190	18.040	
1993-012T17:42:51.600	16.190	18.040	
1993-012T17:42:51.600	16.190	18.040	
1993-012T21:04:55.400	16.190	18.040	
1993-012T20:41:56.000	16.190	18.040	
1993-012T20:33:03.600	16.190	18.040	
1993-033T20:09:02.600	16.190	18.040	
1993-033T21:14:48.600	16.190	18.040	
1993-012T21:23:52.700	16.190	18.040	
1993-012T21:12:11.000	16.190	18.040	
1993-012T20:57:15.500	16.190	18.040	
1993-033T21:18:26.600	16.190	18.040	
1993-012T17:29:09.000	16.190	18.040	
1993-012T16:59:42.600	16.190	18.040	
1993-012T21:09:21.600	16.190	18.040	
1993-033T21:22:28.700	16.190	18.040	
1993-012T20:50:48.300	8.4190	18.030	
1993-033T20:06:10.100	13.012	18.030	
1993-033T20:31:38.300	8.4190	18.030	
1993-012T17:19:49.500	17.328	18.020	
1993-033T21:15:58.300	17.328	18.020	
1993-012T21:03:15.600	17.328	18.020	
1993-012T20:51:09.500	17.328	18.020	
1993-012T20:25:20.800	17.328	18.020	
1993-033T20:20:20.400	10.957	18.020	
1993-012T20:19:42.000	15.427	18.010	
1993-033T20:10:09.200	18.819	18.010	
1993-033T20:10:39.500	7.7360	18.010	
1993-012T17:44:01.100	15.427	18.010	
1993-012T16:52:24.100	16.799	18.010	
1993-012T17:32:43.700	15.427	18.010	
1993-012T17:28:20.600	7.7360	18.010	
1993-033T20:24:19.500	16.799	18.010	
1993-033T20:47:19.400	15.427	18.010	
1993-012T16:49:34.700	15.427	18.010	
1993-012T16:57:14.500	16.799	18.010	
1993-033T20:41:40.500	15.427	18.010	
1993-033T20:13:25.900	15.427	18.010	
1993-012T16:53:12.500	15.427	18.010	
1993-012T16:52:24.100	15.427	18.010	
1993-012T20:57:12.500	15.427	18.010	
1993-012T20:28:34.400	16.799	18.010	
1993-033T20:17:52.100	15.427	18.010	
1993-012T17:16:35.800	15.427	18.010	
1993-012T17:07:43.500	15.427	18.010	
1993-012T17:28:17.600	16.799	18.010	
1993-012T17:17:48.500	16.799	18.010	
1993-012T20:25:45.000	15.427	18.010	
1993-033T21:26:55.000	14.721	18.010	
1993-033T20:24:19.500	16.799	18.010	
1993-012T16:55:13.500	15.427	18.010	
1993-033T20:35:37.300	14.275	18.010	
1993-012T17:35:08.900	16.799	18.010	
1993-033T20:25:56.300	14.275	18.010	
1993-012T21:21:48.600	15.427	18.010	
1993-012T20:13:36.000	12.679	18.010	
1993-012T21:05:43.800	14.721	18.010	
1993-012T19:48:38.700	16.799	18.010	
1993-012T17:44:49.500	15.427	18.010	
1993-033T20:57:24.600	16.799	18.010	
1993-033T20:22:45.600	10.869	18.010	
1993-012T17:53:17.600	14.275	18.010	
1993-012T16:49:10.500	15.427	18.010	
1993-012T20:39:27.800	14.275	18.010	
1993-012T20:34:37.400	16.799	18.010	
1993-012T20:58:00.900	16.799	18.010	
1993-012T20:49:57.000	16.799	18.010	
1993-033T21:00:14.100	15.427	18.010	
1993-012T17:21:26.200	16.799	18.010	
1993-033T20:28:48.800	17.021	18.000	
1993-033T20:17:31.000	17.021	18.000	
1993-033T21:03:55.000	17.021	18.000	
1993-033T21:20:51.900	17.021	18.000	
1993-033T20:58:10.100	8.4340	18.000	
1993-012T20:23:22.800	17.021	18.000	
1993-012T17:05:45.600	17.021	18.000	
1993-012T17:20:40.800	17.021	18.000	
1993-033T21:18:26.600	17.021	18.000	
1993-012T20:35:04.600	17.021	18.000	
1993-033T21:10:46.600	17.021	18.000	
1993-012T20:16:55.600	17.021	18.000	
1993-012T17:00:31.000	17.021	18.000	
1993-012T20:29:01.600	17.021	18.000	
1993-012T17:12:36.900	17.021	18.000	
1993-012T17:37:34.100	17.866	17.990	
1993-012T17:08:07.800	17.866	17.990	
1993-012T17:35:30.000	15.704	17.980	
1993-012T16:56:23.000	15.704	17.980	
1993-033T20:33:09.100	15.704	17.980	
1993-012T20:57:33.700	15.704	17.980	
1993-033T21:11:04.700	15.704	17.980	
1993-012T18:02:37.200	8.2210	17.970	
1993-012T20:35:04.600	8.2210	17.970	
1993-033T20:17:06.700	8.2210	17.970	
1993-012T20:42:38.300	35.039	17.970	
1993-012T17:12:12.700	8.2210	17.970	
1993-033T20:42:31.900	8.2210	17.970	
1993-012T17:01:43.600	8.2210	17.970	
1993-012T16:54:49.300	5.7940	17.970	
1993-033T20:26:23.600	8.2210	17.970	
1993-012T20:27:49.000	8.2210	17.970	
1993-033T21:09:34.000	14.077	17.970	
1993-012T17:44:04.100	14.077	17.970	
1993-033T21:04:43.500	14.077	17.970	
1993-012T20:03:12.900	8.2210	17.970	
1993-012T21:03:18.600	14.077	17.970	
1993-033T20:26:41.700	16.784	17.960	
1993-012T20:36:59.500	16.784	17.960	
1993-012T21:01:35.600	16.784	17.960	
1993-012T16:53:33.600	16.784	17.960	
1993-012T18:02:07.000	16.784	17.960	
1993-012T16:59:12.300	16.784	17.960	
1993-012T20:28:55.600	16.784	17.960	
1993-012T17:13:19.200	16.784	17.960	
1993-033T21:07:02.600	16.784	17.960	
1993-033T21:15:06.800	16.784	17.960	
1993-012T17:30:15.500	16.784	17.960	
1993-033T20:32:44.800	16.784	17.960	
1993-012T16:58:30.000	15.380	17.950	
1993-012T20:25:23.800	15.380	17.950	
1993-012T21:23:28.500	15.380	17.950	
1993-012T16:52:02.900	15.380	17.950	
1993-033T20:08:14.100	15.380	17.950	
1993-012T20:44:45.400	15.380	17.950	
1993-012T17:17:27.300	15.380	17.950	
1993-012T17:05:21.300	15.380	17.950	
1993-033T20:19:07.800	15.380	17.950	
1993-033T21:32:09.700	15.380	17.950	
1993-012T17:10:11.700	15.380	17.950	
1993-033T20:21:57.300	15.380	17.950	
1993-012T21:03:42.800	15.380	17.950	
1993-012T20:34:16.200	15.380	17.950	
1993-012T17:17:51.500	15.380	17.950	
1993-012T20:42:44.400	15.380	17.950	
1993-012T19:54:38.600	7.0850	17.950	
1993-012T20:52:25.100	15.380	17.950	
1993-012T17:19:52.500	15.380	17.950	
1993-012T17:11:00.100	15.380	17.950	
1993-012T17:17:51.500	15.380	17.950	
1993-033T20:40:30.900	15.380	17.950	
1993-012T17:25:07.000	15.380	17.950	
1993-012T17:46:05.100	15.380	17.950	
1993-033T20:47:22.500	15.380	17.950	
1993-012T20:11:13.800	16.277	17.940	
1993-012T17:25:04.000	16.277	17.940	
1993-012T17:02:29.000	16.277	17.940	
1993-012T20:21:43.000	16.277	17.940	
1993-033T21:25:15.100	16.277	17.940	
1993-012T17:11:45.500	16.277	17.940	
1993-033T20:40:52.100	16.277	17.940	
1993-012T17:34:20.500	16.277	17.940	
1993-033T20:36:50.000	16.277	17.940	
1993-012T17:19:25.300	16.277	17.940	
1993-012T19:54:14.500	7.9710	17.940	
1993-033T20:21:08.800	10.532	17.940	
1993-033T20:13:50.100	16.277	17.940	
1993-012T21:05:40.700	16.277	17.940	
1993-012T20:29:22.800	16.277	17.940	
1993-012T20:35:25.800	16.277	17.940	
1993-033T20:50:33.100	16.277	17.940	
1993-012T20:47:31.800	16.277	17.940	
1993-012T17:00:03.800	16.277	17.940	
1993-012T20:15:40.000	8.0510	17.940	
1993-012T17:21:26.200	16.277	17.940	
1993-033T20:58:37.300	16.277	17.940	
1993-012T20:05:59.300	16.277	17.940	
1993-012T20:43:05.600	16.277	17.940	
1993-012T17:24:39.800	16.277	17.940	
1993-012T21:12:07.800	16.277	17.940	
1993-033T21:18:23.500	16.277	17.940	
1993-012T17:19:01.000	16.277	17.940	
1993-012T20:24:56.600	16.277	17.940	
1993-012T17:43:12.800	16.277	17.940	
1993-012T19:53:29.100	16.277	17.940	
1993-012T20:14:51.600	16.277	17.940	
1993-012T20:24:56.600	16.277	17.940	
1993-012T16:54:49.300	16.277	17.940	
1993-012T21:20:36.100	16.277	17.940	
1993-012T17:33:32.100	16.277	17.940	
1993-012T20:19:17.800	16.277	17.940	
1993-012T20:41:28.800	16.277	17.940	
1993-012T21:17:22.500	16.277	17.940	
1993-012T20:27:46.000	16.277	17.940	
1993-012T17:49:39.900	16.277	17.940	
1993-012T17:46:02.100	16.277	17.940	
1993-012T18:04:35.200	6.6520	17.930	
1993-012T17:33:56.300	14.599	17.930	
1993-012T17:17:48.500	14.599	17.930	
1993-012T17:31:31.100	14.599	17.930	
1993-033T21:01:23.700	9.7320	17.930	
1993-033T20:25:53.300	8.2780	17.930	
1993-012T20:49:05.500	8.2780	17.930	
1993-012T17:17:45.300	8.7500	17.910	
1993-012T18:01:42.800	8.7500	17.910	
1993-033T20:29:31.100	15.917	17.900	
1993-012T20:45:30.800	10.261	17.900	
1993-012T16:58:30.000	11.643	17.900	
1993-012T17:27:50.300	15.917	17.900	
1993-033T20:57:21.600	15.917	17.900	
1993-012T20:35:25.800	18.412	17.900	
1993-012T16:59:12.300	15.917	17.900	
1993-012T16:58:23.900	15.917	17.900	
1993-012T17:39:56.100	15.917	17.900	
1993-012T20:33:46.000	15.917	17.900	
1993-012T17:06:27.800	15.917	17.900	
1993-012T17:31:34.100	8.0250	17.890	
1993-012T17:26:43.800	8.0250	17.890	
1993-033T20:18:19.300	8.0250	17.890	
1993-012T20:35:28.800	8.0250	17.890	
1993-012T17:13:49.500	8.0250	17.890	
1993-012T20:37:29.800	8.0250	17.890	
1993-012T17:51:43.900	8.0250	17.890	
1993-033T20:16:18.300	8.0250	17.890	
1993-012T20:55:14.500	8.0250	17.890	
1993-012T20:24:59.600	8.0250	17.890	
1993-012T20:32:33.300	17.674	17.880	
1993-012T17:19:52.500	7.2650	17.880	
1993-012T17:07:40.500	5.8540	17.880	
1993-033T20:58:10.100	17.674	17.880	
1993-033T20:52:13.000	7.5460	17.870	
1993-033T20:43:20.300	7.5460	17.870	
1993-012T18:17:53.800	11.662	17.870	
1993-012T16:52:02.900	7.5460	17.870	
1993-012T20:20:57.600	7.5460	17.870	
1993-033T20:51:48.800	7.5460	17.870	
1993-012T20:54:26.100	12.468	17.860	
1993-012T20:44:42.300	7.9290	17.860	
1993-012T17:42:48.600	8.8000	17.850	
1993-012T20:36:14.200	15.764	17.840	
1993-012T17:23:27.200	15.764	17.840	
1993-012T17:23:27.200	15.764	17.840	
1993-012T20:49:32.700	15.764	17.840	
1993-012T21:11:43.600	15.764	17.840	
1993-012T17:11:21.300	15.764	17.840	
1993-012T17:08:32.000	15.764	17.840	
1993-033T21:11:32.000	15.764	17.840	
1993-012T20:20:54.600	15.764	17.840	
1993-012T17:11:45.500	15.764	17.840	
1993-012T16:51:59.900	15.764	17.840	
1993-012T16:59:39.600	15.764	17.840	
1993-012T20:23:19.800	15.764	17.840	
1993-012T17:08:32.000	15.764	17.840	
1993-012T19:51:03.900	15.764	17.840	
1993-033T21:10:43.500	15.764	17.840	
1993-012T16:50:47.300	15.764	17.840	
1993-012T17:48:27.300	15.764	17.840	
1993-012T17:18:36.800	15.764	17.840	
1993-012T20:51:09.500	15.764	17.840	
1993-012T16:57:14.500	15.764	17.840	
1993-033T21:01:02.500	15.764	17.840	
1993-012T20:27:46.000	15.764	17.840	
1993-012T17:21:02.000	15.764	17.840	
1993-012T20:30:35.400	15.764	17.840	
1993-012T20:40:40.300	15.764	17.840	
1993-033T21:26:27.800	15.764	17.840	
1993-012T17:42:24.300	14.928	17.830	
1993-012T17:35:36.100	9.6590	17.830	
1993-012T20:11:13.800	14.928	17.830	
1993-012T17:57:19.600	14.928	17.830	
1993-012T16:56:50.300	14.928	17.830	
1993-033T20:23:34.100	9.6590	17.830	
1993-012T17:14:59.100	14.928	17.830	
1993-012T20:22:28.400	17.004	17.820	
1993-012T16:57:11.300	17.004	17.820	
1993-012T16:53:39.600	13.447	17.820	
1993-012T20:42:14.100	17.004	17.820	
1993-033T20:47:16.400	17.004	17.820	
1993-012T17:42:45.500	17.004	17.820	
1993-012T17:36:48.700	13.447	17.820	
1993-033T21:12:23.400	13.447	17.820	
1993-012T21:10:34.100	13.447	17.820	
1993-012T20:40:13.100	16.132	17.810	
1993-012T20:15:12.800	16.132	17.810	
1993-012T17:49:12.600	16.132	17.810	
1993-012T16:54:22.000	16.132	17.810	
1993-012T20:23:41.000	16.132	17.810	
1993-012T20:34:10.100	16.132	17.810	
1993-012T16:57:35.500	16.132	17.810	
1993-012T16:54:46.100	16.132	17.810	
1993-012T16:55:34.500	16.132	17.810	
1993-012T18:02:31.100	13.258	17.800	
1993-012T20:23:22.800	16.054	17.780	
1993-033T21:13:36.000	16.054	17.780	
1993-012T17:38:25.500	16.054	17.780	
1993-033T20:42:31.900	16.054	17.780	
1993-012T20:48:23.200	16.054	17.780	
1993-012T20:15:18.800	16.054	17.780	
1993-012T17:05:21.300	16.054	17.780	
1993-012T17:23:06.000	16.054	17.780	
1993-033T20:30:01.500	7.8320	17.780	
1993-012T17:00:31.000	16.054	17.780	
1993-012T21:12:59.300	16.054	17.780	
1993-012T20:40:43.400	16.054	17.780	
1993-033T21:09:09.700	16.054	17.780	
1993-012T20:49:35.800	16.054	17.780	
1993-033T21:28:56.000	16.054	17.780	
1993-012T20:20:09.300	16.054	17.780	
1993-033T20:41:43.500	16.054	17.780	
1993-033T20:15:30.000	16.054	17.780	
1993-012T20:22:58.600	16.054	17.780	
1993-012T20:43:57.000	16.054	17.780	
1993-012T17:21:29.200	16.054	17.780	
1993-012T20:55:14.500	16.054	17.780	
1993-012T17:12:36.900	16.054	17.780	
1993-033T21:08:21.300	16.054	17.780	
1993-012T17:14:37.900	16.054	17.780	
1993-033T21:13:36.000	16.054	17.780	
1993-012T17:04:57.100	16.054	17.780	
1993-012T20:57:15.500	16.054	17.780	
1993-012T17:04:57.100	16.054	17.780	
1993-012T20:09:15.900	16.054	17.780	
1993-012T20:54:02.000	16.054	17.780	
1993-012T17:10:11.700	16.054	17.780	
1993-033T20:32:47.900	12.104	17.780	
1993-012T20:19:20.800	16.054	17.780	
1993-012T17:32:46.700	16.054	17.780	
1993-012T16:53:39.600	16.054	17.780	
1993-012T21:06:32.200	16.054	17.780	
1993-033T21:20:03.400	16.054	17.780	
1993-012T20:16:07.300	16.054	17.780	
1993-012T17:22:17.600	16.054	17.780	
1993-012T20:31:51.000	16.054	17.780	
1993-012T20:39:55.000	16.054	17.780	
1993-012T20:29:50.000	16.054	17.780	
1993-012T17:15:02.100	16.054	17.780	
1993-012T17:08:04.600	19.052	17.780	
1993-033T21:10:46.600	16.054	17.780	
1993-012T16:59:42.600	16.054	17.780	
1993-012T17:11:00.100	16.054	17.780	
1993-012T17:36:00.300	16.054	17.780	
1993-033T21:09:09.700	16.054	17.780	
1993-012T16:57:17.500	16.054	17.780	
1993-012T17:27:32.100	7.8320	17.780	
1993-033T21:22:04.500	16.054	17.780	
1993-012T17:07:46.500	7.8320	17.780	
1993-012T17:33:59.300	7.8320	17.780	
1993-033T21:27:43.400	7.8320	17.780	
1993-012T20:20:57.600	7.8320	17.780	
1993-033T20:56:39.300	16.054	17.780	
1993-033T20:23:09.900	16.054	17.780	
1993-012T20:41:31.800	16.054	17.780	
1993-033T20:05:24.700	16.054	17.780	
1993-012T17:09:47.500	16.054	17.780	
1993-033T21:00:17.100	16.054	17.780	
1993-012T17:31:34.100	16.054	17.780	
1993-012T17:11:00.100	16.054	17.780	
1993-012T17:02:53.200	8.4210	17.760	
1993-012T21:21:03.300	11.993	17.760	
1993-012T18:14:40.100	8.4210	17.760	
1993-012T17:06:55.100	8.4210	17.760	
1993-012T17:19:25.300	8.4210	17.760	
1993-012T20:10:28.500	16.881	17.740	
1993-012T16:52:27.100	16.881	17.740	
1993-033T21:20:51.900	16.881	17.740	
1993-033T20:20:38.600	42.020	17.740	
1993-012T20:39:30.800	16.881	17.740	
1993-012T21:13:23.600	14.591	17.740	
1993-012T20:20:03.200	9.3990	17.740	
1993-012T20:31:02.600	14.591	17.740	
1993-012T20:29:01.600	16.881	17.740	
1993-012T16:48:25.100	14.591	17.740	
1993-012T20:57:39.800	16.881	17.740	
1993-012T17:56:58.500	14.591	17.740	
1993-033T21:15:37.100	16.881	17.740	
1993-012T21:14:36.100	16.881	17.740	
1993-033T21:00:17.100	16.881	17.740	
1993-033T20:58:16.100	16.881	17.740	
1993-033T21:35:47.600	16.881	17.740	
1993-012T17:33:10.900	16.881	17.740	
1993-012T17:41:08.700	7.9710	17.740	
1993-033T21:22:04.500	16.881	17.740	
1993-012T16:55:13.500	13.479	17.730	
1993-012T20:49:32.700	13.479	17.730	
1993-012T20:09:09.800	8.2780	17.730	
1993-012T21:24:35.000	15.073	17.730	
1993-012T17:05:21.300	8.7210	17.730	
1993-012T16:53:57.800	8.2780	17.730	
1993-012T20:24:53.600	21.216	17.730	
1993-033T20:25:35.100	8.5190	17.720	
1993-033T21:25:15.100	13.794	17.720	
1993-012T17:41:08.700	8.9100	17.720	
1993-033T21:29:41.500	5.6910	17.720	
1993-033T21:36:57.200	13.794	17.720	
1993-012T17:33:56.300	13.794	17.720	
1993-012T17:17:03.100	8.5190	17.720	
1993-012T17:53:20.700	8.5190	17.720	
1993-033T20:33:15.100	8.9250	17.720	
1993-012T17:10:29.800	8.9100	17.720	
1993-012T18:14:13.000	12.871	17.710	
1993-012T20:58:22.100	16.348	17.710	
1993-012T20:12:26.500	17.151	17.710	
1993-012T20:09:09.800	16.348	17.710	
1993-033T20:57:24.600	17.151	17.710	
1993-012T20:22:52.600	16.348	17.710	
1993-033T20:55:23.600	17.151	17.710	
1993-033T20:37:38.400	8.2970	17.710	
1993-012T16:52:24.100	17.151	17.710	
1993-012T19:44:09.500	12.871	17.710	
1993-033T20:08:56.700	12.871	17.710	
1993-012T17:23:48.300	16.348	17.710	
1993-012T21:04:00.800	16.348	17.710	
1993-012T16:55:10.300	16.348	17.710	
1993-012T18:11:02.400	17.151	17.710	
1993-012T20:32:12.200	17.151	17.710	
1993-012T17:39:10.800	17.151	17.710	
1993-012T17:29:06.000	16.624	17.700	
1993-033T20:28:24.600	10.756	17.700	
1993-033T20:59:01.500	16.624	17.700	
1993-012T20:41:04.600	16.624	17.700	
1993-012T20:40:16.100	16.624	17.700	
1993-033T20:34:45.900	17.900	17.700	
1993-012T20:41:53.000	16.624	17.700	
1993-012T17:12:33.900	16.624	17.700	
1993-012T17:49:39.900	16.624	17.700	
1993-012T20:39:03.600	16.624	17.700	
1993-012T17:53:17.600	16.624	17.700	
1993-012T20:54:23.100	16.624	17.700	
1993-012T16:49:31.600	17.900	17.700	
1993-012T21:18:35.000	16.624	17.700	
1993-012T20:24:56.600	16.624	17.700	
1993-012T17:22:14.600	16.624	17.700	
1993-012T16:54:49.300	16.624	17.700	
1993-033T20:20:17.400	16.624	17.700	
1993-012T20:33:24.800	16.624	17.700	
1993-012T21:02:03.000	16.624	17.700	
1993-033T21:04:16.200	16.624	17.700	
1993-012T17:46:02.100	16.624	17.700	
1993-033T21:13:57.200	16.624	17.700	
1993-012T20:44:21.100	13.950	17.690	
1993-033T21:01:54.000	13.950	17.690	
1993-033T21:27:43.400	13.950	17.690	
1993-012T17:33:59.300	13.950	17.690	
1993-012T20:27:24.800	13.950	17.690	
1993-012T16:52:02.900	13.950	17.690	
1993-033T20:07:47.000	15.260	17.690	
1993-012T20:33:49.000	15.260	17.690	
1993-012T20:30:59.600	15.260	17.690	
1993-012T20:37:26.800	15.260	17.690	
1993-012T20:33:49.000	15.260	17.690	
1993-012T17:36:45.700	15.260	17.690	
1993-012T21:02:51.300	15.260	17.690	
1993-033T19:52:48.100	20.240	17.690	
1993-012T17:01:16.400	15.260	17.690	
1993-012T16:58:02.800	15.260	17.690	
1993-012T17:54:06.100	15.260	17.690	
1993-012T20:28:58.600	15.260	17.690	
1993-012T21:19:23.500	15.260	17.690	
1993-012T20:31:23.800	15.260	17.690	
1993-012T20:23:19.800	15.260	17.690	
1993-012T18:01:45.800	17.686	17.690	
1993-012T20:58:52.400	8.3200	17.690	
1993-012T20:11:16.800	8.3200	17.690	
1993-012T20:09:40.100	8.3200	17.690	
1993-033T20:21:33.000	8.3200	17.690	
1993-012T17:32:40.600	20.240	17.690	
1993-012T20:53:31.700	15.282	17.680	
1993-012T20:39:49.000	15.282	17.680	
1993-012T21:10:10.000	15.247	17.680	
1993-033T21:02:42.400	15.247	17.680	
1993-012T17:11:48.500	15.247	17.680	
1993-033T21:18:20.500	15.282	17.680	
1993-012T20:07:08.800	15.282	17.680	
1993-012T17:21:29.200	15.247	17.680	
1993-012T16:48:25.100	15.247	17.680	
1993-012T17:41:08.700	17.226	17.680	
1993-012T20:27:49.000	15.247	17.680	
1993-012T20:45:58.000	15.247	17.680	
1993-012T21:00:05.000	15.247	17.680	
1993-033T20:14:41.500	15.247	17.680	
1993-012T17:44:01.100	9.8510	17.680	
1993-033T20:13:28.900	15.247	17.680	
1993-012T20:39:06.600	15.247	17.680	
1993-012T16:58:05.800	7.0810	17.680	
1993-012T20:42:44.400	15.247	17.680	
1993-012T17:52:56.500	15.247	17.680	
1993-033T21:28:56.000	15.247	17.680	
1993-033T21:28:31.800	15.247	17.680	
1993-033T21:14:24.500	15.247	17.680	
1993-012T17:50:07.100	15.247	17.680	
1993-012T17:43:15.800	15.247	17.680	
1993-012T17:05:21.300	15.247	17.680	
1993-012T20:44:15.100	5.5960	17.670	
1993-012T20:34:16.200	7.6400	17.660	
1993-012T20:29:01.600	7.6400	17.660	
1993-012T17:11:00.100	7.6400	17.660	
1993-012T17:29:33.100	7.6400	17.660	
1993-012T20:33:00.600	8.1730	17.660	
1993-012T20:37:26.800	6.6520	17.660	
1993-012T20:37:02.600	8.1730	17.660	
1993-033T21:02:39.300	8.1730	17.660	
1993-012T17:15:47.500	8.1730	17.660	
1993-012T20:41:28.800	16.106	17.630	
1993-012T20:34:13.200	16.106	17.630	
1993-012T17:28:41.800	16.106	17.630	
1993-012T17:00:03.800	16.106	17.630	
1993-012T16:58:51.200	16.106	17.630	
1993-012T20:39:30.800	8.1230	17.630	
1993-033T20:34:27.800	8.1230	17.630	
1993-012T17:24:39.800	16.106	17.630	
1993-012T20:49:32.700	16.106	17.630	
1993-012T20:15:15.800	16.106	17.630	
1993-012T17:32:43.700	16.106	17.630	
1993-012T16:54:00.800	16.106	17.630	
1993-012T20:17:16.800	16.106	17.630	
1993-033T20:23:34.100	8.1230	17.630	
1993-033T20:19:29.000	16.106	17.630	
1993-012T20:24:08.200	16.106	17.630	
1993-033T21:03:27.800	16.106	17.630	
1993-012T20:31:23.800	16.106	17.630	
1993-012T17:45:13.800	16.106	17.630	
1993-012T20:57:12.500	16.106	17.630	
1993-012T20:37:02.600	16.106	17.630	
1993-012T17:12:58.100	16.106	17.630	
1993-012T20:27:21.800	16.106	17.630	
1993-012T20:17:41.000	16.106	17.630	
1993-033T20:25:35.100	10.421	17.630	
1993-012T18:36:27.000	16.106	17.630	
1993-012T20:32:36.500	16.106	17.630	
1993-012T20:28:10.200	16.106	17.630	
1993-033T21:19:36.100	16.106	17.630	
1993-012T20:22:31.400	16.106	17.630	
1993-012T17:00:52.200	16.106	17.630	
1993-033T21:10:22.300	8.1230	17.630	
1993-033T20:41:40.500	16.106	17.630	
1993-012T17:14:59.100	16.106	17.630	
1993-012T20:12:26.500	14.436	17.610	
1993-012T20:59:34.600	15.492	17.610	
1993-012T17:31:03.800	15.492	17.610	
1993-012T17:10:08.700	14.436	17.610	
1993-033T20:33:33.300	15.492	17.610	
1993-033T21:15:58.300	14.436	17.610	
1993-012T17:20:34.700	6.9430	17.610	
1993-033T21:01:51.000	18.229	17.610	
1993-033T21:15:58.300	8.0510	17.600	
1993-033T20:20:14.300	7.3750	17.600	
1993-012T20:18:26.400	16.565	17.590	
1993-012T20:53:55.900	16.565	17.590	
1993-012T16:54:46.100	16.565	17.590	
1993-012T20:22:04.200	16.565	17.590	
1993-033T20:51:42.700	16.565	17.590	
1993-012T20:39:24.700	16.565	17.590	
1993-012T20:40:43.400	12.831	17.590	
1993-012T17:14:07.600	8.4340	17.590	
1993-012T20:36:11.100	8.4340	17.590	
1993-012T20:15:43.100	12.831	17.590	
1993-012T17:01:13.300	16.565	17.590	
1993-012T17:13:46.500	19.528	17.570	
1993-012T17:20:16.600	17.729	17.540	
1993-012T20:17:44.000	17.729	17.540	
1993-012T20:43:32.800	17.729	17.540	
1993-012T17:21:29.200	13.322	17.540	
1993-012T17:52:32.300	13.322	17.540	
1993-012T20:25:48.000	13.322	17.540	
1993-033T20:29:13.000	7.9280	17.540	
1993-012T20:22:34.500	7.9280	17.540	
1993-012T17:59:23.600	7.9280	17.540	
1993-012T21:07:20.600	7.9280	17.540	
1993-033T20:52:10.000	12.253	17.540	
1993-012T17:14:59.100	7.9290	17.530	
1993-012T21:23:22.400	15.704	17.530	
1993-012T20:26:57.600	7.9290	17.530	
1993-012T17:21:23.100	15.704	17.530	
1993-012T16:54:22.000	15.704	17.530	
1993-012T21:13:17.500	15.704	17.530	
1993-012T17:16:57.000	8.2780	17.530	
1993-033T20:25:10.900	6.4550	17.530	
1993-012T19:49:24.100	12.300	17.530	
1993-012T18:22:41.100	12.300	17.530	
1993-012T17:31:07.000	10.123	17.530	
1993-012T16:58:23.900	15.704	17.530	
1993-012T20:29:44.000	15.704	17.530	
1993-012T20:57:36.700	15.595	17.520	
1993-012T17:36:21.500	15.595	17.520	
1993-012T16:57:38.600	15.595	17.520	
1993-012T17:29:57.300	15.918	17.520	
1993-012T20:20:30.400	15.595	17.520	
1993-012T20:58:04.000	15.918	17.520	
1993-033T21:15:12.900	15.918	17.520	
1993-012T17:23:54.400	15.918	17.520	
1993-012T20:52:22.100	15.595	17.520	
1993-033T20:09:26.800	15.918	17.520	
1993-033T21:30:08.600	15.918	17.520	
1993-012T20:59:13.500	15.595	17.520	
1993-012T17:31:55.300	15.595	17.520	
1993-012T17:45:16.800	15.918	17.520	
1993-012T18:05:23.600	15.595	17.520	
1993-012T20:28:37.400	15.918	17.520	
1993-033T20:51:45.700	15.595	17.520	
1993-033T20:29:58.400	15.595	17.520	
1993-012T20:58:46.300	17.449	17.520	
1993-012T20:30:35.400	15.595	17.520	
1993-012T20:21:18.800	15.595	17.520	
1993-012T21:06:08.000	15.918	17.520	
1993-012T17:25:28.200	15.595	17.520	
1993-033T20:46:09.800	15.918	17.520	
1993-012T16:57:17.500	15.918	17.520	
1993-033T21:31:18.300	15.595	17.520	
1993-033T21:30:57.100	15.918	17.520	
1993-033T21:27:43.400	15.918	17.520	
1993-033T20:15:05.800	15.918	17.520	
1993-012T17:35:36.100	15.918	17.520	
1993-012T17:26:43.800	15.918	17.520	
1993-012T16:48:00.900	15.918	17.520	
1993-012T20:45:30.800	15.595	17.520	
1993-033T21:21:40.300	15.918	17.520	
1993-012T17:49:15.700	15.595	17.520	
1993-012T20:33:49.000	15.595	17.520	
1993-012T17:15:02.100	15.918	17.520	
1993-033T20:40:27.800	15.595	17.520	
1993-033T20:59:25.700	15.595	17.520	
1993-033T20:31:14.100	10.090	17.520	
1993-012T20:35:04.600	15.918	17.520	
1993-012T20:22:34.500	15.918	17.520	
1993-012T17:29:09.000	15.918	17.520	
1993-033T20:19:07.800	15.918	17.520	
1993-033T21:29:44.500	15.918	17.520	
1993-033T21:10:43.500	15.595	17.520	
1993-012T17:56:34.300	15.918	17.520	
1993-012T19:58:19.500	11.086	17.520	
1993-012T20:18:32.500	15.918	17.520	
1993-012T20:48:47.300	15.918	17.520	
1993-033T20:25:59.300	15.918	17.520	
1993-033T21:13:36.000	15.918	17.520	
1993-012T20:04:49.600	15.918	17.520	
1993-012T20:53:13.600	15.918	17.520	
1993-012T17:45:37.900	15.595	17.520	
1993-012T17:18:15.600	15.918	17.520	
1993-012T16:59:42.600	15.918	17.520	
1993-033T21:19:39.300	15.918	17.520	
1993-033T21:02:18.200	15.918	17.520	
1993-012T18:03:01.500	15.918	17.520	
1993-012T16:53:39.600	15.918	17.520	
1993-012T20:36:17.200	15.918	17.520	
1993-012T20:30:38.400	15.918	17.520	
1993-012T20:33:27.800	15.918	17.520	
1993-012T17:39:35.000	15.595	17.520	
1993-012T21:00:05.000	15.918	17.520	
1993-012T21:00:53.400	15.918	17.520	
1993-012T20:17:44.000	15.918	17.520	
1993-012T21:00:29.200	15.918	17.520	
1993-012T17:01:40.600	15.595	17.520	
1993-012T17:34:47.700	15.918	17.520	
1993-033T20:51:24.500	15.918	17.520	
1993-033T20:36:28.800	15.918	17.520	
1993-012T17:40:26.500	15.918	17.520	
1993-012T21:12:59.300	15.918	17.520	
1993-012T17:02:56.200	15.918	17.520	
1993-012T17:33:35.100	15.918	17.520	
1993-033T21:13:11.800	15.918	17.520	
1993-012T16:58:05.800	15.918	17.520	
1993-012T16:54:22.000	17.449	17.520	
1993-012T16:51:14.500	15.918	17.520	
1993-012T16:48:25.100	15.918	17.520	
1993-012T17:33:10.900	15.918	17.520	
1993-012T20:15:43.100	15.918	17.520	
1993-012T16:53:39.600	15.918	17.520	
1993-012T17:31:10.000	15.918	17.520	
1993-033T20:17:03.700	11.517	17.510	
1993-012T17:05:21.300	7.4520	17.510	
1993-012T20:39:03.600	14.763	17.500	
1993-012T21:12:07.800	14.763	17.500	
1993-012T17:48:27.300	14.763	17.500	
1993-033T20:09:02.600	16.742	17.480	
1993-012T17:28:44.800	16.742	17.480	
1993-033T21:19:15.000	16.742	17.480	
1993-012T20:36:17.200	16.742	17.480	
1993-012T17:00:06.800	16.742	17.480	
1993-012T20:58:28.200	16.742	17.480	
1993-012T20:39:30.800	16.742	17.480	
1993-012T17:11:00.100	16.742	17.480	
1993-012T17:16:32.800	8.7500	17.480	
1993-012T21:18:14.000	16.742	17.480	
1993-033T20:16:42.500	16.742	17.480	
1993-012T20:51:12.600	16.742	17.480	
1993-012T20:49:11.600	16.742	17.480	
1993-012T16:54:52.300	16.742	17.480	
1993-033T20:15:54.100	16.742	17.480	
1993-012T21:18:38.100	16.742	17.480	
1993-012T16:48:00.900	14.462	17.470	
1993-012T17:07:22.300	14.462	17.470	
1993-033T21:14:48.600	14.462	17.470	
1993-012T16:56:04.800	14.462	17.470	
1993-012T20:35:28.800	14.462	17.470	
1993-012T17:09:47.500	14.462	17.470	
1993-012T20:24:35.500	14.462	17.470	
1993-012T17:29:30.100	8.8000	17.470	
1993-012T17:13:01.100	14.462	17.470	
1993-012T17:08:59.100	14.462	17.470	
1993-012T20:32:39.500	14.462	17.470	
1993-012T20:10:52.600	14.462	17.470	
1993-012T20:19:45.000	14.462	17.470	
1993-012T20:13:14.800	8.8000	17.470	
1993-012T16:52:02.900	14.462	17.470	
1993-012T21:03:18.600	14.462	17.470	
1993-033T20:51:18.500	16.784	17.460	
1993-012T16:52:45.100	16.784	17.460	
1993-033T21:19:33.100	16.784	17.460	
1993-033T20:42:50.100	12.113	17.450	
1993-033T20:32:47.900	7.8090	17.450	
1993-012T17:27:01.800	8.1240	17.450	
1993-012T16:55:34.500	15.917	17.440	
1993-033T20:36:04.600	7.7360	17.440	
1993-012T17:43:33.900	15.917	17.440	
1993-033T21:09:52.100	15.917	17.440	
1993-012T20:38:12.100	15.917	17.440	
1993-033T20:57:21.600	15.917	17.440	
1993-012T17:17:00.100	5.4870	17.440	
1993-012T17:50:55.500	7.7360	17.440	
1993-012T17:18:39.800	7.7360	17.440	
1993-012T21:03:36.600	15.917	17.440	
1993-012T17:27:56.300	18.745	17.430	
1993-033T20:18:19.300	15.115	17.420	
1993-012T20:44:21.100	15.115	17.420	
1993-012T20:43:57.000	15.115	17.420	
1993-033T20:29:37.200	15.115	17.420	
1993-012T21:02:06.000	15.115	17.420	
1993-012T21:10:34.100	15.115	17.420	
1993-012T17:15:02.100	15.115	17.420	
1993-033T21:13:36.000	15.115	17.420	
1993-012T17:12:12.700	15.115	17.420	
1993-033T20:55:26.600	15.115	17.420	
1993-033T20:18:19.300	15.115	17.420	
1993-012T16:55:40.600	15.115	17.420	
1993-012T20:52:01.000	15.115	17.420	
1993-012T20:39:06.600	15.115	17.420	
1993-033T20:47:22.500	15.115	17.420	
1993-012T17:35:57.300	16.974	17.410	
1993-012T17:15:47.500	16.974	17.410	
1993-033T21:27:16.200	16.974	17.410	
1993-012T16:57:14.500	16.974	17.410	
1993-033T20:40:52.100	16.974	17.410	
1993-033T20:14:14.300	16.974	17.410	
1993-012T17:33:56.300	16.974	17.410	
1993-012T21:09:21.600	13.823	17.410	
1993-012T20:10:28.500	13.823	17.410	
1993-012T20:37:26.800	16.974	17.410	
1993-033T20:22:18.500	16.974	17.410	
1993-012T18:02:10.000	16.974	17.410	
1993-012T16:56:01.800	16.974	17.410	
1993-012T20:27:49.000	10.983	17.410	
1993-012T17:43:15.800	13.823	17.410	
1993-033T21:34:10.800	13.823	17.410	
1993-012T17:01:19.400	13.823	17.410	
1993-033T20:55:23.600	16.974	17.410	
1993-012T16:58:02.800	16.974	17.410	
1993-012T20:14:54.600	13.823	17.410	
1993-012T20:25:48.000	13.823	17.410	
1993-033T20:57:03.500	13.823	17.410	
1993-012T20:49:57.000	16.974	17.410	
1993-033T21:15:58.300	16.974	17.410	
1993-012T17:20:40.800	13.823	17.410	
1993-012T20:14:06.300	13.823	17.410	
1993-033T21:28:07.600	13.823	17.410	
1993-033T21:13:11.800	13.823	17.410	
1993-012T16:57:11.300	20.970	17.400	
1993-033T20:29:58.400	8.4210	17.400	
1993-012T17:38:19.300	20.970	17.400	
1993-012T21:04:28.100	8.4210	17.400	
1993-012T16:59:39.600	8.4210	17.400	
1993-033T20:24:40.600	14.660	17.400	
1993-012T20:43:29.800	16.450	17.390	
1993-012T20:46:19.100	16.450	17.390	
1993-033T21:28:28.800	16.450	17.390	
1993-012T17:10:32.900	16.450	17.390	
1993-012T17:22:14.600	16.450	17.390	
1993-012T17:12:09.700	16.450	17.390	
1993-012T17:58:56.400	16.450	17.390	
1993-033T20:29:10.000	16.450	17.390	
1993-012T16:56:50.300	16.450	17.390	
1993-033T21:30:54.100	16.450	17.390	
1993-012T20:24:08.200	16.450	17.390	
1993-033T21:11:32.000	16.450	17.390	
1993-012T20:08:27.500	8.4190	17.390	
1993-012T17:29:06.000	16.450	17.390	
1993-012T17:23:27.200	16.450	17.390	
1993-012T17:07:43.500	16.450	17.390	
1993-012T16:59:39.600	17.507	17.390	
1993-012T20:18:29.500	16.450	17.390	
1993-012T17:23:03.000	16.450	17.390	
1993-012T20:41:53.000	16.450	17.390	
1993-012T17:18:36.800	16.450	17.390	
1993-012T20:41:04.600	16.450	17.390	
1993-033T20:20:17.400	16.450	17.390	
1993-012T17:31:07.000	17.507	17.390	
1993-012T20:20:06.200	16.450	17.390	
1993-012T17:35:33.100	16.450	17.390	
1993-012T20:48:20.100	16.450	17.390	
1993-012T20:15:40.000	16.450	17.390	
1993-033T20:34:52.000	8.4190	17.390	
1993-033T20:35:40.400	8.4190	17.390	
1993-012T20:30:59.600	16.450	17.390	
1993-012T20:20:30.400	16.450	17.390	
1993-012T17:14:31.800	20.482	17.390	
1993-012T20:48:20.100	16.450	17.390	
1993-012T21:14:08.800	16.450	17.390	
1993-012T17:24:36.700	8.4340	17.390	
1993-012T17:51:16.700	13.012	17.390	
1993-012T20:12:50.600	16.450	17.390	
1993-012T20:31:48.000	16.450	17.390	
1993-012T20:16:55.600	10.644	17.390	
1993-012T16:49:55.800	20.482	17.390	
1993-012T20:59:58.900	8.4340	17.390	
1993-033T20:47:46.600	8.4190	17.390	
1993-012T20:35:25.800	16.450	17.390	
1993-012T20:28:58.600	13.636	17.390	
1993-033T21:19:12.000	16.450	17.390	
1993-012T17:35:33.100	16.450	17.390	
1993-012T20:58:25.100	16.450	17.390	
1993-012T21:09:42.600	16.450	17.390	
1993-033T20:52:10.000	16.450	17.390	
1993-033T20:11:27.800	8.4190	17.390	
1993-012T20:17:41.000	16.450	17.390	
1993-012T17:36:21.500	16.450	17.390	
1993-012T16:53:12.500	16.450	17.390	
1993-012T21:10:55.300	15.093	17.370	
1993-012T20:38:39.400	15.093	17.370	
1993-012T17:10:57.100	15.093	17.370	
1993-033T20:51:45.700	15.093	17.370	
1993-012T20:48:44.300	15.093	17.370	
1993-033T20:37:35.300	23.757	17.370	
1993-012T21:22:12.800	7.6890	17.370	
1993-012T20:33:00.600	15.093	17.370	
1993-012T19:58:43.600	15.093	17.370	
1993-012T17:49:39.900	15.093	17.370	
1993-012T17:15:23.300	15.093	17.370	
1993-012T20:20:30.400	15.093	17.370	
1993-012T20:14:51.600	15.093	17.370	
1993-012T17:20:13.600	8.2970	17.360	
1993-012T17:31:31.100	8.2970	17.360	
1993-012T16:55:10.300	5.4690	17.360	
1993-012T20:09:09.800	19.999	17.350	
1993-012T16:51:08.400	17.674	17.350	
1993-012T20:28:55.600	21.963	17.350	
1993-012T17:00:52.200	13.954	17.350	
1993-012T20:37:51.000	13.954	17.350	
1993-012T20:21:15.800	17.674	17.350	
1993-012T16:58:30.000	8.2210	17.350	
1993-033T20:33:15.100	8.2210	17.350	
1993-012T16:55:16.500	8.2210	17.350	
1993-033T20:39:18.300	8.2210	17.350	
1993-012T16:55:16.500	8.2210	17.350	
1993-012T17:21:23.100	5.7240	17.340	
1993-012T17:07:16.200	16.132	17.340	
1993-012T17:23:24.100	16.132	17.340	
1993-012T16:53:09.300	5.7240	17.340	
1993-012T21:14:30.000	16.132	17.340	
1993-012T17:52:26.300	16.132	17.340	
1993-033T21:13:05.800	16.132	17.340	
1993-033T20:55:20.600	16.132	17.340	
1993-012T16:48:43.200	16.132	17.340	
1993-012T17:22:11.500	16.132	17.340	
1993-012T17:24:12.500	16.132	17.340	
1993-012T20:14:00.200	16.132	17.340	
1993-012T20:59:34.600	16.132	17.340	
1993-012T20:22:04.200	16.132	17.340	
1993-012T20:37:48.000	16.132	17.340	
1993-012T17:18:33.700	16.132	17.340	
1993-012T20:36:11.100	16.132	17.340	
1993-012T20:41:50.000	8.2780	17.330	
1993-012T17:23:27.200	15.935	17.320	
1993-012T17:57:43.800	15.935	17.320	
1993-033T21:04:40.400	15.935	17.320	
1993-012T20:29:47.000	15.935	17.320	
1993-012T20:31:23.800	15.935	17.320	
1993-033T20:34:48.900	15.935	17.320	
1993-012T17:42:48.600	15.935	17.320	
1993-033T20:37:14.200	15.935	17.320	
1993-033T20:37:38.400	15.935	17.320	
1993-012T17:31:55.300	15.935	17.320	
1993-012T17:19:25.300	15.935	17.320	
1993-012T17:15:23.300	15.935	17.320	
1993-012T20:43:29.800	15.935	17.320	
1993-033T20:55:23.600	15.935	17.320	
1993-012T16:49:34.700	15.935	17.320	
1993-033T20:19:29.000	15.935	17.320	
1993-012T17:20:13.600	15.935	17.320	
1993-033T20:14:14.300	15.935	17.320	
1993-012T21:18:35.000	15.935	17.320	
1993-033T20:30:46.800	15.935	17.320	
1993-012T17:06:06.800	15.935	17.320	
1993-012T20:50:45.300	15.935	17.320	
1993-012T16:56:01.800	15.935	17.320	
1993-012T16:58:02.800	15.935	17.320	
1993-012T17:08:56.100	15.935	17.320	
1993-012T17:00:52.200	15.935	17.320	
1993-012T17:35:57.300	15.935	17.320	
1993-012T17:32:43.700	15.935	17.320	
1993-012T20:43:29.800	15.935	17.320	
1993-012T20:28:31.400	10.071	17.310	
1993-012T17:55:18.600	18.047	17.310	
1993-012T20:39:27.800	18.047	17.310	
1993-033T21:12:44.600	18.047	17.310	
1993-012T20:06:44.600	18.357	17.310	
1993-012T17:16:35.800	8.1730	17.310	
1993-012T17:39:59.200	8.1730	17.310	
1993-033T21:19:33.100	18.357	17.310	
1993-012T17:50:28.300	8.1730	17.310	
1993-012T17:40:23.500	9.7170	17.300	
1993-033T21:13:08.800	9.7170	17.300	
1993-033T21:14:42.600	15.073	17.300	
1993-012T21:14:36.100	8.0250	17.290	
1993-012T21:12:59.300	8.0250	17.290	
1993-012T20:10:28.500	8.0250	17.290	
1993-012T17:07:46.500	8.0250	17.290	
1993-012T17:19:52.500	8.0250	17.290	
1993-012T20:29:25.800	17.586	17.290	
1993-012T20:26:54.600	9.0710	17.290	
1993-012T20:41:07.600	8.0250	17.290	
1993-012T20:27:49.000	8.0250	17.290	
1993-012T21:11:46.800	17.586	17.290	
1993-012T20:52:49.400	17.586	17.290	
1993-012T17:04:54.100	14.275	17.280	
1993-012T16:55:13.500	14.275	17.280	
1993-012T17:23:51.400	14.275	17.280	
1993-012T20:42:41.300	14.275	17.280	
1993-012T17:20:37.800	14.275	17.280	
1993-012T17:08:56.100	14.275	17.280	
1993-033T20:15:02.800	14.275	17.280	
1993-012T20:26:09.300	6.7640	17.280	
1993-012T17:13:01.100	13.199	17.270	
1993-012T17:21:53.400	13.199	17.270	
1993-033T20:37:41.400	13.199	17.270	
1993-012T17:33:10.900	13.199	17.270	
1993-012T20:49:35.800	13.199	17.270	
1993-012T17:34:47.700	15.783	17.260	
1993-012T20:27:00.600	15.783	17.260	
1993-033T20:00:58.400	15.783	17.260	
1993-012T17:02:56.200	15.783	17.260	
1993-012T16:56:23.000	8.7500	17.260	
1993-012T20:11:16.800	15.783	17.260	
1993-012T20:35:28.800	15.783	17.260	
1993-012T20:44:21.100	15.783	17.260	
1993-012T17:27:32.100	15.783	17.260	
1993-012T17:21:05.000	15.783	17.260	
1993-033T21:01:05.500	15.783	17.260	
1993-012T16:54:03.800	15.783	17.260	
1993-012T20:46:46.400	15.783	17.260	
1993-012T17:24:18.600	15.783	17.260	
1993-012T20:11:16.800	15.783	17.260	
1993-012T20:39:55.000	15.783	17.260	
1993-012T16:51:38.700	15.783	17.260	
1993-012T17:39:13.800	15.783	17.260	
1993-033T21:20:03.400	15.783	17.260	
1993-033T20:47:22.500	15.783	17.260	
1993-033T20:48:35.100	15.783	17.260	
1993-012T17:06:58.100	15.783	17.260	
1993-012T19:59:29.000	12.489	17.260	
1993-012T17:52:08.100	15.783	17.260	
1993-012T17:19:28.300	15.783	17.260	
1993-012T18:01:18.600	12.489	17.260	
1993-012T21:06:32.200	15.783	17.260	
1993-012T17:20:16.600	15.783	17.260	
1993-012T21:16:37.100	15.783	17.260	
1993-012T16:50:26.100	15.783	17.260	
1993-033T21:03:30.800	15.783	17.260	
1993-033T20:59:52.900	15.783	17.260	
1993-012T17:00:06.800	15.783	17.260	
1993-012T20:45:09.600	15.783	17.260	
1993-033T21:04:19.200	15.783	17.260	
1993-012T17:27:32.100	15.783	17.260	
1993-033T20:10:15.200	15.783	17.260	
1993-012T21:17:01.300	15.783	17.260	
1993-012T21:22:40.100	15.783	17.260	
1993-012T17:49:18.700	15.783	17.260	
1993-012T17:52:08.100	15.783	17.260	
1993-033T20:23:06.800	8.0510	17.260	
1993-012T17:18:39.800	15.783	17.260	
1993-012T19:38:12.600	15.783	17.260	
1993-033T21:32:09.700	15.783	17.260	
1993-012T20:29:01.600	15.783	17.260	
1993-033T20:13:28.900	15.783	17.260	
1993-012T17:08:35.000	15.783	17.260	
1993-033T20:51:48.800	15.783	17.260	
1993-033T20:25:35.100	15.783	17.260	
1993-012T17:16:08.600	8.7500	17.260	
1993-012T20:33:00.600	8.0510	17.260	
1993-012T17:18:12.600	8.0510	17.260	
1993-012T20:42:20.200	15.783	17.260	
1993-033T21:24:50.800	8.0510	17.260	
1993-033T21:01:47.900	8.1240	17.250	
1993-012T20:14:48.600	15.282	17.240	
1993-012T17:04:51.100	15.282	17.240	
1993-012T17:54:54.500	9.8510	17.240	
1993-012T17:05:15.300	16.348	17.230	
1993-012T17:15:44.300	16.348	17.230	
1993-012T16:55:10.300	16.348	17.230	
1993-012T17:28:38.600	16.348	17.230	
1993-012T17:04:51.100	16.348	17.230	
1993-012T17:33:29.000	16.348	17.230	
1993-033T21:30:51.000	16.348	17.230	
1993-012T16:50:44.200	16.348	17.230	
1993-012T20:42:38.300	16.348	17.230	
1993-012T20:20:51.600	16.348	17.230	
1993-012T17:50:01.100	16.348	17.230	
1993-033T21:12:17.300	16.348	17.230	
1993-012T18:00:30.200	16.348	17.230	
1993-012T17:16:14.600	6.7200	17.230	
1993-033T20:30:43.800	16.348	17.230	
1993-033T20:19:26.000	16.348	17.230	
1993-012T17:00:24.900	5.8540	17.230	
1993-012T17:24:36.700	8.5910	17.230	
1993-012T17:24:12.500	8.5910	17.230	
1993-012T20:15:37.000	16.348	17.230	
1993-012T21:13:41.600	16.348	17.230	
1993-012T19:54:38.600	16.348	17.230	
1993-012T17:44:46.500	16.348	17.230	
1993-012T17:22:35.700	16.348	17.230	
1993-033T20:16:36.500	16.348	17.230	
1993-012T17:44:28.300	16.603	17.220	
1993-012T17:25:07.000	16.603	17.220	
1993-033T20:18:19.300	16.603	17.220	
1993-012T20:18:08.300	16.603	17.220	
1993-033T20:03:47.900	16.603	17.220	
1993-012T17:52:08.100	16.603	17.220	
1993-012T21:10:58.300	16.603	17.220	
1993-012T17:22:17.600	16.603	17.220	
1993-012T20:40:19.200	16.603	17.220	
1993-012T17:52:56.500	16.603	17.220	
1993-033T21:33:22.300	16.603	17.220	
1993-012T17:15:26.300	16.603	17.220	
1993-012T20:13:17.800	16.603	17.220	
1993-012T17:20:40.800	16.603	17.220	
1993-033T20:18:19.300	16.603	17.220	
1993-033T21:01:29.800	16.603	17.220	
1993-012T16:53:39.600	16.603	17.220	
1993-033T21:13:11.800	16.603	17.220	
1993-012T17:31:55.300	15.427	17.210	
1993-012T20:10:01.300	15.427	17.210	
1993-012T17:48:27.300	15.427	17.210	
1993-033T21:02:39.300	15.427	17.210	
1993-012T17:29:30.100	15.427	17.210	
1993-012T17:06:31.000	15.427	17.210	
1993-012T17:46:02.100	15.427	17.210	
1993-012T16:58:02.800	15.427	17.210	
1993-012T16:57:14.500	15.427	17.210	
1993-012T16:52:48.300	15.427	17.210	
1993-012T20:33:24.800	15.427	17.210	
1993-033T20:37:14.200	15.427	17.210	
1993-033T21:20:48.800	15.427	17.210	
1993-012T17:05:42.600	15.427	17.210	
1993-012T17:40:23.500	15.427	17.210	
1993-033T20:57:48.800	15.427	17.210	
1993-012T20:38:15.100	15.427	17.210	
1993-012T16:49:13.500	14.333	17.200	
1993-033T20:46:09.800	14.333	17.200	
1993-012T17:15:50.500	14.333	17.200	
1993-012T17:02:29.000	7.9290	17.200	
1993-012T20:40:43.400	14.333	17.200	
1993-012T16:56:04.800	14.333	17.200	
1993-012T21:23:52.700	14.333	17.200	
1993-012T17:27:56.300	7.8320	17.200	
1993-012T21:12:11.000	14.333	17.200	
1993-012T20:22:10.200	7.8320	17.200	
1993-033T21:21:40.300	7.8320	17.200	
1993-012T20:29:01.600	7.8320	17.200	
1993-012T21:09:21.600	7.8320	17.200	
1993-012T21:01:41.800	14.333	17.200	
1993-012T17:51:43.900	14.333	17.200	
1993-033T20:23:52.300	19.052	17.200	
1993-012T20:47:07.500	7.9290	17.200	
1993-012T17:37:31.000	19.052	17.200	
1993-012T20:52:01.000	7.8320	17.200	
1993-033T21:15:37.100	7.8320	17.200	
1993-012T20:50:48.300	18.598	17.190	
1993-012T20:36:41.400	18.598	17.190	
1993-012T20:09:12.800	14.599	17.190	
1993-012T20:39:27.800	14.599	17.190	
1993-033T20:38:26.800	14.599	17.190	
1993-012T20:14:06.300	9.4460	17.190	
1993-012T17:14:34.900	14.599	17.190	
1993-033T21:20:51.900	11.759	17.180	
1993-012T17:05:39.500	5.5960	17.170	
1993-012T20:14:30.500	7.0810	17.170	
1993-012T17:10:29.800	7.9710	17.170	
1993-012T20:32:57.600	17.900	17.170	
1993-033T20:18:19.300	7.3580	17.170	
1993-033T20:44:08.800	7.3580	17.170	
1993-033T20:26:41.700	17.900	17.170	
1993-012T17:31:07.000	11.372	17.170	
1993-033T20:46:28.000	7.9710	17.170	
1993-012T17:08:53.000	15.492	17.160	
1993-012T20:25:17.800	15.492	17.160	
1993-033T21:21:58.400	15.492	17.160	
1993-033T20:37:11.100	15.492	17.160	
1993-033T21:34:35.000	14.983	17.150	
1993-012T20:40:19.200	14.983	17.150	
1993-012T20:31:02.600	14.983	17.150	
1993-012T20:04:49.600	14.983	17.150	
1993-012T16:50:50.300	14.983	17.150	
1993-012T20:29:25.800	14.983	17.150	
1993-012T20:35:04.600	14.983	17.150	
1993-012T16:56:53.300	14.983	17.150	
1993-033T20:34:52.000	14.983	17.150	
1993-012T21:21:03.300	14.983	17.150	
1993-012T20:33:03.600	14.983	17.150	
1993-012T16:49:13.500	14.983	17.150	
1993-033T20:24:22.500	14.983	17.150	
1993-012T17:39:38.000	14.983	17.150	
1993-033T21:09:34.000	14.983	17.150	
1993-012T17:29:57.300	14.983	17.150	
1993-033T20:03:23.600	13.697	17.140	
1993-012T20:37:05.600	13.697	17.140	
1993-033T21:28:31.800	13.697	17.140	
1993-012T20:14:54.600	13.697	17.140	
1993-033T21:03:06.600	13.697	17.140	
1993-033T20:29:13.000	13.697	17.140	
1993-012T16:48:19.000	8.2780	17.130	
1993-033T21:27:19.200	19.788	17.130	
1993-012T17:57:19.600	16.799	17.110	
1993-012T17:28:41.800	16.799	17.110	
1993-012T17:51:16.700	16.799	17.110	
1993-033T20:51:21.500	16.799	17.110	
1993-012T21:01:38.800	16.799	17.110	
1993-012T16:49:34.700	16.799	17.110	
1993-012T17:37:09.900	16.799	17.110	
1993-012T20:33:21.800	7.2290	17.110	
1993-012T20:29:47.000	16.799	17.110	
1993-012T20:36:38.400	16.799	17.110	
1993-012T20:30:11.200	16.799	17.110	
1993-012T19:55:05.900	16.799	17.110	
1993-033T21:01:26.700	16.799	17.110	
1993-012T17:30:18.500	16.799	17.110	
1993-012T20:43:54.000	16.799	17.110	
1993-012T20:43:05.600	16.799	17.110	
1993-033T20:39:39.500	16.799	17.110	
1993-033T21:03:27.800	16.799	17.110	
1993-012T20:41:28.800	16.799	17.110	
1993-033T21:25:39.300	16.799	17.110	
1993-012T16:53:12.500	16.799	17.110	
1993-012T20:39:03.600	16.799	17.110	
1993-033T20:32:02.500	7.6400	17.100	
1993-012T20:29:44.000	16.565	17.100	
1993-033T20:25:10.900	7.6400	17.100	
1993-012T17:23:24.100	16.565	17.100	
1993-033T21:04:37.400	18.587	17.100	
1993-033T20:25:59.300	7.6400	17.100	
1993-012T17:44:46.500	16.565	17.100	
1993-033T20:08:32.300	16.565	17.100	
1993-012T17:41:11.800	10.679	17.100	
1993-033T20:21:27.000	18.587	17.100	
1993-012T17:07:16.200	16.565	17.100	
1993-033T20:57:00.500	16.277	17.090	
1993-012T17:42:00.100	16.277	17.090	
1993-012T17:32:43.700	16.277	17.090	
1993-012T20:11:13.800	16.277	17.090	
1993-033T20:22:18.500	16.277	17.090	
1993-012T20:16:52.600	16.277	17.090	
1993-012T20:35:50.000	16.277	17.090	
1993-033T21:10:43.500	16.277	17.090	
1993-012T20:20:30.400	16.277	17.090	
1993-012T20:22:31.400	16.277	17.090	
1993-012T17:16:11.600	17.328	17.090	
1993-012T20:53:10.500	16.277	17.090	
1993-033T20:15:27.000	16.277	17.090	
1993-012T17:49:15.700	16.277	17.090	
1993-012T20:39:52.000	16.277	17.090	
1993-012T17:25:52.400	16.277	17.090	
1993-033T20:57:00.500	16.277	17.090	
1993-033T21:22:01.400	16.277	17.090	
1993-033T20:15:02.800	16.277	17.090	
1993-012T20:37:51.000	16.277	17.090	
1993-012T17:05:42.600	16.277	17.090	
1993-012T17:10:32.900	16.277	17.090	
1993-012T17:38:46.700	8.8000	17.090	
1993-012T21:03:15.600	16.277	17.090	
1993-033T20:20:41.600	16.277	17.090	
1993-012T17:34:20.500	16.277	17.090	
1993-012T17:02:29.000	16.277	17.090	
1993-012T16:58:02.800	16.277	17.090	
1993-012T17:44:25.300	16.277	17.090	
1993-012T18:14:40.100	16.277	17.090	
1993-012T16:52:24.100	16.277	17.090	
1993-012T20:37:02.600	16.277	17.090	
1993-033T20:47:19.400	16.277	17.090	
1993-012T17:48:51.500	16.277	17.090	
1993-033T20:18:16.300	16.277	17.090	
1993-033T20:18:40.500	16.277	17.090	
1993-012T17:37:34.100	16.277	17.090	
1993-033T21:30:05.600	16.277	17.090	
1993-012T17:13:22.300	16.277	17.090	
1993-033T20:55:23.600	16.277	17.090	
1993-012T16:54:25.100	16.277	17.090	
1993-012T20:36:17.200	5.5310	17.080	
1993-012T20:30:32.300	15.704	17.080	
1993-012T20:20:27.400	15.704	17.080	
1993-012T16:56:04.800	5.5310	17.080	
1993-012T20:30:08.100	7.8200	17.080	
1993-012T21:20:33.000	15.704	17.080	
1993-012T17:35:08.900	13.167	17.080	
1993-012T17:00:24.900	15.704	17.080	
1993-012T20:49:05.500	15.704	17.080	
1993-033T20:17:31.000	8.5190	17.080	
1993-012T20:16:07.300	8.5190	17.080	
1993-033T21:15:12.900	5.4500	17.070	
1993-012T20:43:57.000	5.4500	17.070	
1993-012T21:05:19.600	5.4500	17.070	
1993-012T20:26:33.400	13.479	17.070	
1993-012T20:06:23.500	13.479	17.070	
1993-012T20:15:40.000	13.479	17.070	
1993-033T20:10:39.500	8.3200	17.060	
1993-012T20:51:09.500	5.6910	17.060	
1993-033T20:25:59.300	9.6590	17.060	
1993-012T19:57:34.100	9.6590	17.060	
1993-012T17:02:56.200	8.3200	17.060	
1993-012T17:22:11.500	8.1240	17.060	
1993-012T17:57:43.800	14.928	17.060	
1993-012T17:12:33.900	14.928	17.060	
1993-033T20:55:44.800	8.1240	17.060	
1993-012T16:55:58.700	8.1240	17.060	
1993-012T20:47:31.800	14.928	17.060	
1993-033T20:16:42.500	8.3200	17.060	
1993-033T20:33:36.300	14.928	17.060	
1993-033T20:55:23.600	14.928	17.060	
1993-033T20:59:01.500	14.928	17.060	
1993-012T20:48:20.100	14.928	17.060	
1993-012T17:31:10.000	5.8590	17.060	
1993-012T17:48:27.300	14.928	17.060	
1993-012T17:05:18.300	5.6910	17.060	
1993-033T20:19:56.200	8.3200	17.060	
1993-033T21:14:00.300	8.3200	17.060	
1993-033T20:10:12.200	14.928	17.060	
1993-012T17:19:04.000	8.3200	17.060	
1993-012T21:04:07.000	17.444	17.050	
1993-033T21:30:57.100	17.444	17.050	
1993-033T20:46:06.800	7.6890	17.050	
1993-012T21:10:34.100	5.3700	17.040	
1993-012T16:49:10.500	8.4210	17.040	
1993-012T17:00:55.200	5.3700	17.040	
1993-012T17:24:39.800	13.794	17.030	
1993-033T20:30:49.800	12.589	17.030	
1993-012T16:53:12.500	13.794	17.030	
1993-012T17:31:34.100	12.589	17.030	
1993-012T17:42:24.300	13.794	17.030	
1993-033T21:02:39.300	15.764	17.020	
1993-033T20:10:15.200	8.1230	17.020	
1993-012T17:54:06.100	15.764	17.020	
1993-012T20:53:31.700	8.5910	17.020	
1993-012T17:29:30.100	15.764	17.020	
1993-012T17:02:53.200	15.764	17.020	
1993-012T17:05:18.300	15.764	17.020	
1993-012T21:05:40.700	15.764	17.020	
1993-012T20:55:11.500	15.764	17.020	
1993-012T17:44:25.300	15.764	17.020	
1993-033T21:24:26.700	15.764	17.020	
1993-012T16:58:51.200	15.764	17.020	
1993-033T20:58:40.300	8.1230	17.020	
1993-012T17:19:28.300	8.1230	17.020	
1993-012T20:53:10.500	15.764	17.020	
1993-012T20:26:36.400	8.1230	17.020	
1993-033T21:14:24.500	8.1230	17.020	
1993-012T21:02:27.100	15.764	17.020	
1993-012T21:23:04.300	8.1230	17.020	
1993-012T16:53:12.500	15.764	17.020	
1993-033T21:21:37.200	15.764	17.020	
1993-012T17:46:02.100	15.764	17.020	
1993-012T17:50:52.500	15.764	17.020	
1993-012T21:02:51.300	15.764	17.020	
1993-012T20:37:02.600	15.764	17.020	
1993-033T21:26:27.800	15.764	17.020	
1993-033T20:25:07.900	15.764	17.020	
1993-012T20:00:44.600	15.764	17.020	
1993-012T20:50:21.100	15.764	17.020	
1993-033T20:57:48.800	15.764	17.020	
1993-012T17:19:49.500	12.554	17.020	
1993-012T20:40:40.300	15.764	17.020	
1993-012T21:11:43.600	15.764	17.020	
1993-012T17:12:09.700	15.764	17.020	
1993-033T20:50:33.100	5.4870	17.020	
1993-012T21:01:38.800	15.764	17.020	
1993-012T20:47:31.800	15.764	17.020	
1993-012T21:11:43.600	15.764	17.020	
1993-012T20:30:11.200	15.764	17.020	
1993-012T17:25:28.200	8.2970	17.010	
1993-033T20:28:45.800	8.2970	17.010	
1993-012T17:13:22.300	8.2970	17.010	
1993-012T20:46:19.100	8.2970	17.010	
1993-012T17:06:06.800	8.2970	17.010	
1993-012T17:01:19.400	15.648	17.000	
1993-012T20:24:35.500	15.648	17.000	
1993-012T17:37:12.900	15.648	17.000	
1993-012T16:53:15.500	15.648	17.000	
1993-012T17:29:33.100	15.648	17.000	
1993-012T21:07:20.600	15.648	17.000	
1993-033T20:56:15.000	15.648	17.000	
1993-012T21:20:39.100	15.648	17.000	
1993-012T20:36:41.400	15.648	17.000	
1993-012T17:05:21.300	15.648	17.000	
1993-012T21:13:47.800	15.648	17.000	
1993-012T21:02:54.400	15.648	17.000	
1993-012T20:35:53.000	15.648	17.000	
1993-012T20:37:29.800	15.648	17.000	
1993-012T20:27:00.600	15.648	17.000	
1993-012T21:03:42.800	15.648	17.000	
1993-033T20:17:06.700	15.648	17.000	
1993-012T17:53:44.900	15.648	17.000	
1993-033T21:08:45.500	15.648	17.000	
1993-012T17:30:45.800	15.648	17.000	
1993-012T17:20:16.600	15.648	17.000	
1993-033T20:09:51.000	15.648	17.000	
1993-012T17:00:55.200	15.648	17.000	
1993-012T21:19:50.700	7.1730	17.000	
1993-012T20:24:35.500	7.1730	17.000	
1993-012T20:34:16.200	15.648	17.000	
1993-012T16:52:27.100	15.648	17.000	
1993-012T20:01:11.900	15.648	17.000	
1993-012T17:21:05.000	15.648	17.000	
1993-033T20:13:53.100	15.648	17.000	
1993-012T20:36:41.400	15.648	17.000	
1993-012T17:52:32.300	15.648	17.000	
1993-033T20:13:53.100	15.648	17.000	
1993-012T17:27:29.100	24.746	17.000	
1993-012T17:44:04.100	15.648	17.000	
1993-012T17:52:32.300	15.648	17.000	
1993-033T21:36:11.800	15.648	17.000	
1993-012T16:58:23.900	14.660	16.990	
1993-033T20:31:32.200	14.660	16.990	
1993-012T16:51:08.400	14.660	16.990	
1993-012T17:35:36.100	13.075	16.990	
1993-012T16:50:50.300	13.075	16.990	
1993-012T17:13:49.500	13.075	16.990	
1993-012T20:27:00.600	13.075	16.990	
1993-012T17:00:55.200	13.075	16.990	
1993-012T17:26:43.800	13.075	16.990	
1993-012T20:18:02.200	15.917	16.980	
1993-012T21:01:35.600	15.917	16.980	
1993-012T17:40:44.500	15.917	16.980	
1993-033T21:21:34.100	15.917	16.980	
1993-012T20:11:59.200	15.917	16.980	
1993-012T17:27:01.800	15.917	16.980	
1993-012T20:40:37.300	8.4340	16.980	
1993-012T17:58:53.400	8.4340	16.980	
1993-033T20:17:49.100	15.917	16.980	
1993-012T20:07:14.900	16.465	16.970	
1993-033T20:46:55.200	10.820	16.970	
1993-012T17:09:47.500	16.465	16.970	
1993-012T20:08:51.600	16.465	16.970	
1993-012T17:07:46.500	16.465	16.970	
1993-012T17:30:18.500	7.2190	16.970	
1993-012T20:24:11.200	9.1320	16.970	
1993-012T17:15:26.300	16.465	16.970	
1993-012T20:25:23.800	16.465	16.970	
1993-012T20:30:59.600	8.1730	16.970	
1993-012T17:28:44.800	16.465	16.970	
1993-033T20:36:22.700	16.784	16.970	
1993-012T20:20:33.500	16.465	16.970	
1993-012T20:47:52.900	16.784	16.970	
1993-012T16:49:07.400	16.784	16.970	
1993-033T20:09:26.800	16.465	16.970	
1993-033T21:00:41.300	16.465	16.970	
1993-012T20:15:18.800	16.465	16.970	
1993-012T21:01:41.800	16.465	16.970	
1993-012T20:38:18.200	16.465	16.970	
1993-012T20:15:18.800	16.465	16.970	
1993-012T17:46:05.100	16.465	16.970	
1993-012T17:43:58.100	16.784	16.970	
1993-033T21:12:23.400	16.465	16.970	
1993-012T20:50:48.300	16.465	16.970	
1993-033T21:02:18.200	16.465	16.970	
1993-012T16:55:16.500	16.465	16.970	
1993-033T20:15:54.100	16.465	16.970	
1993-012T20:39:55.000	16.465	16.970	
1993-033T20:17:27.900	11.517	16.970	
1993-012T18:07:24.600	8.1730	16.970	
1993-012T20:58:04.000	16.465	16.970	
1993-033T20:53:25.600	16.465	16.970	
1993-033T20:26:23.600	16.465	16.970	
1993-012T20:36:41.400	16.465	16.970	
1993-033T20:18:37.500	12.679	16.970	
1993-012T20:24:29.400	12.679	16.970	
1993-012T16:57:17.500	16.465	16.970	
1993-012T20:25:17.800	18.128	16.970	
1993-033T20:41:16.300	14.114	16.970	
1993-012T16:51:35.700	14.114	16.970	
1993-012T20:30:59.600	14.114	16.970	
1993-012T20:23:19.800	14.114	16.970	
1993-033T20:07:25.800	16.465	16.970	
1993-033T21:34:07.800	14.114	16.970	
1993-012T16:55:37.600	14.114	16.970	
1993-012T17:30:21.500	16.465	16.970	
1993-012T16:50:44.200	16.784	16.970	
1993-012T20:32:39.500	16.465	16.970	
1993-012T20:37:29.800	16.465	16.970	
1993-012T20:46:22.100	16.465	16.970	
1993-012T20:46:19.100	8.1730	16.970	
1993-012T19:53:04.900	8.1730	16.970	
1993-012T17:10:35.900	16.465	16.970	
1993-012T20:54:02.000	16.465	16.970	
1993-012T20:27:00.600	16.465	16.970	
1993-033T21:28:07.600	16.465	16.970	
1993-012T21:03:42.800	16.465	16.970	
1993-012T20:35:28.800	7.4520	16.970	
1993-012T17:51:43.900	16.465	16.970	
1993-012T17:23:54.400	7.4520	16.970	
1993-012T16:54:28.100	7.9280	16.960	
1993-012T17:08:59.100	7.9280	16.960	
1993-033T20:28:00.400	7.9280	16.960	
1993-033T20:27:36.200	7.9280	16.960	
1993-012T20:57:39.800	7.9280	16.960	
1993-033T20:17:55.100	7.9280	16.960	
1993-012T16:53:39.600	7.9280	16.960	
1993-033T20:44:57.200	7.9280	16.960	
1993-033T21:18:02.400	7.9280	16.960	
1993-012T17:35:36.100	18.452	16.950	
1993-012T20:27:18.800	14.866	16.940	
1993-012T16:54:52.300	14.204	16.930	
1993-033T21:20:03.400	14.204	16.930	
1993-012T16:57:41.600	14.204	16.930	
1993-012T20:54:26.100	14.204	16.930	
1993-012T19:59:35.100	14.204	16.930	
1993-012T20:10:52.600	14.204	16.930	
1993-012T21:18:14.000	14.204	16.930	
1993-012T20:12:02.300	22.463	16.930	
1993-033T21:00:11.100	8.2780	16.930	
1993-012T20:46:22.100	14.204	16.930	
1993-012T17:17:27.300	14.204	16.930	
1993-012T21:05:19.600	14.204	16.930	
1993-012T17:55:39.800	12.489	16.920	
1993-012T21:01:38.800	8.0510	16.920	
1993-012T17:54:54.500	8.0510	16.920	
1993-012T17:06:31.000	8.0510	16.920	
1993-012T18:00:09.000	8.0510	16.920	
1993-012T20:36:14.200	8.0510	16.920	
1993-012T20:34:13.200	15.260	16.910	
1993-012T17:27:05.000	15.260	16.910	
1993-012T17:13:46.500	15.260	16.910	
1993-012T16:49:34.700	15.260	16.910	
1993-012T16:52:24.100	15.260	16.910	
1993-033T20:32:23.600	15.260	16.910	
1993-012T16:55:37.600	15.260	16.910	
1993-033T20:18:16.300	15.260	16.910	
1993-012T17:17:00.100	15.260	16.910	
1993-012T16:49:37.700	14.852	16.900	
1993-033T20:16:18.300	14.852	16.900	
1993-033T20:32:02.500	14.852	16.900	
1993-033T20:21:08.800	14.852	16.900	
1993-012T17:13:49.500	14.852	16.900	
1993-012T21:00:53.400	14.852	16.900	
1993-012T20:48:47.300	14.852	16.900	
1993-012T20:52:25.100	14.852	16.900	
1993-012T17:33:07.900	18.412	16.900	
1993-012T16:51:38.700	14.852	16.900	
1993-012T16:54:25.100	18.412	16.900	
1993-012T17:25:04.000	14.436	16.880	
1993-012T20:29:22.800	14.436	16.880	
1993-012T17:36:00.300	9.3410	16.880	
1993-012T21:19:23.500	14.436	16.880	
1993-012T17:02:04.800	14.436	16.880	
1993-012T20:45:30.800	14.436	16.880	
1993-012T20:19:42.000	14.436	16.880	
1993-033T21:29:17.300	14.436	16.880	
1993-012T17:17:21.100	15.073	16.870	
1993-012T17:31:34.100	6.6310	16.870	
1993-012T20:04:43.600	16.132	16.870	
1993-033T20:15:30.000	13.571	16.870	
1993-012T20:58:52.400	13.571	16.870	
1993-012T21:10:03.800	16.132	16.870	
1993-033T20:26:17.500	16.132	16.870	
1993-012T17:04:51.100	16.132	16.870	
1993-012T21:24:16.900	13.571	16.870	
1993-033T21:13:11.800	7.7360	16.870	
1993-012T20:40:19.200	13.571	16.870	
1993-012T20:38:12.100	16.132	16.870	
1993-033T20:40:49.000	16.132	16.870	
1993-012T20:46:43.300	7.9290	16.870	
1993-012T17:06:31.000	7.9290	16.870	
1993-012T17:24:15.600	7.9290	16.870	
1993-012T17:44:22.300	16.132	16.870	
1993-012T16:56:23.000	16.132	16.870	
1993-033T20:10:57.600	12.300	16.870	
1993-012T20:19:39.000	16.132	16.870	
1993-012T17:27:01.800	16.132	16.870	
1993-033T20:55:44.800	16.132	16.870	
1993-012T17:12:12.700	13.571	16.870	
1993-012T17:45:16.800	7.7360	16.870	
1993-012T21:06:32.200	7.7360	16.870	
1993-012T17:01:13.300	16.132	16.870	
1993-012T17:10:08.700	5.6910	16.850	
1993-033T21:00:38.300	5.6910	16.850	
1993-012T18:09:01.400	16.624	16.820	
1993-012T20:24:32.400	16.624	16.820	
1993-012T20:30:59.600	16.624	16.820	
1993-033T20:46:28.000	5.9850	16.820	
1993-012T20:34:13.200	16.624	16.820	
1993-012T20:58:49.300	16.624	16.820	
1993-033T21:25:39.300	16.624	16.820	
1993-012T17:31:31.100	16.624	16.820	
1993-012T17:34:44.700	16.624	16.820	
1993-012T17:45:13.800	16.624	16.820	
1993-012T17:19:01.000	16.624	16.820	
1993-012T20:33:24.800	16.624	16.820	
1993-012T16:51:08.400	17.004	16.820	
1993-012T16:57:11.300	17.004	16.820	
1993-033T21:02:15.100	16.624	16.820	
1993-012T20:15:15.800	16.624	16.820	
1993-033T20:44:08.800	6.9900	16.820	
1993-012T20:47:31.800	16.624	16.820	
1993-033T20:59:25.700	16.624	16.820	
1993-033T20:30:49.800	10.756	16.820	
1993-012T20:37:51.000	16.624	16.820	
1993-012T20:32:36.500	16.624	16.820	
1993-012T17:33:07.900	16.624	16.820	
1993-012T21:02:27.100	16.624	16.820	
1993-012T20:29:47.000	16.624	16.820	
1993-012T20:48:44.300	16.624	16.820	
1993-033T20:51:45.700	16.624	16.820	
1993-033T20:22:18.500	16.624	16.820	
1993-012T21:11:43.600	16.624	16.820	
1993-012T17:23:03.000	16.624	16.820	
1993-012T20:19:17.800	16.624	16.820	
1993-012T17:32:19.500	16.624	16.820	
1993-033T21:35:44.600	16.624	16.820	
1993-033T21:03:00.500	10.071	16.810	
1993-012T17:14:07.600	8.5910	16.810	
1993-033T21:03:55.000	17.302	16.800	
1993-012T20:55:11.500	17.151	16.800	
1993-012T16:55:37.600	17.151	16.800	
1993-033T20:45:21.400	17.302	16.800	
1993-012T17:48:54.500	17.302	16.800	
1993-012T20:53:13.600	17.302	16.800	
1993-033T20:19:32.000	10.845	16.800	
1993-012T17:09:41.400	15.282	16.800	
1993-033T20:29:31.100	15.282	16.800	
1993-012T16:58:48.100	15.282	16.800	
1993-012T20:39:27.800	17.151	16.800	
1993-012T17:37:06.800	15.282	16.800	
1993-012T20:44:15.100	15.282	16.800	
1993-012T20:49:32.700	16.106	16.790	
1993-012T17:05:18.300	16.106	16.790	
1993-012T21:10:31.100	16.106	16.790	
1993-033T20:57:24.600	16.106	16.790	
1993-012T20:55:11.500	16.106	16.790	
1993-012T20:58:00.900	16.106	16.790	
1993-012T21:04:28.100	16.106	16.790	
1993-012T17:19:49.500	16.106	16.790	
1993-012T17:50:04.100	16.106	16.790	
1993-012T17:35:57.300	16.106	16.790	
1993-012T20:37:51.000	16.106	16.790	
1993-012T16:57:14.500	16.106	16.790	
1993-012T16:49:58.900	16.106	16.790	
1993-012T20:26:33.400	16.106	16.790	
1993-012T17:15:23.300	16.106	16.790	
1993-012T21:23:49.600	16.106	16.790	
1993-012T17:12:33.900	16.106	16.790	
1993-012T20:07:36.000	16.106	16.790	
1993-012T17:08:32.000	16.106	16.790	
1993-012T17:09:20.300	16.106	16.790	
1993-012T17:17:00.100	16.106	16.790	
1993-033T20:07:47.000	16.106	16.790	
1993-012T18:17:05.300	16.106	16.790	
1993-012T16:49:10.500	16.106	16.790	
1993-012T17:01:16.400	16.106	16.790	
1993-012T16:50:47.300	16.106	16.790	
1993-033T20:48:32.000	16.106	16.790	
1993-012T16:52:48.300	16.106	16.790	
1993-033T20:13:25.900	16.106	16.790	
1993-012T20:41:04.600	16.106	16.790	
1993-012T17:39:35.000	16.106	16.790	
1993-012T20:50:21.100	16.106	16.790	
1993-012T17:32:43.700	16.106	16.790	
1993-033T20:04:09.100	16.106	16.790	
1993-012T21:04:03.900	16.106	16.790	
1993-012T20:53:59.000	16.106	16.790	
1993-012T20:38:39.400	16.106	16.790	
1993-012T17:12:09.700	16.106	16.790	
1993-012T20:49:32.700	16.106	16.790	
1993-012T17:25:52.400	16.106	16.790	
1993-012T20:12:23.400	7.6700	16.790	
1993-012T17:28:17.600	16.106	16.790	
1993-012T17:02:53.200	16.106	16.790	
1993-012T17:25:49.300	8.4340	16.770	
1993-012T17:31:03.800	8.4340	16.770	
1993-012T17:48:54.500	12.468	16.760	
1993-033T20:52:31.100	16.348	16.760	
1993-033T20:16:42.500	9.5520	16.760	
1993-033T20:57:03.500	6.7200	16.760	
1993-012T20:28:37.400	7.5460	16.760	
1993-012T21:04:28.100	14.763	16.760	
1993-012T17:26:16.600	14.763	16.760	
1993-012T17:13:19.200	16.348	16.760	
1993-012T17:13:19.200	16.348	16.760	
1993-012T20:58:28.200	12.468	16.760	
1993-012T21:06:50.300	16.348	16.760	
1993-012T18:08:10.000	16.348	16.760	
1993-012T19:43:21.100	16.348	16.760	
1993-012T17:17:45.300	16.348	16.760	
1993-012T18:06:36.200	19.718	16.760	
1993-012T20:35:47.000	16.348	16.760	
1993-033T20:38:29.800	9.5520	16.760	
1993-012T21:01:59.900	16.348	16.760	
1993-012T17:40:20.300	16.348	16.760	
1993-012T17:33:53.200	16.348	16.760	
1993-012T17:17:03.100	15.514	16.750	
1993-033T21:02:18.200	15.514	16.750	
1993-033T21:02:18.200	15.514	16.750	
1993-033T21:18:26.600	15.514	16.750	
1993-012T17:04:57.100	15.514	16.750	
1993-012T16:57:41.600	15.514	16.750	
1993-012T17:28:20.600	15.514	16.750	
1993-033T20:22:21.500	15.514	16.750	
1993-012T17:43:40.000	15.514	16.750	
1993-012T20:31:02.600	15.514	16.750	
1993-012T20:31:02.600	15.514	16.750	
1993-012T17:48:30.300	15.514	16.750	
1993-012T20:17:19.800	15.514	16.750	
1993-012T17:27:32.100	15.514	16.750	
1993-033T20:03:47.900	15.514	16.750	
1993-012T20:45:33.800	15.514	16.750	
1993-033T21:26:55.000	15.514	16.750	
1993-012T16:54:52.300	15.514	16.750	
1993-012T16:55:40.600	15.514	16.750	
1993-012T20:39:06.600	15.514	16.750	
1993-033T21:34:35.000	15.514	16.750	
1993-012T20:18:32.500	15.514	16.750	
1993-012T20:38:18.200	15.514	16.750	
1993-033T21:10:22.300	15.514	16.750	
1993-012T20:29:25.800	15.514	16.750	
1993-012T20:45:33.800	15.514	16.750	
1993-012T20:16:31.500	15.514	16.750	
1993-033T20:10:39.500	15.514	16.750	
1993-012T16:56:53.300	15.514	16.750	
1993-012T16:56:53.300	15.514	16.750	
1993-012T21:23:28.500	15.514	16.750	
1993-033T20:50:36.100	15.514	16.750	
1993-012T20:26:36.400	15.514	16.750	
1993-012T16:48:00.900	8.4190	16.750	
1993-012T21:10:58.300	8.4190	16.750	
1993-033T20:24:22.500	8.4190	16.750	
1993-012T21:00:29.200	15.514	16.750	
1993-012T17:13:19.200	20.482	16.750	
1993-012T16:51:35.700	13.322	16.750	
1993-033T21:31:45.500	15.514	16.750	
1993-012T16:51:38.700	15.514	16.750	
1993-012T21:12:35.100	15.514	16.750	
1993-033T20:17:31.000	8.6200	16.750	
1993-012T20:43:57.000	8.4190	16.750	
1993-033T21:26:03.600	17.686	16.740	
1993-012T17:46:29.300	8.2210	16.740	
1993-033T21:28:07.600	8.2210	16.740	
1993-012T20:47:10.600	8.2210	16.740	
1993-012T17:04:57.100	8.2210	16.740	
1993-012T20:40:43.400	8.2210	16.740	
1993-033T20:57:27.600	8.2210	16.740	
1993-033T21:32:58.100	16.327	16.730	
1993-033T21:29:20.300	16.327	16.730	
1993-012T16:50:01.900	16.327	16.730	
1993-012T20:08:27.500	16.327	16.730	
1993-012T21:12:11.000	16.327	16.730	
1993-033T21:13:36.000	16.327	16.730	
1993-012T20:20:33.500	16.327	16.730	
1993-012T20:10:28.500	16.327	16.730	
1993-033T20:52:37.100	16.327	16.730	
1993-033T20:21:33.000	16.327	16.730	
1993-012T20:20:57.600	16.327	16.730	
1993-012T20:04:49.600	16.327	16.730	
1993-012T20:53:37.800	16.327	16.730	
1993-012T20:37:05.600	16.327	16.730	
1993-012T19:59:35.100	16.327	16.730	
1993-012T17:24:18.600	16.327	16.730	
1993-012T20:26:36.400	16.327	16.730	
1993-012T17:21:47.300	11.927	16.730	
1993-012T16:56:53.300	16.327	16.730	
1993-012T20:10:28.500	16.327	16.730	
1993-033T21:31:45.500	16.327	16.730	
1993-012T20:28:37.400	16.327	16.730	
1993-012T20:43:32.800	16.327	16.730	
1993-033T20:43:41.500	7.6890	16.730	
1993-012T17:11:00.100	16.327	16.730	
1993-012T16:50:26.100	16.327	16.730	
1993-033T21:15:12.900	16.327	16.730	
1993-012T20:39:55.000	16.327	16.730	
1993-033T21:24:54.000	16.327	16.730	
1993-033T20:08:38.400	16.327	16.730	
1993-012T20:40:19.200	16.327	16.730	
1993-033T21:34:04.600	15.492	16.720	
1993-012T17:26:37.600	15.492	16.720	
1993-033T20:41:37.500	15.492	16.720	
1993-012T17:21:53.400	12.953	16.720	
1993-012T21:04:00.800	15.492	16.720	
1993-012T16:56:47.100	15.492	16.720	
1993-012T20:23:47.000	12.953	16.720	
1993-012T20:37:23.800	15.492	16.720	
1993-012T20:27:00.600	12.953	16.720	
1993-012T17:08:59.100	12.953	16.720	
1993-012T20:24:11.200	11.993	16.720	
1993-012T20:06:50.600	11.993	16.720	
1993-012T20:18:05.200	15.595	16.720	
1993-033T21:19:12.000	15.595	16.720	
1993-012T17:05:18.300	15.595	16.720	
1993-012T17:16:11.600	15.595	16.720	
1993-012T17:37:58.300	13.636	16.720	
1993-012T21:06:29.100	13.636	16.720	
1993-012T17:11:45.500	15.595	16.720	
1993-033T20:16:15.300	15.595	16.720	
1993-033T19:39:56.500	15.595	16.720	
1993-012T20:15:15.800	15.595	16.720	
1993-012T17:08:32.000	15.595	16.720	
1993-012T17:41:36.000	15.595	16.720	
1993-012T17:28:41.800	15.595	16.720	
1993-012T20:30:35.400	9.9870	16.720	
1993-012T17:28:41.800	15.595	16.720	
1993-012T17:11:21.300	15.595	16.720	
1993-012T18:05:47.800	15.595	16.720	
1993-012T20:45:06.500	15.595	16.720	
1993-012T16:49:58.900	15.595	16.720	
1993-012T20:53:34.700	15.595	16.720	
1993-012T17:06:06.800	15.595	16.720	
1993-012T20:54:47.300	15.595	16.720	
1993-033T20:13:28.900	8.8230	16.720	
1993-012T16:55:13.500	15.595	16.720	
1993-012T17:35:33.100	15.595	16.720	
1993-033T20:59:25.700	15.595	16.720	
1993-012T20:49:57.000	15.595	16.720	
1993-012T17:25:28.200	15.595	16.720	
1993-012T20:43:32.800	5.6930	16.710	
1993-012T16:55:10.300	5.7240	16.700	
1993-033T20:59:04.500	8.0250	16.690	
1993-033T20:53:01.400	8.0250	16.690	
1993-033T21:32:09.700	8.0250	16.690	
1993-012T20:34:16.200	8.0250	16.690	
1993-012T16:56:26.000	8.4210	16.690	
1993-033T20:58:10.100	14.050	16.690	
1993-012T20:27:43.000	14.050	16.690	
1993-033T20:19:32.000	8.0250	16.690	
1993-033T20:33:12.100	9.0580	16.690	
1993-012T17:37:12.900	8.0250	16.690	
1993-012T17:33:10.900	8.0250	16.690	
1993-033T20:17:06.700	8.0250	16.690	
1993-012T20:11:35.000	19.523	16.690	
1993-012T17:31:28.000	19.523	16.690	
1993-012T17:02:25.900	8.1240	16.670	
1993-012T17:28:44.800	14.077	16.670	
1993-012T20:22:04.200	8.1240	16.670	
1993-033T20:27:36.200	14.077	16.670	
1993-012T17:34:44.700	13.954	16.660	
1993-012T17:23:03.000	8.2970	16.660	
1993-012T20:36:38.400	13.954	16.660	
1993-012T17:42:21.300	17.226	16.660	
1993-012T20:13:39.000	8.2970	16.660	
1993-033T21:29:41.500	13.954	16.660	
1993-012T17:21:29.200	7.0810	16.660	
1993-012T17:13:22.300	8.2970	16.660	
1993-012T21:09:18.500	13.954	16.660	
1993-033T20:30:19.600	17.226	16.660	
1993-033T21:04:13.100	14.252	16.660	
1993-012T21:03:39.700	13.954	16.660	
1993-012T17:23:48.300	14.252	16.660	
1993-012T17:00:52.200	8.2970	16.660	
1993-012T21:17:25.500	7.0810	16.660	
1993-012T17:22:38.800	13.954	16.660	
1993-012T20:21:21.800	14.721	16.640	
1993-012T20:27:24.800	14.721	16.640	
1993-012T16:51:14.500	14.721	16.640	
1993-012T17:30:21.500	7.3580	16.640	
1993-012T17:05:45.600	14.721	16.640	
1993-012T20:11:59.200	17.900	16.640	
1993-012T17:35:11.900	14.721	16.640	
1993-012T21:02:54.400	14.721	16.640	
1993-033T21:09:34.000	14.721	16.640	
1993-012T21:17:01.300	14.721	16.640	
1993-012T19:48:17.500	7.8320	16.630	
1993-033T20:40:24.800	15.704	16.630	
1993-012T17:31:52.200	15.704	16.630	
1993-012T17:10:08.700	10.123	16.630	
1993-012T20:13:42.100	7.8320	16.630	
1993-033T19:58:51.300	15.704	16.630	
1993-033T20:16:36.500	15.704	16.630	
1993-012T20:33:27.800	7.8320	16.630	
1993-012T20:51:36.800	7.8320	16.630	
1993-012T17:28:44.800	7.8320	16.630	
1993-012T17:20:40.800	7.8320	16.630	
1993-012T17:31:31.100	12.104	16.630	
1993-012T20:16:55.600	6.4550	16.630	
1993-033T20:35:13.100	10.123	16.630	
1993-012T20:36:11.100	15.704	16.630	
1993-012T20:28:07.100	15.704	16.630	
1993-033T20:27:54.300	15.704	16.630	
1993-033T20:40:06.600	7.8320	16.630	
1993-012T17:26:37.600	15.704	16.630	
1993-033T21:10:19.300	8.1730	16.630	
1993-012T20:27:46.000	8.1730	16.630	
1993-012T17:56:28.200	15.704	16.630	
1993-012T16:54:46.100	15.704	16.630	
1993-012T20:41:07.600	7.8320	16.630	
1993-012T18:25:06.400	15.704	16.630	
1993-012T17:40:47.600	10.123	16.630	
1993-012T17:14:31.800	15.704	16.630	
1993-012T17:07:22.300	11.527	16.620	
1993-012T20:58:46.300	14.455	16.620	
1993-012T17:10:29.800	16.565	16.620	
1993-012T21:01:11.500	16.565	16.620	
1993-033T20:42:25.900	16.565	16.620	
1993-012T17:04:51.100	16.565	16.620	
1993-012T17:20:37.800	5.5880	16.620	
1993-012T20:41:50.000	16.565	16.620	
1993-033T20:23:03.800	16.565	16.620	
1993-012T17:42:45.500	16.565	16.620	
1993-012T16:54:00.800	15.093	16.610	
1993-012T20:50:45.300	15.093	16.610	
1993-012T17:33:07.900	15.093	16.610	
1993-012T17:27:29.100	15.093	16.610	
1993-012T20:23:44.000	6.8760	16.610	
1993-012T21:23:01.200	15.093	16.610	
1993-012T16:55:37.600	15.093	16.610	
1993-033T21:28:04.600	15.093	16.610	
1993-012T21:17:49.800	13.447	16.610	
1993-033T20:59:04.500	13.447	16.610	
1993-012T19:44:15.600	13.447	16.610	
1993-033T20:48:10.800	13.447	16.610	
1993-012T20:17:16.800	15.093	16.610	
1993-012T17:42:24.300	15.093	16.610	
1993-012T17:15:47.500	15.093	16.610	
1993-012T17:43:33.900	8.5910	16.600	
1993-012T17:09:17.200	7.9710	16.600	
1993-033T20:29:58.400	6.6520	16.600	
1993-012T17:33:29.000	7.9710	16.600	
1993-012T17:10:54.000	7.9710	16.600	
1993-033T21:18:44.700	7.9710	16.600	
1993-012T20:43:05.600	8.0510	16.590	
1993-012T16:58:02.800	8.0510	16.590	
1993-012T16:58:51.200	8.0510	16.590	
1993-012T17:53:14.600	14.660	16.580	
1993-012T20:47:07.500	14.275	16.570	
1993-012T18:07:24.600	7.4520	16.570	
1993-012T16:51:35.700	14.275	16.570	
1993-012T21:03:15.600	14.275	16.570	
1993-012T20:07:11.800	14.275	16.570	
1993-033T21:10:46.600	9.2360	16.570	
1993-033T20:27:12.000	9.2360	16.570	
1993-012T20:42:20.200	17.161	16.560	
1993-033T20:07:50.000	17.161	16.560	
1993-012T20:43:57.000	17.161	16.560	
1993-012T20:29:01.600	17.161	16.560	
1993-012T20:48:20.100	11.809	16.540	
1993-012T17:31:07.000	7.9290	16.540	
1993-033T20:14:35.500	18.587	16.540	
1993-012T17:14:34.900	16.450	16.530	
1993-012T17:05:15.300	15.917	16.530	
1993-033T20:56:33.200	15.917	16.530	
1993-012T20:59:37.700	16.450	16.530	
1993-012T20:38:12.100	8.2780	16.530	
1993-012T18:23:08.500	16.450	16.530	
1993-012T20:48:20.100	16.450	16.530	
1993-012T17:14:10.700	16.450	16.530	
1993-012T17:02:50.100	15.917	16.530	
1993-033T21:28:04.600	16.450	16.530	
1993-012T20:36:59.500	15.917	16.530	
1993-033T21:10:40.500	15.917	16.530	
1993-012T17:28:38.600	8.2780	16.530	
1993-012T17:53:17.600	16.450	16.530	
1993-012T17:39:10.800	16.450	16.530	
1993-033T20:10:36.500	16.450	16.530	
1993-012T20:38:12.100	15.917	16.530	
1993-012T20:44:39.300	15.917	16.530	
1993-033T21:04:13.100	15.917	16.530	
1993-012T17:43:58.100	15.917	16.530	
1993-012T20:11:38.000	16.450	16.530	
1993-012T20:25:45.000	16.450	16.530	
1993-012T20:13:36.000	15.917	16.530	
1993-033T20:20:41.600	16.450	16.530	
1993-012T20:23:41.000	15.917	16.530	
1993-012T20:34:58.500	15.917	16.530	
1993-012T21:24:59.200	15.917	16.530	
1993-012T17:37:55.100	15.917	16.530	
1993-033T21:15:31.000	15.917	16.530	
1993-012T20:41:53.000	16.450	16.530	
1993-012T16:57:38.600	16.450	16.530	
1993-012T16:58:51.200	16.450	16.530	
1993-012T17:10:32.900	16.450	16.530	
1993-012T21:01:14.500	16.450	16.530	
1993-012T21:01:14.500	16.450	16.530	
1993-012T17:15:44.300	15.917	16.530	
1993-012T20:51:30.700	8.2780	16.530	
1993-012T17:50:04.100	16.450	16.530	
1993-012T20:54:47.300	16.450	16.530	
1993-012T21:10:31.100	16.450	16.530	
1993-012T20:38:15.100	16.450	16.530	
1993-012T16:53:33.600	15.917	16.530	
1993-033T20:43:41.500	16.450	16.530	
1993-012T17:21:26.200	16.450	16.530	
1993-033T20:27:36.200	6.1110	16.520	
1993-012T17:26:40.800	16.974	16.520	
1993-012T21:21:00.200	16.974	16.520	
1993-012T17:20:37.800	16.974	16.520	
1993-012T20:25:17.800	14.866	16.520	
1993-012T20:36:38.400	16.974	16.520	
1993-012T17:34:44.700	16.974	16.520	
1993-033T21:10:19.300	16.974	16.520	
1993-012T20:33:49.000	16.974	16.520	
1993-033T20:59:25.700	16.974	16.520	
1993-012T21:18:38.100	15.380	16.500	
1993-033T21:14:00.300	15.380	16.500	
1993-012T17:32:46.700	15.380	16.500	
1993-012T17:17:24.300	15.935	16.500	
1993-012T20:53:37.800	15.380	16.500	
1993-012T20:24:59.600	15.380	16.500	
1993-012T20:24:08.200	15.935	16.500	
1993-033T20:08:14.100	15.380	16.500	
1993-033T21:03:03.600	15.935	16.500	
1993-012T16:50:50.300	15.380	16.500	
1993-012T20:53:37.800	15.380	16.500	
1993-012T20:10:04.300	15.380	16.500	
1993-012T20:32:36.500	15.935	16.500	
1993-033T20:43:41.500	15.935	16.500	
1993-012T17:39:13.800	15.380	16.500	
1993-033T21:02:18.200	15.380	16.500	
1993-012T17:21:02.000	15.935	16.500	
1993-012T17:33:32.100	15.935	16.500	
1993-033T20:17:31.000	15.380	16.500	
1993-012T20:36:14.200	15.935	16.500	
1993-012T17:13:49.500	15.380	16.500	
1993-012T17:36:24.500	15.380	16.500	
1993-012T20:27:00.600	15.380	16.500	
1993-012T17:01:16.400	15.935	16.500	
1993-012T17:46:05.100	15.380	16.500	
1993-012T20:14:30.500	15.380	16.500	
1993-012T17:11:21.300	15.935	16.500	
1993-033T20:57:27.600	15.380	16.500	
1993-012T20:37:26.800	15.935	16.500	
1993-012T17:30:21.500	15.380	16.500	
1993-033T20:46:55.200	15.935	16.500	
1993-033T20:19:29.000	15.935	16.500	
1993-012T17:09:23.300	15.380	16.500	
1993-012T17:36:24.500	15.380	16.500	
1993-012T20:20:30.400	15.935	16.500	
1993-012T17:19:49.500	15.935	16.500	
1993-012T17:31:10.000	15.380	16.500	
1993-012T20:19:42.000	15.935	16.500	
1993-012T17:22:14.600	15.935	16.500	
1993-012T17:16:38.800	15.380	16.500	
1993-033T21:28:31.800	15.380	16.500	
1993-012T17:32:22.500	15.380	16.500	
1993-033T20:59:01.500	15.935	16.500	
1993-012T16:51:11.500	15.935	16.500	
1993-012T20:23:47.000	15.380	16.500	
1993-033T21:34:07.800	15.935	16.500	
1993-033T20:25:35.100	15.380	16.500	
1993-012T17:16:14.600	15.380	16.500	
1993-012T17:29:33.100	15.380	16.500	
1993-033T20:11:27.800	15.380	16.500	
1993-012T17:11:21.300	15.935	16.500	
1993-012T17:08:10.800	15.380	16.500	
1993-012T20:12:26.500	15.935	16.500	
1993-012T17:37:37.100	15.380	16.500	
1993-012T17:18:15.600	15.380	16.500	
1993-012T17:26:40.800	15.935	16.500	
1993-012T20:43:05.600	15.935	16.500	
1993-033T20:00:28.100	17.449	16.490	
1993-012T17:02:56.200	12.349	16.490	
1993-012T17:14:13.700	12.349	16.490	
1993-012T17:41:08.700	17.449	16.490	
1993-033T21:01:05.500	16.190	16.480	
1993-012T21:21:03.300	16.190	16.480	
1993-012T17:56:04.000	12.113	16.480	
1993-012T17:50:31.300	16.190	16.480	
1993-012T20:35:53.000	16.190	16.480	
1993-012T21:17:25.500	16.190	16.480	
1993-012T21:23:52.700	16.190	16.480	
1993-033T20:45:45.600	16.190	16.480	
1993-012T20:47:59.000	16.190	16.480	
1993-012T17:15:02.100	16.190	16.480	
1993-033T20:50:54.300	8.1240	16.480	
1993-012T17:29:33.100	16.190	16.480	
1993-012T17:18:39.800	16.190	16.480	
1993-012T17:07:46.500	16.190	16.480	
1993-012T16:57:59.700	8.1240	16.480	
1993-012T20:41:56.000	16.190	16.480	
1993-012T17:14:37.900	16.190	16.480	
1993-033T21:20:03.400	16.190	16.480	
1993-033T21:16:01.300	16.190	16.480	
1993-012T20:43:32.800	16.190	16.480	
1993-033T21:11:59.200	16.190	16.480	
1993-012T21:04:25.100	8.1240	16.480	
1993-012T17:43:33.900	16.784	16.480	
1993-012T17:16:38.800	16.190	16.480	
1993-033T21:03:30.800	16.190	16.480	
1993-033T20:16:18.300	16.190	16.480	
1993-012T20:34:40.400	16.190	16.480	
1993-012T17:23:06.000	16.190	16.480	
1993-012T21:11:46.800	16.190	16.480	
1993-012T20:43:08.600	16.190	16.480	
1993-012T20:22:10.200	16.190	16.480	
1993-012T20:57:39.800	16.190	16.480	
1993-012T17:11:48.500	16.190	16.480	
1993-033T20:28:45.800	10.820	16.480	
1993-012T17:34:47.700	16.190	16.480	
1993-012T16:48:00.900	16.190	16.480	
1993-012T20:46:22.100	16.190	16.480	
1993-012T20:13:17.800	16.190	16.480	
1993-012T17:35:11.900	16.190	16.480	
1993-012T17:38:43.600	16.784	16.480	
1993-012T17:49:42.900	16.190	16.480	
1993-012T16:50:01.900	16.190	16.480	
1993-012T20:53:13.600	16.190	16.480	
1993-012T20:28:13.200	16.190	16.480	
1993-012T17:06:34.000	16.190	16.480	
1993-033T21:31:21.300	16.190	16.480	
1993-012T20:21:46.000	16.190	16.480	
1993-012T16:48:00.900	16.190	16.480	√
1993-033T20:52:37.100	16.190	16.480	
1993-033T20:15:30.000	16.190	16.480	
1993-033T20:17:00.700	16.784	16.480	
1993-033T21:25:42.400	16.190	16.480	
1993-012T20:40:19.200	16.190	16.480	
1993-033T20:53:01.400	16.190	16.480	
1993-033T21:22:28.700	16.190	16.480	
1993-012T20:37:05.600	16.190	16.480	
1993-012T21:03:18.600	16.190	16.480	
1993-012T20:55:14.500	16.190	16.480	
1993-012T20:27:24.800	16.190	16.480	
1993-012T20:51:36.800	16.190	16.480	
1993-012T17:02:07.800	16.190	16.480	
1993-033T21:03:55.000	16.190	16.480	
1993-012T20:49:60.000	16.190	16.480	
1993-012T18:03:43.800	10.590	16.470	
1993-012T17:24:36.700	6.6620	16.460	
1993-012T20:09:15.900	9.4460	16.460	
1993-012T21:19:02.300	12.831	16.460	
1993-012T20:27:21.800	14.599	16.460	
1993-012T20:52:22.100	14.599	16.460	
1993-012T17:13:22.300	14.599	16.460	
1993-012T17:08:32.000	14.599	16.460	
1993-012T20:26:09.300	14.599	16.460	
1993-012T17:11:00.100	12.831	16.460	
1993-012T20:53:34.700	14.599	16.460	
1993-012T20:13:39.000	17.507	16.450	
1993-012T20:20:06.200	17.507	16.450	
1993-012T20:26:06.100	15.073	16.450	
1993-012T21:04:07.000	11.876	16.450	
1993-012T17:19:01.000	12.859	16.440	
1993-033T21:18:23.500	13.167	16.440	
1993-033T20:23:34.100	8.3200	16.440	
1993-012T21:03:12.500	20.725	16.440	
1993-033T20:21:33.000	8.3200	16.440	
1993-012T16:49:34.700	13.167	16.440	
1993-012T17:29:54.300	13.167	16.440	
1993-012T20:31:02.600	8.3200	16.440	
1993-033T20:41:40.500	13.167	16.440	
1993-012T17:20:58.900	20.240	16.440	
1993-033T20:22:39.600	20.240	16.440	
1993-012T17:29:09.000	7.4520	16.430	
1993-012T17:41:36.000	15.427	16.420	
1993-012T20:33:03.600	8.1230	16.420	
1993-012T20:37:51.000	15.427	16.420	
1993-012T17:28:41.800	15.427	16.420	
1993-033T20:55:50.800	13.950	16.420	
1993-012T20:38:15.100	15.427	16.420	
1993-033T21:09:34.000	13.950	16.420	
1993-012T17:37:09.900	15.427	16.420	
1993-033T20:18:43.600	8.1230	16.420	
1993-012T20:10:28.500	8.1230	16.420	
1993-012T17:34:44.700	7.6890	16.420	
1993-012T16:58:02.800	15.427	16.420	
1993-033T21:12:47.600	13.950	16.420	
1993-012T17:20:37.800	15.427	16.420	
1993-012T21:10:06.900	15.427	16.420	
1993-012T17:17:48.500	15.427	16.420	
1993-033T20:11:27.800	8.1230	16.420	
1993-012T20:59:40.700	13.950	16.420	
1993-012T21:21:03.300	13.950	16.420	
1993-033T20:25:10.900	13.950	16.420	
1993-033T21:28:07.600	13.950	16.420	
1993-012T17:13:49.500	13.950	16.420	
1993-012T20:27:21.800	15.427	16.420	
1993-012T17:02:04.800	15.427	16.420	
1993-012T20:42:41.300	15.427	16.420	
1993-012T17:31:34.100	8.1230	16.420	
1993-012T20:02:48.700	8.1230	16.420	
1993-012T20:33:24.800	15.427	16.420	
1993-012T17:51:43.900	8.1230	16.420	
1993-012T17:08:32.000	15.427	16.420	
1993-012T20:28:07.100	19.760	16.420	
1993-012T20:47:07.500	13.479	16.410	
1993-033T21:12:41.600	16.132	16.410	
1993-012T16:49:55.800	16.132	16.410	
1993-012T17:05:18.300	5.5880	16.410	
1993-012T16:54:46.100	16.132	16.410	
1993-012T20:23:16.800	16.132	16.410	
1993-012T20:57:33.700	16.132	16.410	
1993-012T20:38:36.300	16.132	16.410	
1993-012T16:53:57.800	16.132	16.410	
1993-012T20:54:20.100	16.132	16.410	
1993-012T17:05:39.500	16.132	16.410	
1993-012T21:11:16.500	16.132	16.410	
1993-012T17:27:08.000	6.6310	16.410	
1993-033T21:02:12.100	16.132	16.410	
1993-033T20:56:09.000	7.9710	16.410	
1993-033T21:00:35.300	8.5910	16.400	
1993-012T20:24:05.200	8.5910	16.400	
1993-012T17:33:04.800	8.5910	16.400	
1993-012T20:51:09.500	5.4870	16.400	
1993-033T20:27:12.000	14.591	16.390	
1993-033T21:01:05.500	14.591	16.390	
1993-012T21:13:23.600	14.591	16.390	
1993-012T17:10:11.700	20.706	16.390	
1993-033T21:14:24.500	14.591	16.390	
1993-012T16:59:42.600	14.591	16.390	
1993-012T20:35:53.000	14.591	16.390	
1993-033T21:31:21.300	14.591	16.390	
1993-012T21:12:59.300	14.591	16.390	
1993-033T20:41:43.500	14.591	16.390	
1993-012T20:10:52.600	14.591	16.390	
1993-012T17:06:09.800	14.591	16.390	
1993-033T20:25:59.300	7.9280	16.370	
1993-033T20:43:44.600	7.9280	16.370	
1993-033T20:07:25.800	7.9280	16.370	
1993-012T17:06:52.000	8.4340	16.370	
1993-012T17:30:21.500	7.9280	16.370	
1993-012T16:53:15.500	7.9280	16.370	
1993-033T20:27:12.000	7.9280	16.370	
1993-012T16:52:21.000	15.282	16.370	
1993-012T17:02:07.800	7.9280	16.370	
1993-012T20:36:11.100	8.4340	16.370	
1993-012T17:13:19.200	8.4340	16.370	
1993-033T21:15:06.800	15.282	16.370	
1993-012T17:46:23.300	13.258	16.350	
1993-012T20:03:09.800	7.5700	16.350	
1993-012T17:08:56.100	13.794	16.350	
1993-033T20:15:02.800	13.794	16.350	
1993-012T17:27:26.100	11.743	16.350	
1993-012T17:19:01.000	13.794	16.350	
1993-012T17:11:24.300	5.4500	16.350	
1993-012T17:14:07.600	21.713	16.350	
1993-012T20:17:16.800	13.794	16.350	
1993-033T21:24:50.800	13.794	16.350	
1993-033T20:42:04.700	21.068	16.350	
1993-012T21:18:10.800	13.794	16.350	
1993-012T20:46:22.100	5.3700	16.340	
1993-012T17:23:24.100	7.8200	16.340	
1993-012T20:16:55.600	17.021	16.330	
1993-012T17:06:09.800	17.021	16.330	
1993-012T20:23:41.000	17.004	16.330	
1993-012T20:47:28.700	8.2780	16.330	
1993-033T20:29:34.200	10.962	16.330	
1993-012T17:02:56.200	17.021	16.330	
1993-012T17:08:53.000	8.2780	16.330	
1993-033T20:15:30.000	17.021	16.330	
1993-012T16:52:02.900	17.021	16.330	
1993-012T21:10:31.100	8.2970	16.320	
1993-012T20:35:53.000	7.7360	16.310	
1993-012T17:31:55.300	14.928	16.310	
1993-012T18:07:24.600	11.229	16.310	
1993-012T20:30:56.600	17.674	16.310	
1993-012T21:06:08.000	7.7360	16.310	
1993-012T20:58:25.100	14.928	16.310	
1993-012T17:37:58.300	14.928	16.310	
1993-012T20:19:42.000	14.928	16.310	
1993-012T20:46:19.100	14.928	16.310	
1993-012T17:51:43.900	7.2650	16.310	
1993-012T20:05:35.100	11.956	16.310	
1993-033T20:10:57.600	17.674	16.310	
1993-033T20:47:22.500	7.7360	16.310	
1993-033T20:38:23.800	17.674	16.310	
1993-012T17:58:08.000	14.928	16.310	
1993-033T20:57:27.600	7.7360	16.310	
1993-012T20:07:57.200	17.674	16.310	
1993-012T17:35:05.800	14.050	16.300	
1993-012T20:36:11.100	16.348	16.290	
1993-033T20:38:23.800	16.348	16.290	
1993-012T17:20:34.700	16.348	16.290	
1993-012T20:39:27.800	8.1730	16.290	
1993-012T17:01:13.300	5.4690	16.290	
1993-033T20:46:06.800	8.1730	16.290	
1993-012T20:35:22.800	16.348	16.290	
1993-012T17:25:52.400	8.1730	16.290	
1993-012T17:34:41.600	16.348	16.290	
1993-012T20:26:06.100	16.348	16.290	
1993-033T20:39:36.400	16.348	16.290	
1993-012T17:48:24.300	16.348	16.290	
1993-012T20:55:08.500	5.9850	16.290	
1993-012T20:13:14.800	8.1730	16.290	
1993-012T17:06:06.800	8.1730	16.290	
1993-012T17:49:12.600	16.348	16.290	
1993-012T20:32:12.200	8.1730	16.290	
1993-012T20:42:38.300	15.492	16.280	
1993-012T17:52:50.500	15.492	16.280	
1993-012T17:45:10.700	15.492	16.280	
1993-012T20:17:38.000	15.492	16.280	
1993-012T17:49:12.600	8.1240	16.280	
1993-012T19:59:53.200	15.492	16.280	
1993-012T20:41:01.500	15.492	16.280	
1993-012T17:12:12.700	6.3680	16.280	
1993-012T21:02:24.100	15.492	16.280	
1993-012T17:17:48.500	7.4520	16.270	
1993-012T17:15:47.500	14.114	16.270	
1993-012T20:28:07.100	14.252	16.270	
1993-012T19:58:40.600	14.252	16.270	
1993-033T21:29:41.500	14.114	16.270	
1993-012T21:07:17.500	14.114	16.270	
1993-012T17:44:52.600	9.1320	16.270	
1993-033T21:01:51.000	14.114	16.270	
1993-012T17:29:06.000	14.114	16.270	
1993-012T17:29:54.300	8.0510	16.260	
1993-012T20:26:06.100	12.489	16.260	
1993-012T20:28:10.200	8.0510	16.260	
1993-012T16:58:51.200	8.0510	16.260	
1993-012T20:17:19.800	15.247	16.250	
1993-012T16:48:25.100	15.247	16.250	
1993-033T21:11:59.200	15.247	16.250	
1993-012T17:50:07.100	15.247	16.250	
1993-012T16:51:38.700	15.247	16.250	
1993-012T20:14:30.500	15.247	16.250	
1993-012T21:09:21.600	15.247	16.250	
1993-012T17:44:28.300	15.247	16.250	
1993-012T17:40:26.500	15.247	16.250	
1993-012T16:49:37.700	15.247	16.250	
1993-012T16:57:17.500	15.247	16.250	
1993-012T17:16:14.600	15.247	16.250	
1993-033T20:55:26.600	15.247	16.250	
1993-012T17:41:14.800	15.247	16.250	
1993-012T17:08:35.000	15.247	16.250	
1993-012T20:52:49.400	15.247	16.250	
1993-012T20:36:17.200	15.247	16.250	
1993-012T17:37:37.100	15.247	16.250	
1993-012T20:12:53.600	15.247	16.250	
1993-012T20:35:04.600	15.247	16.250	
1993-033T20:17:55.100	15.247	16.250	
1993-012T17:17:45.300	7.6700	16.250	
1993-012T20:58:28.200	15.247	16.250	
1993-012T21:19:26.500	15.247	16.250	
1993-033T21:22:04.500	15.247	16.250	
1993-033T20:48:35.100	15.247	16.250	
1993-012T17:02:07.800	15.247	16.250	
1993-033T20:43:44.600	15.247	16.250	
1993-012T21:02:06.000	15.247	16.250	
1993-012T21:09:21.600	15.247	16.250	
1993-033T20:11:27.800	15.247	16.250	
1993-033T21:28:07.600	15.247	16.250	
1993-033T21:19:39.300	16.054	16.240	
1993-012T20:43:54.000	16.277	16.240	
1993-033T21:15:37.100	16.054	16.240	
1993-033T21:01:02.500	16.277	16.240	
1993-012T16:57:14.500	16.277	16.240	
1993-033T21:24:50.800	16.277	16.240	
1993-012T17:19:04.000	16.054	16.240	
1993-012T17:00:03.800	16.277	16.240	
1993-012T20:25:20.800	16.277	16.240	
1993-012T20:22:10.200	16.054	16.240	
1993-012T16:48:22.100	16.277	16.240	
1993-012T17:31:34.100	16.054	16.240	
1993-012T17:55:18.600	16.277	16.240	
1993-012T21:16:58.300	16.277	16.240	
1993-033T20:16:39.500	16.277	16.240	
1993-012T17:21:50.400	16.277	16.240	
1993-012T21:02:03.000	16.277	16.240	
1993-012T16:49:58.900	16.277	16.240	
1993-012T20:50:21.100	16.277	16.240	
1993-033T20:27:33.100	16.277	16.240	
1993-012T17:02:53.200	16.277	16.240	
1993-012T17:09:20.300	16.277	16.240	
1993-012T16:59:15.400	16.277	16.240	
1993-033T20:47:43.600	16.277	16.240	
1993-012T17:31:31.100	16.277	16.240	
1993-012T17:06:31.000	16.277	16.240	
1993-033T20:19:56.200	16.054	16.240	
1993-012T17:38:49.700	16.054	16.240	
1993-012T17:18:15.600	16.054	16.240	
1993-012T17:29:06.000	16.277	16.240	
1993-012T16:48:46.300	16.277	16.240	
1993-012T20:15:43.100	16.054	16.240	
1993-012T17:16:35.800	16.277	16.240	
1993-012T17:17:24.300	16.277	16.240	
1993-033T21:11:59.200	16.054	16.240	
1993-012T21:05:19.600	16.054	16.240	
1993-012T21:21:51.700	16.054	16.240	
1993-012T20:37:26.800	16.277	16.240	
1993-012T20:18:56.600	16.054	16.240	
1993-012T20:52:25.100	16.054	16.240	
1993-033T20:13:28.900	16.054	16.240	
1993-012T17:14:34.900	16.277	16.240	
1993-012T20:49:35.800	16.054	16.240	
1993-012T16:58:27.000	16.277	16.240	
1993-012T16:59:18.400	16.054	16.240	
1993-012T20:42:20.200	16.054	16.240	
1993-012T21:03:42.800	16.054	16.240	
1993-033T21:25:42.400	16.054	16.240	
1993-012T17:34:47.700	16.054	16.240	
1993-012T17:08:32.000	16.277	16.240	
1993-033T20:09:02.600	16.054	16.240	
1993-012T20:19:45.000	16.054	16.240	
1993-033T20:16:18.300	16.054	16.240	
1993-012T17:02:32.000	16.054	16.240	
1993-012T20:57:15.500	16.054	16.240	
1993-012T20:25:48.000	16.054	16.240	
1993-012T20:47:10.600	16.054	16.240	
1993-012T16:56:04.800	16.054	16.240	
1993-012T17:04:57.100	16.054	16.240	
1993-012T17:36:00.300	16.054	16.240	
1993-012T16:57:41.600	16.054	16.240	
1993-033T21:08:45.500	16.054	16.240	
1993-012T20:55:14.500	16.054	16.240	
1993-012T17:10:35.900	16.054	16.240	
1993-033T21:03:30.800	16.054	16.240	
1993-012T16:56:04.800	16.054	16.240	
1993-012T20:48:23.200	16.054	16.240	
1993-033T21:03:30.800	16.054	16.240	
1993-012T20:59:40.700	16.054	16.240	
1993-012T16:49:37.700	16.054	16.240	
1993-012T21:04:07.000	16.054	16.240	
1993-012T16:52:51.300	16.054	16.240	
1993-012T20:27:49.000	16.054	16.240	
1993-012T20:35:53.000	16.054	16.240	
1993-012T20:13:42.100	16.054	16.240	
1993-012T17:06:31.000	16.277	16.240	
1993-033T21:34:59.200	16.054	16.240	
1993-012T20:41:53.000	16.277	16.240	
1993-033T21:11:35.000	16.054	16.240	
1993-012T19:48:41.700	16.054	16.240	
1993-012T20:47:34.800	16.054	16.240	
1993-033T21:09:55.100	16.277	16.240	
1993-012T20:41:04.600	16.277	16.240	
1993-012T21:09:18.500	16.277	16.240	
1993-012T20:12:53.600	10.532	16.240	
1993-033T21:33:46.600	16.054	16.240	
1993-012T17:20:16.600	16.054	16.240	
1993-012T16:59:39.600	16.277	16.240	
1993-033T20:44:30.000	16.277	16.240	
1993-012T20:18:29.500	16.277	16.240	
1993-012T20:37:51.000	16.277	16.240	
1993-012T17:43:15.800	16.054	16.240	
1993-033T20:50:36.100	16.054	16.240	
1993-012T17:04:57.100	16.054	16.240	
1993-012T17:38:25.500	10.532	16.240	
1993-012T17:37:58.300	16.277	16.240	
1993-012T20:13:14.800	16.277	16.240	
1993-012T17:05:18.300	16.277	16.240	
1993-012T17:23:03.000	16.277	16.240	
1993-012T17:52:05.100	16.277	16.240	
1993-012T17:20:37.800	16.799	16.230	
1993-012T20:47:31.800	16.799	16.230	
1993-012T19:52:40.700	16.799	16.230	
1993-012T17:29:30.100	16.799	16.230	
1993-033T20:17:27.900	16.799	16.230	
1993-012T17:17:48.500	16.799	16.230	
1993-012T20:10:52.600	10.869	16.230	
1993-012T20:58:25.100	16.799	16.230	
1993-033T21:04:40.400	16.799	16.230	
1993-012T20:15:40.000	16.799	16.230	
1993-012T20:32:09.100	14.455	16.220	
1993-033T20:38:54.000	7.5460	16.220	
1993-012T18:07:45.800	14.455	16.220	
1993-012T21:01:41.800	7.5460	16.220	
1993-012T17:58:08.000	11.662	16.220	
1993-033T20:47:22.500	7.5460	16.220	
1993-012T16:59:12.300	7.9710	16.220	
1993-033T21:01:02.500	15.764	16.210	
1993-012T20:55:11.500	15.764	16.210	
1993-012T20:16:52.600	15.764	16.210	
1993-012T17:02:29.000	15.764	16.210	
1993-012T17:22:14.600	15.764	16.210	
1993-033T20:21:05.800	15.764	16.210	
1993-012T17:12:09.700	15.764	16.210	
1993-012T20:18:29.500	15.764	16.210	
1993-012T20:31:23.800	15.764	16.210	
1993-033T20:21:54.200	15.764	16.210	
1993-012T16:52:48.300	15.764	16.210	
1993-012T20:28:10.200	15.764	16.210	
1993-012T17:06:55.100	15.764	16.210	
1993-012T20:36:14.200	15.764	16.210	
1993-012T21:02:27.100	15.764	16.210	
1993-033T21:08:18.300	15.764	16.210	
1993-012T17:16:11.600	15.764	16.210	
1993-033T21:34:56.100	15.764	16.210	
1993-012T17:01:16.400	15.764	16.210	
1993-012T20:37:02.600	15.764	16.210	
1993-012T16:52:48.300	7.9290	16.210	
1993-012T17:08:32.000	7.9290	16.210	
1993-012T20:44:18.100	15.764	16.210	
1993-012T20:40:16.100	15.764	16.210	
1993-012T17:52:53.500	15.764	16.210	
1993-033T21:18:47.700	15.764	16.210	
1993-012T20:01:33.100	15.764	16.210	
1993-033T21:28:53.000	15.764	16.210	
1993-012T17:02:53.200	7.9290	16.210	
1993-012T17:41:11.800	15.764	16.210	
1993-012T16:54:25.100	15.764	16.210	
1993-012T17:06:06.800	15.764	16.210	
1993-012T17:10:32.900	7.9290	16.210	
1993-033T20:40:27.800	15.764	16.210	
1993-012T20:24:32.400	15.764	16.210	
1993-012T20:27:46.000	7.9290	16.210	
1993-012T17:05:18.300	15.764	16.210	
1993-012T17:04:54.100	15.764	16.210	
1993-012T20:16:04.200	15.764	16.210	
1993-012T16:58:27.000	15.764	16.210	
1993-033T20:58:13.100	5.4870	16.190	
1993-012T20:33:03.600	12.709	16.190	
1993-012T17:24:42.800	12.709	16.190	
1993-012T20:33:27.800	12.709	16.190	
1993-012T20:25:20.800	17.328	16.180	
1993-012T16:53:33.600	15.704	16.180	
1993-012T20:23:41.000	15.704	16.180	
1993-012T20:27:46.000	17.328	16.180	
1993-012T17:12:06.600	15.704	16.180	
1993-012T20:17:41.000	17.328	16.180	
1993-012T16:58:48.100	15.704	16.180	
1993-012T16:51:56.800	15.704	16.180	
1993-012T20:16:01.200	15.704	16.180	
1993-012T17:25:52.400	17.328	16.180	
1993-012T17:26:13.500	15.704	16.180	
1993-012T20:36:11.100	15.704	16.180	
1993-012T17:38:19.300	15.704	16.180	
1993-012T17:13:43.400	15.704	16.180	
1993-012T16:51:08.400	14.660	16.170	
1993-012T16:58:27.000	6.9890	16.170	
1993-012T20:41:04.600	9.4500	16.170	
1993-012T20:22:28.400	14.660	16.170	
1993-012T17:11:45.500	14.436	16.160	
1993-012T17:12:55.000	17.226	16.160	
1993-012T17:12:36.900	13.823	16.160	
1993-012T20:41:56.000	13.823	16.160	
1993-012T17:21:23.100	17.226	16.160	
1993-012T16:58:27.000	14.436	16.160	
1993-033T21:33:19.300	14.436	16.160	
1993-012T17:10:08.700	7.8090	16.160	
1993-012T16:52:24.100	14.436	16.160	
1993-033T20:28:45.800	10.944	16.160	
1993-012T20:32:33.300	17.226	16.160	
1993-012T18:04:08.000	12.113	16.160	
1993-012T18:03:19.600	12.113	16.160	
1993-012T20:20:54.600	7.8090	16.160	
1993-012T19:46:58.900	12.113	16.160	
1993-012T17:25:55.400	7.0810	16.160	
1993-012T17:14:10.700	7.8090	16.160	
1993-033T20:57:03.500	13.823	16.160	
1993-012T20:14:48.600	12.113	16.160	
1993-012T20:24:59.600	13.823	16.160	
1993-012T21:04:00.800	16.565	16.150	
1993-012T17:00:49.100	16.565	16.150	
1993-012T17:01:13.300	16.565	16.150	
1993-012T17:42:45.500	16.565	16.150	
1993-012T17:26:37.600	16.565	16.150	
1993-012T20:01:30.000	16.565	16.150	
1993-033T20:21:08.800	14.462	16.140	
1993-033T21:01:54.000	14.462	16.140	
1993-033T20:46:09.800	14.462	16.140	
1993-033T21:28:56.000	14.462	16.140	
1993-033T20:55:50.800	14.462	16.140	
1993-012T20:24:29.400	8.2780	16.140	
1993-012T17:16:08.600	9.9010	16.140	
1993-012T20:47:34.800	14.462	16.140	
1993-033T21:15:37.100	14.462	16.140	
1993-012T20:58:52.400	14.462	16.140	
1993-012T16:54:52.300	14.462	16.140	
1993-033T21:09:34.000	14.462	16.140	
1993-012T20:34:16.200	8.2210	16.130	
1993-012T17:21:26.200	15.260	16.130	
1993-012T20:35:50.000	15.260	16.130	
1993-012T20:22:07.200	15.260	16.130	
1993-012T17:14:37.900	8.2210	16.130	
1993-012T20:33:00.600	15.260	16.130	
1993-012T20:28:58.600	15.260	16.130	
1993-012T16:59:39.600	13.012	16.130	
1993-012T20:18:29.500	15.260	16.130	
1993-012T20:35:01.600	15.260	16.130	
1993-033T20:33:12.100	12.706	16.130	
1993-012T17:36:21.500	15.260	16.130	
1993-012T17:32:19.500	15.260	16.130	
1993-012T17:33:10.900	9.8730	16.130	
1993-012T17:29:06.000	15.260	16.130	
1993-012T21:07:17.500	15.260	16.130	
1993-012T20:47:07.500	15.260	16.130	
1993-012T17:25:04.000	15.260	16.130	
1993-012T20:14:06.300	8.2210	16.130	
1993-012T20:22:31.400	15.260	16.130	
1993-012T16:57:38.600	15.260	16.130	
1993-012T20:21:46.000	8.2210	16.130	
1993-012T16:50:47.300	15.260	16.130	
1993-012T20:29:25.800	8.2210	16.130	
1993-012T20:10:28.500	8.4190	16.130	
1993-033T20:45:45.600	8.2210	16.130	
1993-033T20:48:07.800	7.6890	16.110	
1993-012T17:33:35.100	7.3580	16.110	
1993-033T20:35:40.400	7.3580	16.110	
1993-012T18:11:23.500	11.927	16.110	
1993-033T20:22:42.600	11.372	16.110	
1993-012T17:00:55.200	8.0250	16.100	
1993-033T20:25:59.300	8.0250	16.100	
1993-012T20:30:38.400	8.0250	16.100	
1993-012T17:08:59.100	8.0250	16.100	
1993-012T17:04:51.100	19.523	16.100	
1993-012T17:09:20.300	7.2190	16.100	
1993-012T16:51:11.500	12.403	16.100	
1993-012T17:43:40.000	8.0250	16.100	
1993-012T20:58:52.400	6.1110	16.100	
1993-012T17:33:10.900	8.0250	16.100	
1993-033T20:44:51.100	19.523	16.100	
1993-012T21:01:17.600	8.0250	16.100	
1993-012T17:12:36.900	8.0250	16.100	
1993-012T20:16:31.500	8.0250	16.100	
1993-012T21:02:54.400	16.881	16.090	
1993-012T21:06:08.000	16.881	16.090	
1993-012T17:50:55.500	16.881	16.090	
1993-012T20:49:11.600	16.881	16.090	
1993-012T17:36:00.300	16.881	16.090	
1993-033T21:25:42.400	16.881	16.090	
1993-033T20:59:04.500	16.881	16.090	
1993-012T17:05:39.500	8.1240	16.090	
1993-033T20:13:28.900	13.199	16.090	
1993-012T17:09:47.500	16.881	16.090	
1993-033T20:19:32.000	16.881	16.090	
1993-012T16:58:05.800	16.881	16.090	
1993-012T21:06:50.300	15.917	16.070	
1993-012T20:19:14.800	15.917	16.070	
1993-012T17:41:33.000	15.917	16.070	
1993-012T20:41:25.700	15.917	16.070	
1993-012T17:01:37.500	15.917	16.070	
1993-033T21:34:28.800	15.917	16.070	
1993-012T17:10:29.800	15.917	16.070	
1993-033T20:19:32.000	6.5430	16.070	
1993-012T17:32:16.400	15.917	16.070	
1993-012T20:20:03.200	15.917	16.070	
1993-033T21:23:59.400	15.917	16.070	
1993-012T20:18:50.600	15.917	16.070	
1993-033T20:15:23.800	15.917	16.070	
1993-012T17:00:31.000	7.8320	16.060	
1993-012T20:50:24.200	7.8320	16.060	
1993-012T21:03:39.700	13.636	16.050	
1993-012T16:59:39.600	13.636	16.050	
1993-033T20:39:18.300	8.8230	16.050	
1993-012T17:30:18.500	13.636	16.050	
1993-012T17:21:26.200	6.4320	16.050	
1993-012T17:10:29.800	21.464	16.050	
1993-012T16:51:59.900	13.636	16.050	
1993-012T17:06:31.000	6.4320	16.050	
1993-012T16:53:09.300	7.9710	16.040	
1993-012T17:25:04.000	7.5700	16.040	
1993-012T20:45:27.700	15.073	16.030	
1993-012T17:20:37.800	14.763	16.020	
1993-012T20:34:13.200	14.763	16.020	
1993-012T16:55:40.600	15.115	16.010	
1993-012T17:10:35.900	15.115	16.010	
1993-033T20:14:17.300	15.115	16.010	
1993-033T20:09:51.000	15.115	16.010	
1993-012T20:15:43.100	15.115	16.010	
1993-012T17:53:20.700	15.115	16.010	
1993-033T20:09:02.600	15.115	16.010	
1993-012T20:43:32.800	15.115	16.010	
1993-012T21:03:18.600	15.115	16.010	
1993-012T16:58:05.800	15.115	16.010	
1993-012T21:04:31.200	15.115	16.010	
1993-012T20:47:34.800	15.918	16.000	
1993-012T20:25:23.800	15.918	16.000	
1993-033T20:37:59.600	16.784	16.000	
1993-033T20:52:37.100	15.918	16.000	
1993-012T17:11:00.100	15.918	16.000	
1993-012T17:08:35.000	15.918	16.000	
1993-033T21:02:12.100	16.784	16.000	
1993-012T17:25:49.300	16.784	16.000	
1993-012T17:28:44.800	15.918	16.000	
1993-033T20:10:15.200	15.918	16.000	
1993-033T21:11:10.800	15.918	16.000	
1993-012T20:38:18.200	15.918	16.000	
1993-012T17:45:41.000	15.918	16.000	
1993-012T16:57:59.700	16.784	16.000	
1993-012T17:17:51.500	15.918	16.000	
1993-033T20:51:48.800	15.918	16.000	
1993-012T20:16:49.600	16.784	16.000	
1993-012T20:51:36.800	15.918	16.000	
1993-012T17:02:32.000	15.918	16.000	
1993-012T17:42:51.600	15.918	16.000	
1993-012T21:12:11.000	15.918	16.000	
1993-012T17:36:48.700	15.918	16.000	
1993-012T20:31:26.800	15.918	16.000	
1993-033T20:40:55.100	15.918	16.000	
1993-012T17:06:34.000	15.918	16.000	
1993-012T17:29:57.300	15.918	16.000	
1993-012T21:09:45.800	15.918	16.000	
1993-033T20:41:19.300	15.918	16.000	
1993-033T21:02:18.200	15.918	16.000	
1993-012T20:47:10.600	15.918	16.000	
1993-033T20:59:52.900	15.918	16.000	
1993-012T17:46:29.300	15.918	16.000	
1993-033T20:35:40.400	15.918	16.000	
1993-012T20:38:42.400	15.918	16.000	
1993-012T17:40:50.600	15.918	16.000	
1993-012T17:01:43.600	15.918	16.000	
1993-012T20:50:24.200	15.918	16.000	
1993-012T17:20:16.600	15.918	16.000	
1993-012T17:40:02.200	15.918	16.000	
1993-012T21:00:05.000	15.918	16.000	
1993-012T17:01:19.400	15.918	16.000	
1993-012T17:43:15.800	15.918	16.000	
1993-012T17:32:22.500	15.918	16.000	
1993-012T17:36:24.500	15.918	16.000	
1993-012T20:30:38.400	15.918	16.000	
1993-012T20:14:27.500	10.820	16.000	
1993-012T20:31:02.600	15.918	16.000	
1993-012T20:18:08.300	15.918	16.000	
1993-033T20:42:31.900	15.918	16.000	
1993-012T18:02:13.000	15.918	16.000	
1993-012T20:48:23.200	15.918	16.000	
1993-033T20:32:23.600	10.820	16.000	
1993-012T18:06:33.100	16.784	16.000	
1993-033T20:44:05.800	10.820	16.000	
1993-033T20:17:06.700	7.6400	15.990	
1993-012T17:35:33.100	8.4210	15.990	
1993-033T20:53:01.400	7.6400	15.990	
1993-033T20:48:04.800	6.5230	15.990	
1993-012T20:16:07.300	7.6400	15.990	
1993-033T20:40:03.600	11.086	15.980	
1993-012T16:58:02.800	5.4870	15.980	
1993-012T17:46:26.300	6.2160	15.980	
1993-012T17:06:27.800	17.449	15.980	
1993-033T21:00:14.100	5.4870	15.980	
1993-012T20:52:46.300	13.954	15.970	
1993-033T20:59:49.900	13.954	15.970	
1993-012T17:54:30.300	13.954	15.970	
1993-012T16:50:23.100	5.3870	15.970	
1993-012T20:45:03.500	8.4340	15.970	
1993-012T20:53:07.500	7.8200	15.970	
1993-012T20:28:10.200	8.2970	15.970	
1993-033T20:34:48.900	8.2970	15.970	
1993-012T17:55:18.600	13.954	15.970	
1993-012T20:45:06.500	13.954	15.970	
1993-033T21:19:36.100	13.954	15.970	
1993-012T17:32:19.500	13.954	15.970	
1993-033T20:22:18.500	8.2970	15.970	
1993-012T17:07:43.500	16.624	15.960	
1993-012T17:31:31.100	16.624	15.960	
1993-033T20:42:53.100	16.624	15.960	
1993-012T17:04:54.100	16.624	15.960	
1993-012T20:57:12.500	16.106	15.960	
1993-012T17:27:05.000	16.624	15.960	
1993-033T21:20:00.300	16.624	15.960	
1993-012T17:42:48.600	16.624	15.960	
1993-012T20:42:17.100	16.624	15.960	
1993-012T17:24:15.600	16.106	15.960	
1993-012T17:56:55.500	16.106	15.960	
1993-012T17:15:23.300	16.624	15.960	
1993-012T17:44:49.500	16.624	15.960	
1993-033T21:08:18.300	16.624	15.960	
1993-012T20:14:03.200	16.624	15.960	
1993-012T16:55:37.600	16.624	15.960	
1993-033T20:13:25.900	16.624	15.960	
1993-012T17:26:40.800	16.106	15.960	
1993-012T17:36:00.300	10.421	15.960	
1993-012T20:06:23.500	16.624	15.960	
1993-012T20:49:57.000	16.624	15.960	
1993-012T17:20:37.800	16.624	15.960	
1993-012T17:23:51.400	16.106	15.960	
1993-012T17:09:44.500	16.106	15.960	
1993-012T20:58:00.900	16.624	15.960	
1993-012T17:12:33.900	16.624	15.960	
1993-012T20:43:05.600	16.106	15.960	
1993-012T20:22:55.600	16.624	15.960	
1993-012T17:20:37.800	16.624	15.960	
1993-012T20:16:52.600	16.106	15.960	
1993-012T20:40:16.100	16.106	15.960	
1993-033T20:48:07.800	16.106	15.960	
1993-012T20:23:19.800	16.106	15.960	
1993-012T20:50:45.300	16.106	15.960	
1993-012T20:52:22.100	16.106	15.960	
1993-012T20:47:31.800	16.106	15.960	
1993-012T20:39:52.000	16.106	15.960	
1993-012T20:30:11.200	16.106	15.960	
1993-012T20:38:39.400	16.106	15.960	
1993-033T20:43:44.600	12.111	15.960	
1993-033T21:01:26.700	16.106	15.960	
1993-012T17:02:53.200	16.106	15.960	
1993-012T20:46:19.100	16.106	15.960	
1993-012T19:52:43.700	10.756	15.960	
1993-012T20:43:05.600	16.106	15.960	
1993-012T20:17:16.800	16.106	15.960	
1993-012T16:49:58.900	16.106	15.960	
1993-012T19:53:29.100	16.106	15.960	
1993-012T17:39:10.800	16.624	15.960	
1993-012T20:30:35.400	16.106	15.960	
1993-012T20:54:47.300	16.624	15.960	
1993-012T20:55:11.500	16.624	15.960	
1993-012T20:10:01.300	16.106	15.960	
1993-033T20:15:51.100	16.106	15.960	
1993-012T17:10:57.100	16.106	15.960	
1993-012T19:59:56.300	16.106	15.960	
1993-012T20:19:17.800	16.106	15.960	
1993-033T21:08:42.500	16.106	15.960	
1993-033T21:19:36.100	16.106	15.960	
1993-012T17:12:58.100	16.106	15.960	
1993-012T20:35:50.000	8.9280	15.950	
1993-012T17:00:28.000	8.1730	15.950	
1993-012T20:20:27.400	16.132	15.950	
1993-012T20:43:02.500	16.132	15.950	
1993-012T20:05:07.800	16.132	15.950	
1993-012T17:05:39.500	16.132	15.950	
1993-033T21:04:37.400	13.850	15.950	
1993-033T20:35:34.300	16.132	15.950	
1993-012T20:35:47.000	16.132	15.950	
1993-012T17:02:01.700	16.132	15.950	
1993-012T17:34:41.600	16.132	15.950	
1993-012T18:21:52.800	16.132	15.950	
1993-012T17:23:51.400	8.1730	15.950	
1993-012T20:24:29.400	16.132	15.950	
1993-012T17:26:13.500	16.132	15.950	
1993-012T21:06:26.100	16.132	15.950	
1993-012T17:08:04.600	16.132	15.950	
1993-012T17:41:57.100	16.132	15.950	
1993-012T17:00:00.700	16.132	15.950	
1993-033T20:59:22.600	15.282	15.940	
1993-012T17:28:38.600	15.282	15.940	
1993-012T17:56:04.000	15.282	15.940	
1993-033T20:56:09.000	15.282	15.940	
1993-012T21:04:49.300	15.282	15.940	
1993-012T20:14:48.600	8.2780	15.940	
1993-012T17:39:07.800	15.282	15.940	
1993-012T20:55:11.500	15.595	15.930	
1993-012T17:41:36.000	15.595	15.930	
1993-012T20:48:44.300	15.595	15.930	
1993-012T16:49:10.500	15.595	15.930	
1993-012T20:41:04.600	15.595	15.930	
1993-033T20:36:50.000	15.595	15.930	
1993-012T21:21:48.600	15.595	15.930	
1993-012T21:02:03.000	15.595	15.930	
1993-012T16:49:07.400	5.4690	15.930	
1993-012T17:34:20.500	15.595	15.930	
1993-012T17:38:46.700	15.595	15.930	
1993-012T21:19:23.500	15.595	15.930	
1993-012T21:03:15.600	15.595	15.930	
1993-033T20:59:25.700	15.595	15.930	
1993-033T20:22:18.500	15.595	15.930	
1993-012T20:44:18.100	15.595	15.930	
1993-012T17:27:53.300	15.595	15.930	
1993-012T17:00:03.800	15.595	15.930	
1993-012T20:35:50.000	15.595	15.930	
1993-012T17:26:16.600	15.595	15.930	
1993-012T20:45:55.000	15.595	15.930	
1993-012T17:34:20.500	15.595	15.930	
1993-012T17:46:02.100	19.908	15.930	
1993-012T20:39:03.600	15.595	15.930	
1993-012T17:54:06.100	15.595	15.930	
1993-012T20:54:47.300	15.595	15.930	
1993-033T21:28:04.600	15.595	15.930	
1993-012T16:51:59.900	15.595	15.930	
1993-012T17:52:29.300	15.595	15.930	
1993-033T21:26:03.600	15.595	15.930	
1993-012T20:39:27.800	15.595	15.930	
1993-012T20:17:16.800	15.595	15.930	
1993-033T20:17:49.100	12.489	15.920	
1993-012T21:09:45.800	5.7760	15.920	
1993-033T20:40:27.800	8.0510	15.920	
1993-012T17:31:55.300	8.0510	15.920	
1993-033T20:32:02.500	5.7760	15.920	
1993-033T20:19:53.200	8.0510	15.920	
1993-012T20:27:46.000	18.412	15.910	
1993-012T20:55:14.500	13.697	15.910	
1993-012T17:38:49.700	13.697	15.910	
1993-012T21:19:02.300	13.697	15.910	
1993-012T17:18:39.800	13.697	15.910	
1993-012T20:40:19.200	13.697	15.910	
1993-012T16:55:16.500	13.697	15.910	
1993-012T16:51:59.900	17.151	15.900	
1993-012T17:22:38.800	17.151	15.900	
1993-012T17:25:28.200	17.151	15.900	
1993-012T20:58:00.900	17.151	15.900	
1993-012T20:16:07.300	7.4520	15.900	
1993-033T20:07:50.000	7.4520	15.900	
1993-012T20:26:09.300	17.151	15.900	
1993-012T20:52:19.100	8.1240	15.900	
1993-033T21:24:26.700	17.151	15.900	
1993-012T20:49:08.500	17.151	15.900	
1993-012T17:00:52.200	17.151	15.900	
1993-012T20:43:29.800	17.151	15.900	
1993-012T16:51:35.700	17.151	15.900	
1993-033T21:35:20.400	17.151	15.900	
1993-012T16:59:15.400	17.151	15.900	
1993-012T20:25:42.000	7.6700	15.900	
1993-033T20:25:10.900	7.4520	15.900	
1993-033T20:39:18.300	14.333	15.890	
1993-012T21:12:32.100	7.9290	15.890	
1993-012T17:18:39.800	14.333	15.890	
1993-012T20:08:48.600	7.9290	15.890	
1993-012T17:17:03.100	14.333	15.890	
1993-012T17:50:52.500	7.9290	15.890	
1993-012T17:27:05.000	7.3350	15.890	
1993-012T17:31:58.300	14.333	15.890	
1993-012T20:51:33.700	7.9290	15.890	
1993-012T17:15:23.300	7.9290	15.890	
1993-012T18:00:06.000	11.378	15.890	
1993-012T16:58:02.800	7.9290	15.890	
1993-012T17:55:39.800	11.378	15.890	
1993-012T21:17:43.600	14.252	15.870	
1993-033T21:20:00.300	14.275	15.870	
1993-012T17:12:06.600	14.252	15.870	
1993-012T18:06:36.200	14.275	15.870	
1993-012T16:52:24.100	14.275	15.870	
1993-012T21:16:58.300	14.275	15.870	
1993-012T20:49:35.800	16.742	15.860	
1993-033T20:25:10.900	16.742	15.860	
1993-012T17:54:33.300	16.742	15.860	
1993-012T17:44:28.300	16.742	15.860	
1993-012T17:26:43.800	16.742	15.860	
1993-012T20:16:55.600	16.742	15.860	
1993-033T20:14:41.500	16.742	15.860	
1993-033T20:14:41.500	16.742	15.860	
1993-012T20:54:26.100	16.742	15.860	
1993-012T17:13:25.300	16.742	15.860	
1993-012T20:16:31.500	16.742	15.860	
1993-012T17:27:08.000	16.742	15.860	
1993-012T16:54:52.300	16.742	15.860	
1993-033T21:02:42.400	16.742	15.860	
1993-012T20:50:48.300	16.742	15.860	
1993-012T20:31:26.800	16.742	15.860	
1993-012T20:41:07.600	16.742	15.860	
1993-012T17:12:12.700	16.742	15.860	
1993-033T20:51:21.500	15.093	15.850	
1993-012T20:50:45.300	15.093	15.850	
1993-033T20:15:02.800	15.093	15.850	
1993-012T17:09:44.500	15.093	15.850	
1993-012T17:38:22.500	15.093	15.850	
1993-012T17:15:20.100	7.9710	15.850	
1993-033T20:26:41.700	15.492	15.850	
1993-012T17:32:40.600	15.492	15.850	
1993-012T17:33:56.300	15.093	15.850	
1993-012T17:17:21.100	15.492	15.850	
1993-012T20:42:41.300	15.093	15.850	
1993-012T17:06:55.100	15.093	15.850	
1993-033T20:39:39.500	15.093	15.850	
1993-012T17:54:30.300	15.093	15.850	
1993-012T20:57:33.700	15.492	15.850	
1993-012T17:45:13.800	15.093	15.850	
1993-033T20:41:37.500	17.004	15.840	
1993-012T19:52:40.700	7.8090	15.840	
1993-033T21:22:25.600	7.8090	15.840	
1993-012T17:10:29.800	17.004	15.840	
1993-033T21:11:35.000	13.075	15.840	
1993-033T20:26:44.700	7.8090	15.840	
1993-033T20:19:50.100	12.113	15.840	
1993-012T20:28:10.200	7.8090	15.840	
1993-012T20:01:36.100	8.3200	15.830	
1993-033T20:31:08.000	20.240	15.830	
1993-033T20:10:36.500	12.859	15.830	
1993-012T17:50:07.100	8.3200	15.830	
1993-012T20:45:58.000	8.3200	15.830	
1993-012T17:43:40.000	8.3200	15.830	
1993-012T17:12:55.000	5.5960	15.830	
1993-012T21:11:16.500	14.455	15.820	
1993-012T17:35:54.200	16.348	15.820	
1993-012T20:33:21.800	16.348	15.820	
1993-012T17:39:38.000	8.1230	15.820	
1993-012T20:15:12.800	16.348	15.820	
1993-012T17:54:51.400	16.348	15.820	
1993-012T17:39:38.000	8.1230	15.820	
1993-012T17:28:20.600	8.1230	15.820	
1993-033T20:09:20.800	16.348	15.820	
1993-012T20:32:57.600	16.348	15.820	
1993-012T16:48:25.100	8.1230	15.820	
1993-012T17:09:17.200	16.348	15.820	
1993-012T20:44:15.100	16.348	15.820	
1993-012T18:07:45.800	16.348	15.820	
1993-033T20:46:58.200	8.1230	15.820	
1993-033T20:51:42.700	16.348	15.820	
1993-033T20:32:47.900	10.538	15.820	
1993-012T16:59:36.500	16.348	15.820	
1993-012T17:41:33.000	16.348	15.820	
1993-033T20:25:07.900	6.6520	15.820	
1993-033T21:24:29.800	8.1230	15.820	
1993-012T21:10:34.100	8.1230	15.820	
1993-012T17:11:48.500	8.1230	15.820	
1993-012T20:40:40.300	7.2190	15.810	
1993-012T21:04:55.400	7.9280	15.800	
1993-012T17:43:12.800	17.686	15.800	
1993-033T20:08:38.400	7.9280	15.800	
1993-012T20:38:42.400	7.9280	15.800	
1993-033T20:46:09.800	8.5190	15.800	
1993-012T17:52:56.500	7.9280	15.800	
1993-012T20:35:50.000	17.686	15.800	
1993-033T20:15:54.100	7.9280	15.800	
1993-012T20:12:53.600	7.9280	15.800	
1993-033T20:14:17.300	7.9280	15.800	
1993-012T17:39:38.000	7.9280	15.800	
1993-012T16:53:36.600	7.6890	15.790	
1993-012T20:37:02.600	7.6890	15.790	
1993-012T17:06:31.000	7.6890	15.790	
1993-012T19:43:45.300	11.927	15.790	
1993-012T20:14:51.600	11.229	15.790	
1993-033T20:40:55.100	7.2650	15.790	
1993-012T16:57:38.600	7.6890	15.790	
1993-012T17:32:40.600	17.674	15.790	
1993-012T20:13:11.800	17.674	15.790	
1993-012T20:24:29.400	8.5910	15.780	
1993-012T17:01:40.600	5.4870	15.780	
1993-012T20:03:09.800	5.6910	15.770	
1993-033T21:20:03.400	15.783	15.770	
1993-033T21:01:54.000	14.983	15.770	
1993-012T20:06:26.500	14.983	15.770	
1993-012T17:50:07.100	15.783	15.770	
1993-012T21:19:26.500	15.783	15.770	
1993-012T21:13:23.600	15.783	15.770	
1993-012T17:02:32.000	14.983	15.770	
1993-012T17:13:01.100	14.983	15.770	
1993-012T20:41:31.800	15.783	15.770	
1993-012T17:17:03.100	15.783	15.770	
1993-012T17:16:14.600	15.783	15.770	
1993-033T20:23:34.100	14.983	15.770	
1993-033T20:52:13.000	15.783	15.770	
1993-012T20:02:24.500	14.983	15.770	
1993-012T17:56:34.300	15.783	15.770	
1993-012T17:30:45.800	15.783	15.770	
1993-012T20:49:60.000	15.783	15.770	
1993-033T21:16:01.300	15.783	15.770	
1993-033T20:09:02.600	15.783	15.770	
1993-012T17:11:00.100	15.783	15.770	
1993-033T21:26:30.800	15.783	15.770	
1993-033T21:04:43.500	15.783	15.770	
1993-012T20:12:53.600	14.983	15.770	
1993-012T21:16:37.100	15.783	15.770	
1993-033T20:07:01.500	18.892	15.770	
1993-033T21:19:15.000	15.783	15.770	
1993-033T21:32:09.700	15.783	15.770	
1993-033T21:12:23.400	15.783	15.770	
1993-012T17:08:10.800	15.783	15.770	
1993-012T20:35:53.000	15.783	15.770	
1993-033T20:35:40.400	14.983	15.770	
1993-033T21:00:41.300	14.983	15.770	
1993-012T17:38:25.500	15.783	15.770	
1993-012T20:16:55.600	15.783	15.770	
1993-012T20:27:24.800	14.983	15.770	
1993-012T17:31:10.000	14.983	15.770	
1993-012T20:36:41.400	15.783	15.770	
1993-033T20:20:20.400	14.983	15.770	
1993-033T20:20:38.600	8.4340	15.770	
1993-012T20:17:44.000	15.783	15.770	
1993-012T20:58:46.300	8.4340	15.770	
1993-012T17:55:21.600	15.783	15.770	
1993-012T20:45:33.800	15.783	15.770	
1993-012T20:15:18.800	15.783	15.770	
1993-012T20:30:38.400	15.783	15.770	
1993-012T17:04:57.100	15.783	15.770	
1993-012T16:56:29.000	15.783	15.770	
1993-033T20:15:54.100	15.783	15.770	
1993-012T16:53:15.500	15.783	15.770	
1993-012T17:55:21.600	15.783	15.770	
1993-012T17:11:00.100	15.783	15.770	
1993-012T16:52:27.100	15.783	15.770	
1993-012T20:22:07.200	13.479	15.760	
1993-012T21:20:11.800	13.479	15.760	
1993-033T20:36:04.600	8.7210	15.760	
1993-033T21:01:02.500	13.479	15.760	
1993-012T20:28:55.600	14.660	15.760	
1993-012T20:24:29.400	14.660	15.760	
1993-033T20:45:21.400	6.0260	15.760	
1993-012T17:09:41.400	14.660	15.760	
1993-012T21:24:35.000	14.660	15.760	
1993-012T20:35:28.800	7.7360	15.750	
1993-033T20:15:54.100	7.7360	15.750	
1993-033T20:19:07.800	7.7360	15.750	
1993-033T20:15:30.000	7.7360	15.750	
1993-033T20:32:26.700	7.7360	15.750	
1993-012T20:02:21.500	11.956	15.750	
1993-012T20:13:36.000	15.704	15.740	
1993-033T20:37:11.100	15.704	15.740	
1993-012T20:44:39.300	15.704	15.740	
1993-012T16:49:55.800	15.704	15.740	
1993-012T19:46:58.900	15.704	15.740	
1993-012T20:30:32.300	15.704	15.740	
1993-033T20:53:19.600	15.704	15.740	
1993-012T17:37:58.300	7.5700	15.740	
1993-033T20:56:57.400	15.704	15.740	
1993-012T17:25:00.900	15.704	15.740	
1993-012T17:02:25.900	15.704	15.740	
1993-012T18:03:43.800	15.704	15.740	
1993-012T17:18:09.500	15.704	15.740	
1993-012T17:41:33.000	15.704	15.740	
1993-012T20:21:40.000	8.2780	15.740	
1993-012T20:44:39.300	15.704	15.740	
1993-012T17:28:17.600	14.599	15.730	
1993-012T20:36:38.400	14.599	15.730	
1993-012T20:39:03.600	14.599	15.730	
1993-012T17:10:57.100	14.599	15.730	
1993-033T20:38:05.600	9.4460	15.730	
1993-012T17:10:29.800	7.6700	15.720	
1993-012T20:32:33.300	8.1240	15.710	
1993-012T17:02:25.900	8.1240	15.710	
1993-012T17:17:45.300	8.1240	15.710	
1993-012T16:48:25.100	11.993	15.700	
1993-012T17:12:33.900	15.935	15.690	
1993-012T18:02:10.000	15.935	15.690	
1993-012T17:32:19.500	15.935	15.690	
1993-012T16:52:45.100	14.866	15.690	
1993-012T16:54:25.100	15.935	15.690	
1993-012T20:31:48.000	15.935	15.690	
1993-012T16:52:45.100	14.866	15.690	
1993-012T20:37:02.600	15.935	15.690	
1993-012T17:09:20.300	15.935	15.690	
1993-012T17:17:48.500	15.935	15.690	
1993-012T20:19:42.000	15.935	15.690	
1993-012T17:20:13.600	15.935	15.690	
1993-012T20:26:57.600	15.935	15.690	
1993-012T17:09:44.500	15.935	15.690	
1993-012T17:19:25.300	15.935	15.690	
1993-012T17:34:20.500	15.935	15.690	
1993-012T20:54:47.300	15.935	15.690	
1993-012T20:24:32.400	15.935	15.690	
1993-012T20:39:52.000	15.935	15.690	
1993-033T21:09:55.100	15.935	15.690	
1993-012T20:52:22.100	15.935	15.690	
1993-012T21:03:39.700	15.935	15.690	
1993-012T16:56:50.300	15.935	15.690	
1993-012T17:48:51.500	15.935	15.690	
1993-012T16:56:50.300	15.935	15.690	
1993-012T17:09:44.500	15.935	15.690	
1993-012T17:01:40.600	15.935	15.690	
1993-012T16:56:26.000	15.935	15.690	
1993-012T17:15:47.500	15.935	15.690	
1993-012T21:06:04.900	15.935	15.690	
1993-012T20:41:04.600	15.935	15.690	
1993-033T20:27:33.100	15.935	15.690	
1993-033T21:18:23.500	15.935	15.690	
1993-012T17:37:58.300	15.935	15.690	
1993-033T21:18:47.700	15.935	15.690	
1993-033T20:16:15.300	15.935	15.690	
1993-012T17:28:17.600	15.935	15.690	
1993-012T17:09:20.300	15.935	15.690	
1993-012T17:10:08.700	15.935	15.690	
1993-033T20:42:28.900	15.935	15.690	
1993-033T20:58:58.400	16.565	15.680	
1993-033T21:14:21.400	16.450	15.680	
1993-012T16:57:11.300	16.565	15.680	
1993-012T20:49:57.000	16.450	15.680	
1993-012T17:33:56.300	13.794	15.680	
1993-012T17:56:55.500	10.679	15.680	
1993-033T21:22:25.600	16.450	15.680	
1993-033T21:02:39.300	16.450	15.680	
1993-012T20:17:16.800	16.450	15.680	
1993-012T20:37:26.800	16.450	15.680	
1993-012T20:28:10.200	16.450	15.680	
1993-033T20:52:31.100	16.565	15.680	
1993-012T20:18:53.600	16.450	15.680	
1993-012T16:58:27.000	16.450	15.680	
1993-012T17:02:56.200	6.8090	15.680	
1993-033T21:28:50.100	16.565	15.680	
1993-012T21:14:33.100	16.450	15.680	
1993-012T17:53:14.600	16.565	15.680	
1993-012T17:04:54.100	16.450	15.680	
1993-012T17:02:04.800	13.794	15.680	
1993-012T17:39:59.200	16.450	15.680	
1993-012T20:04:46.600	13.794	15.680	
1993-012T21:10:55.300	13.794	15.680	
1993-033T20:28:45.800	10.679	15.680	
1993-012T20:25:17.800	16.565	15.680	
1993-012T17:12:58.100	13.794	15.680	
1993-012T17:14:34.900	13.794	15.680	
1993-012T20:24:05.200	16.565	15.680	
1993-012T20:21:43.000	16.450	15.680	
1993-012T16:57:38.600	16.450	15.680	
1993-012T20:12:53.600	7.5460	15.680	
1993-012T17:31:31.100	16.450	15.680	
1993-012T20:43:54.000	13.794	15.680	
1993-012T17:27:29.100	16.450	15.680	
1993-012T16:58:30.000	12.468	15.680	
1993-012T20:17:41.000	16.450	15.680	
1993-012T17:08:10.800	8.9250	15.680	
1993-012T17:40:47.600	16.450	15.680	
1993-012T20:20:06.200	16.450	15.680	
1993-012T17:41:14.800	7.5460	15.680	
1993-012T17:52:05.100	16.450	15.680	
1993-033T20:19:32.000	7.5460	15.680	
1993-012T20:23:19.800	16.450	15.680	
1993-012T20:59:13.500	16.450	15.680	
1993-012T20:28:10.200	16.450	15.680	
1993-012T20:04:01.300	8.9250	15.680	
1993-012T17:19:25.300	16.450	15.680	
1993-033T20:56:12.000	16.450	15.680	
1993-012T20:57:36.700	16.450	15.680	
1993-033T20:16:18.300	7.5460	15.680	
1993-012T20:32:12.200	16.450	15.680	
1993-033T21:15:34.100	16.450	15.680	
1993-012T20:43:05.600	16.450	15.680	
1993-012T17:00:31.000	12.468	15.680	
1993-012T20:36:14.200	16.450	15.680	
1993-012T21:01:14.500	16.450	15.680	
1993-012T16:49:58.900	16.450	15.680	
1993-012T17:26:40.800	16.450	15.680	
1993-012T17:22:11.500	17.226	15.660	
1993-012T20:25:42.000	7.9710	15.660	
1993-012T17:05:45.600	13.571	15.660	
1993-012T16:56:53.300	13.571	15.660	
1993-012T17:31:03.800	17.226	15.660	
1993-012T21:06:56.400	13.571	15.660	
1993-012T17:21:05.000	21.802	15.660	
1993-012T16:59:42.600	13.571	15.660	
1993-012T16:56:53.300	13.571	15.660	
1993-012T17:37:06.800	7.9710	15.660	
1993-012T17:00:03.800	15.427	15.650	
1993-012T16:54:00.800	15.427	15.650	
1993-012T17:16:35.800	15.427	15.650	
1993-012T20:47:31.800	15.427	15.650	
1993-012T17:58:08.000	15.427	15.650	
1993-012T20:35:50.000	15.427	15.650	
1993-012T17:37:09.900	15.427	15.650	
1993-012T20:26:09.300	15.427	15.650	
1993-012T20:29:22.800	15.427	15.650	
1993-012T17:09:23.300	14.204	15.650	
1993-033T21:21:40.300	14.204	15.650	
1993-012T17:13:49.500	14.204	15.650	
1993-012T20:16:28.400	15.427	15.650	
1993-012T17:33:56.300	15.427	15.650	
1993-033T20:57:03.500	14.204	15.650	
1993-012T20:43:54.000	15.427	15.650	
1993-012T21:09:18.500	15.427	15.650	
1993-012T20:26:57.600	15.427	15.650	
1993-033T20:58:40.300	14.204	15.650	
1993-012T20:45:33.800	14.204	15.650	
1993-012T17:37:34.100	15.427	15.650	
1993-012T21:11:43.600	15.427	15.650	
1993-012T20:29:25.800	14.204	15.650	
1993-012T20:23:19.800	15.427	15.650	
1993-012T17:08:07.800	15.427	15.650	
1993-012T20:28:34.400	15.427	15.650	
1993-012T17:17:48.500	15.427	15.650	
1993-012T20:57:12.500	18.229	15.650	
1993-012T20:39:27.800	15.427	15.650	
1993-012T17:01:19.400	11.527	15.650	
1993-012T16:51:35.700	15.427	15.650	
1993-012T17:49:15.700	15.427	15.650	
1993-012T16:58:27.000	15.427	15.650	
1993-012T17:56:07.000	15.427	15.650	
1993-012T17:42:48.600	15.427	15.650	
1993-012T21:02:54.400	14.204	15.650	
1993-012T20:23:44.000	15.427	15.650	
1993-012T20:23:47.000	14.204	15.650	
1993-033T20:28:21.600	8.4210	15.640	
1993-012T20:20:30.400	8.4210	15.640	
1993-033T20:46:52.100	15.917	15.630	
1993-033T20:52:34.100	16.974	15.630	
1993-012T20:29:01.600	16.603	15.630	
1993-012T16:51:08.400	15.917	15.630	
1993-033T20:20:17.400	16.974	15.630	
1993-012T17:41:57.100	15.917	15.630	
1993-012T17:18:36.800	16.974	15.630	
1993-012T17:15:50.500	16.603	15.630	
1993-012T17:34:17.400	15.917	15.630	
1993-012T17:29:30.100	8.2970	15.630	
1993-012T18:03:22.600	16.974	15.630	
1993-012T18:09:25.600	16.974	15.630	
1993-012T17:18:15.600	16.603	15.630	
1993-012T17:02:01.700	15.917	15.630	
1993-012T20:51:54.900	15.917	15.630	
1993-033T20:19:53.200	16.974	15.630	
1993-012T17:32:46.700	16.603	15.630	
1993-012T20:37:29.800	16.603	15.630	
1993-012T17:34:41.600	15.917	15.630	
1993-012T20:37:29.800	16.603	15.630	
1993-012T17:14:07.600	15.917	15.630	
1993-012T17:17:45.300	15.917	15.630	
1993-033T20:27:12.000	16.603	15.630	
1993-012T17:34:23.500	16.603	15.630	
1993-012T20:10:04.300	16.603	15.630	
1993-012T20:45:33.800	16.603	15.630	
1993-012T20:32:12.200	16.974	15.630	
1993-012T20:28:10.200	16.974	15.630	
1993-012T16:50:23.100	16.974	15.630	
1993-012T21:10:10.000	16.603	15.630	
1993-012T16:57:11.300	15.917	15.630	
1993-012T20:20:30.400	16.974	15.630	
1993-033T21:12:17.300	15.917	15.630	
1993-012T20:59:40.700	16.603	15.630	
1993-012T16:53:36.600	8.5470	15.630	
1993-012T17:36:21.500	16.974	15.630	
1993-012T20:53:07.500	15.917	15.630	
1993-012T17:10:54.000	15.917	15.630	
1993-012T17:20:34.700	15.917	15.630	
1993-012T17:16:32.800	15.917	15.630	
1993-012T17:45:41.000	10.983	15.630	
1993-012T16:51:08.400	15.917	15.630	
1993-012T17:42:27.400	16.603	15.630	
1993-012T21:03:42.800	16.603	15.630	
1993-012T17:05:42.600	8.1730	15.620	
1993-012T21:02:51.300	8.1730	15.620	
1993-033T20:19:29.000	8.1730	15.620	
1993-033T21:19:33.100	15.073	15.610	
1993-012T20:08:45.600	15.073	15.610	
1993-033T20:33:33.300	15.073	15.610	
1993-012T17:39:07.800	15.073	15.610	
1993-012T20:47:52.900	15.073	15.610	
1993-012T17:58:29.200	15.073	15.610	
1993-012T20:41:53.000	7.3350	15.600	
1993-012T16:55:37.600	7.3350	15.600	
1993-033T20:22:45.600	7.3580	15.590	
1993-033T20:55:23.600	8.0510	15.590	
1993-012T20:35:22.800	9.5640	15.590	
1993-012T17:43:40.000	12.953	15.590	
1993-012T20:47:59.000	7.3580	15.590	
1993-012T20:20:54.600	8.0510	15.590	
1993-012T20:37:48.000	17.900	15.590	
1993-012T17:19:01.000	14.114	15.580	
1993-033T21:28:28.800	14.114	15.580	
1993-012T16:58:51.200	14.114	15.580	
1993-012T17:20:37.800	5.4870	15.580	
1993-012T17:16:11.600	14.114	15.580	
1993-033T20:25:32.100	14.928	15.570	
1993-012T20:22:55.600	14.928	15.570	
1993-012T17:23:27.200	14.928	15.570	
1993-033T21:33:40.500	13.850	15.570	
1993-012T17:08:56.100	14.928	15.570	
1993-012T20:39:30.800	17.586	15.570	
1993-012T17:08:07.800	7.9290	15.570	
1993-012T16:58:48.100	8.2780	15.550	
1993-012T20:53:59.000	5.6910	15.550	
1993-012T17:00:24.900	8.2780	15.550	
1993-012T20:33:21.800	8.2780	15.550	
1993-012T17:26:37.600	8.2780	15.550	
1993-012T20:17:16.800	17.507	15.540	
1993-033T21:10:22.300	15.648	15.530	
1993-012T17:45:16.800	14.852	15.530	
1993-033T20:44:57.200	15.648	15.530	
1993-012T17:05:18.300	7.8090	15.530	
1993-012T20:23:47.000	15.648	15.530	
1993-012T21:21:51.700	15.648	15.530	
1993-012T16:51:14.500	15.648	15.530	
1993-012T20:44:21.100	15.648	15.530	
1993-012T20:49:35.800	15.648	15.530	
1993-012T20:58:04.000	15.648	15.530	
1993-012T17:11:24.300	8.2210	15.530	
1993-012T17:25:31.200	15.648	15.530	
1993-012T18:00:54.400	14.050	15.530	
1993-012T17:27:56.300	15.648	15.530	
1993-012T16:54:28.100	15.648	15.530	
1993-012T20:13:42.100	14.852	15.530	
1993-012T20:40:19.200	14.852	15.530	
1993-012T17:57:46.800	14.852	15.530	
1993-012T21:19:26.500	15.648	15.530	
1993-012T17:08:10.800	15.648	15.530	
1993-012T16:59:42.600	15.648	15.530	
1993-012T20:41:07.600	15.648	15.530	
1993-033T20:17:31.000	14.852	15.530	
1993-012T17:51:43.900	14.852	15.530	
1993-012T17:00:55.200	14.852	15.530	
1993-012T20:16:31.500	15.648	15.530	
1993-012T20:18:08.300	14.852	15.530	
1993-033T21:19:39.300	14.852	15.530	
1993-012T17:09:23.300	15.648	15.530	
1993-012T17:57:22.600	14.852	15.530	
1993-012T17:06:34.000	15.648	15.530	
1993-012T16:52:27.100	15.648	15.530	
1993-012T17:14:37.900	15.648	15.530	
1993-033T21:15:37.100	15.648	15.530	
1993-012T20:49:35.800	14.852	15.530	
1993-012T20:59:40.700	15.648	15.530	
1993-012T17:31:10.000	15.648	15.530	
1993-012T16:49:13.500	15.648	15.530	
1993-012T17:46:23.300	14.050	15.530	
1993-012T20:29:25.800	14.852	15.530	
1993-012T17:52:56.500	14.852	15.530	
1993-033T21:19:39.300	15.648	15.530	
1993-033T20:25:10.900	14.852	15.530	
1993-012T17:00:49.100	14.050	15.530	
1993-012T20:37:29.800	15.648	15.530	
1993-033T20:34:03.500	8.2210	15.530	
1993-012T17:31:34.100	8.2210	15.530	
1993-012T21:22:15.900	15.648	15.530	
1993-012T17:31:58.300	15.648	15.530	
1993-033T21:01:29.800	14.852	15.530	
1993-012T21:18:14.000	15.648	15.530	
1993-012T20:49:35.800	15.648	15.530	
1993-033T20:42:01.700	12.113	15.530	
1993-033T21:02:18.200	15.648	15.530	
1993-012T17:38:49.700	15.648	15.530	
1993-012T16:49:34.700	7.8090	15.530	
1993-012T16:48:25.100	15.648	15.530	
1993-033T20:35:16.100	15.648	15.530	
1993-012T21:03:18.600	15.648	15.530	
1993-012T20:20:09.300	15.648	15.530	
1993-012T17:19:04.000	15.648	15.530	
1993-012T20:18:26.400	15.282	15.520	
1993-012T17:19:04.000	8.0250	15.520	
1993-012T20:43:02.500	16.784	15.520	
1993-012T17:26:43.800	6.8990	15.520	
1993-012T16:54:46.100	16.784	15.520	
1993-012T20:07:14.900	6.8990	15.520	
1993-012T20:58:46.300	15.282	15.520	
1993-012T17:42:45.500	15.282	15.520	
1993-033T20:22:21.500	8.0250	15.520	
1993-012T17:26:13.500	8.1240	15.520	
1993-012T20:08:45.600	16.784	15.520	
1993-012T20:26:36.400	8.0250	15.520	
1993-012T20:16:49.600	16.784	15.520	
1993-012T20:34:34.300	16.784	15.520	
1993-012T17:22:35.700	8.1240	15.520	
1993-012T17:00:52.200	12.403	15.520	
1993-012T16:54:00.800	12.403	15.520	
1993-012T17:34:41.600	8.1240	15.520	
1993-012T17:20:58.900	8.1240	15.520	
1993-012T20:08:03.300	8.4190	15.510	
1993-012T17:54:51.400	16.132	15.500	
1993-012T21:22:34.000	16.132	15.500	
1993-012T20:24:05.200	16.132	15.500	
1993-033T20:35:34.300	16.132	15.500	
1993-033T20:18:37.500	16.132	15.500	
1993-033T20:27:30.100	16.132	15.500	
1993-012T20:13:11.800	16.132	15.500	
1993-012T17:34:41.600	16.132	15.500	
1993-012T17:42:45.500	16.132	15.500	
1993-012T20:32:33.300	16.132	15.500	
1993-012T16:49:55.800	16.132	15.500	
1993-012T20:18:50.600	16.132	15.500	
1993-012T18:08:37.200	10.399	15.500	
1993-012T20:21:15.800	16.132	15.500	
1993-012T17:38:43.600	16.132	15.500	
1993-012T20:39:49.000	16.132	15.500	
1993-012T20:49:53.900	16.132	15.500	
1993-033T20:11:21.800	16.132	15.500	
1993-012T20:38:36.300	16.132	15.500	
1993-012T17:08:04.600	16.132	15.500	
1993-012T17:19:28.300	7.8320	15.490	
1993-012T17:55:39.800	14.252	15.490	
1993-012T20:40:19.200	7.8320	15.490	
1993-012T20:41:01.500	14.252	15.490	
1993-012T20:26:12.300	7.8320	15.490	
1993-012T17:45:41.000	7.8320	15.490	
1993-012T16:58:05.800	7.8320	15.490	
1993-012T17:23:48.300	14.252	15.490	
1993-033T21:13:30.000	14.252	15.490	
1993-033T21:04:37.400	14.252	15.490	
1993-012T18:05:50.800	7.8320	15.490	
1993-012T20:19:45.000	7.8320	15.490	
1993-033T20:36:22.700	19.052	15.490	
1993-012T20:52:43.300	17.449	15.480	
1993-012T20:20:27.400	17.449	15.480	
1993-033T20:25:56.300	11.086	15.480	
1993-012T17:13:46.500	7.6890	15.480	
1993-012T20:25:20.800	7.6890	15.480	
1993-033T20:21:57.300	7.1730	15.480	
1993-012T20:24:56.600	13.322	15.460	
1993-033T20:57:24.600	14.436	15.450	
1993-012T21:10:31.100	14.436	15.450	
1993-033T20:59:01.500	14.436	15.450	
1993-012T21:10:55.300	14.436	15.450	
1993-033T20:52:58.300	14.436	15.450	
1993-012T20:04:25.500	7.6400	15.440	
1993-012T20:44:45.400	7.6400	15.440	
1993-012T17:08:59.100	7.6400	15.440	
1993-012T16:57:41.600	7.6400	15.440	
1993-012T17:13:25.300	7.6400	15.440	
1993-012T17:10:05.600	14.455	15.430	
1993-012T17:41:33.000	14.455	15.430	
1993-012T17:37:55.100	14.455	15.430	
1993-012T20:45:27.700	14.455	15.430	
1993-012T21:00:01.900	7.5700	15.430	
1993-012T16:57:38.600	19.528	15.430	
1993-012T18:13:48.700	11.743	15.430	
1993-012T17:18:58.000	10.242	15.430	
1993-012T17:32:40.600	11.743	15.430	
1993-012T20:23:47.000	13.447	15.420	
1993-012T20:14:06.300	13.447	15.420	
1993-012T20:32:09.100	15.492	15.420	
1993-012T20:15:37.000	15.492	15.420	
1993-033T21:10:40.500	15.492	15.420	
1993-012T17:12:55.000	15.492	15.420	
1993-012T18:14:37.100	15.492	15.420	
1993-012T17:09:41.400	15.492	15.420	
1993-012T16:57:17.500	13.447	15.420	
1993-012T21:14:36.100	13.447	15.420	
1993-012T17:19:52.500	13.447	15.420	
1993-012T17:22:41.800	13.447	15.420	
1993-033T20:25:35.100	13.447	15.420	
1993-033T21:09:09.700	13.447	15.420	
1993-012T17:21:05.000	13.447	15.420	
1993-012T17:34:44.700	16.277	15.410	
1993-012T17:04:54.100	16.277	15.410	
1993-033T20:35:13.100	16.277	15.410	
1993-012T17:14:10.700	16.277	15.410	
1993-012T20:49:08.500	16.277	15.410	
1993-033T20:34:48.900	16.277	15.410	
1993-012T20:59:37.700	15.764	15.410	
1993-012T20:18:29.500	16.277	15.410	
1993-012T16:52:48.300	16.277	15.410	
1993-012T20:21:43.000	16.277	15.410	
1993-012T17:05:18.300	16.277	15.410	
1993-012T20:51:09.500	16.277	15.410	
1993-012T16:52:48.300	16.277	15.410	
1993-012T20:33:49.000	15.764	15.410	
1993-012T17:38:22.500	15.764	15.410	
1993-012T17:21:26.200	15.764	15.410	
1993-012T17:45:13.800	15.764	15.410	
1993-012T20:24:32.400	16.277	15.410	
1993-012T17:12:58.100	15.764	15.410	
1993-012T17:01:16.400	16.277	15.410	
1993-012T16:53:12.500	15.764	15.410	
1993-033T20:43:17.300	16.277	15.410	
1993-012T17:02:53.200	16.277	15.410	
1993-012T20:32:12.200	15.764	15.410	
1993-033T21:04:16.200	16.277	15.410	
1993-012T20:38:39.400	16.277	15.410	
1993-012T17:54:06.100	16.277	15.410	
1993-012T16:55:37.600	16.277	15.410	
1993-033T21:03:52.000	16.277	15.410	
1993-012T17:35:33.100	16.277	15.410	
1993-012T19:47:02.000	16.277	15.410	
1993-012T20:37:26.800	15.764	15.410	
1993-012T20:18:05.200	16.277	15.410	
1993-012T17:22:14.600	16.277	15.410	
1993-033T21:12:20.400	16.277	15.410	
1993-012T17:22:38.800	16.277	15.410	
1993-012T17:33:07.900	15.764	15.410	
1993-033T20:14:38.500	16.277	15.410	
1993-012T17:36:45.700	16.277	15.410	
1993-012T20:40:16.100	16.277	15.410	
1993-012T20:39:52.000	16.277	15.410	
1993-012T21:12:56.300	16.277	15.410	
1993-012T21:04:28.100	16.277	15.410	
1993-033T20:11:24.800	16.277	15.410	
1993-033T20:58:13.100	15.764	15.410	
1993-012T17:33:07.900	15.764	15.410	
1993-012T17:35:57.300	15.764	15.410	
1993-012T20:37:51.000	15.764	15.410	
1993-012T17:38:01.300	16.465	15.410	
1993-012T17:10:57.100	15.764	15.410	
1993-012T17:07:43.500	16.277	15.410	
1993-012T17:55:21.600	16.465	15.410	
1993-012T17:12:58.100	15.764	15.410	
1993-033T21:21:40.300	16.465	15.410	
1993-012T17:07:43.500	16.277	15.410	
1993-012T16:50:50.300	16.465	15.410	
1993-012T17:17:03.100	16.465	15.410	
1993-012T17:13:01.100	16.465	15.410	
1993-012T20:17:19.800	16.465	15.410	
1993-033T20:42:04.700	15.764	15.410	
1993-012T16:58:02.800	15.764	15.410	
1993-012T17:16:14.600	16.465	15.410	
1993-033T21:14:00.300	16.465	15.410	
1993-012T20:31:26.800	16.465	15.410	
1993-012T17:29:33.100	14.077	15.410	
1993-012T20:51:57.900	15.764	15.410	
1993-012T17:21:05.000	16.465	15.410	
1993-012T17:19:52.500	16.465	15.410	
1993-012T21:04:31.200	16.465	15.410	
1993-012T20:41:07.600	16.465	15.410	
1993-012T20:18:08.300	16.465	15.410	
1993-012T20:20:09.300	16.465	15.410	
1993-012T17:22:38.800	15.764	15.410	
1993-012T16:56:50.300	15.764	15.410	
1993-033T20:52:34.100	15.764	15.410	
1993-012T16:56:29.000	16.465	15.410	
1993-012T20:41:07.600	16.465	15.410	
1993-012T17:31:58.300	16.465	15.410	
1993-033T21:20:03.400	16.465	15.410	
1993-012T17:19:49.500	15.764	15.410	
1993-012T17:35:11.900	16.465	15.410	
1993-012T17:38:01.300	16.465	15.410	
1993-012T18:13:51.800	15.764	15.410	
1993-012T17:50:04.100	15.764	15.410	
1993-033T20:19:56.200	16.465	15.410	
1993-012T20:50:48.300	16.465	15.410	
1993-012T20:28:13.200	16.465	15.410	
1993-033T20:37:41.400	16.465	15.410	
1993-012T16:58:05.800	16.465	15.410	
1993-033T21:12:17.300	6.8010	15.400	
1993-012T17:41:36.000	13.636	15.390	
1993-012T20:26:06.100	21.464	15.390	
1993-012T20:10:28.500	11.412	15.390	
1993-033T20:16:39.500	13.636	15.390	
1993-012T17:01:40.600	18.047	15.390	
1993-012T20:49:57.000	15.260	15.370	
1993-012T20:31:48.000	15.260	15.370	
1993-033T20:35:40.400	9.8730	15.370	
1993-033T20:44:08.800	9.8730	15.370	
1993-033T21:09:30.900	7.4520	15.370	
1993-012T17:55:45.900	7.4520	15.370	
1993-012T20:30:11.200	15.260	15.370	
1993-012T17:38:22.500	16.799	15.370	
1993-012T17:18:36.800	16.799	15.370	
1993-012T20:24:56.600	16.799	15.370	
1993-033T21:24:26.700	16.799	15.370	
1993-012T16:49:34.700	15.260	15.370	
1993-012T17:53:41.800	15.260	15.370	
1993-012T20:51:36.800	7.4520	15.370	
1993-012T17:19:25.300	15.260	15.370	
1993-033T20:59:01.500	16.799	15.370	
1993-012T17:10:29.800	8.5910	15.370	
1993-012T17:02:53.200	16.799	15.370	
1993-012T17:50:52.500	15.260	15.370	
1993-012T17:29:54.300	16.799	15.370	
1993-012T21:09:18.500	15.260	15.370	
1993-012T20:10:01.300	15.260	15.370	
1993-012T17:12:36.900	10.869	15.370	
1993-033T21:24:50.800	15.260	15.370	
1993-033T20:44:05.800	15.260	15.370	
1993-012T17:26:16.600	16.799	15.370	
1993-012T20:18:29.500	16.799	15.370	
1993-033T21:11:10.800	7.4520	15.370	
1993-033T20:57:48.800	16.799	15.370	
1993-012T20:08:45.600	16.348	15.360	
1993-012T17:22:35.700	16.348	15.360	
1993-012T16:53:57.800	16.348	15.360	
1993-033T20:42:01.700	16.348	15.360	
1993-012T20:18:50.600	16.348	15.360	
1993-012T16:52:45.100	16.348	15.360	
1993-012T20:10:22.400	14.660	15.360	
1993-012T17:31:52.200	14.660	15.360	
1993-033T20:53:19.600	14.660	15.360	
1993-012T20:28:55.600	14.660	15.360	
1993-012T17:23:24.100	16.348	15.360	
1993-012T20:32:09.100	16.348	15.360	
1993-033T20:33:33.300	14.660	15.360	
1993-012T20:20:57.600	17.444	15.350	
1993-033T20:29:34.200	10.962	15.350	
1993-012T20:43:02.500	8.2780	15.350	
1993-012T16:50:44.200	17.004	15.350	
1993-012T16:50:26.100	6.9900	15.350	
1993-012T17:20:10.500	17.004	15.350	
1993-012T17:40:44.500	17.004	15.350	
1993-012T20:15:43.100	12.831	15.340	
1993-012T21:21:21.400	5.5960	15.340	
1993-012T17:12:12.700	12.831	15.340	
1993-033T20:21:05.800	20.291	15.340	
1993-033T21:18:26.600	12.831	15.340	
1993-012T20:31:51.000	15.514	15.310	
1993-012T17:36:24.500	15.514	15.310	
1993-033T21:27:43.400	15.514	15.310	
1993-012T20:18:56.600	15.514	15.310	
1993-012T17:53:20.700	15.514	15.310	
1993-033T20:16:18.300	15.514	15.310	
1993-033T21:24:29.800	15.514	15.310	
1993-033T20:59:52.900	15.514	15.310	
1993-012T19:49:02.900	24.534	15.310	
1993-033T21:20:27.600	15.514	15.310	
1993-012T17:01:19.400	15.514	15.310	
1993-033T21:00:41.300	15.514	15.310	
1993-012T21:06:08.000	15.514	15.310	
1993-033T21:00:17.100	15.514	15.310	
1993-033T20:32:20.600	11.378	15.310	
1993-033T20:44:57.200	15.514	15.310	
1993-012T20:49:11.600	15.514	15.310	
1993-012T17:02:07.800	15.514	15.310	
1993-033T20:19:32.000	15.514	15.310	
1993-012T16:51:35.700	6.4320	15.310	
1993-012T16:51:56.800	9.0710	15.310	
1993-012T16:49:37.700	15.514	15.310	
1993-033T20:15:54.100	15.514	15.310	
1993-012T20:57:15.500	15.514	15.310	
1993-012T20:34:40.400	15.514	15.310	
1993-012T21:21:27.500	15.514	15.310	
1993-033T20:56:39.300	15.514	15.310	
1993-012T17:11:48.500	15.514	15.310	
1993-012T17:29:02.800	15.704	15.300	
1993-012T17:19:04.000	14.721	15.300	
1993-012T20:10:04.300	14.721	15.300	
1993-012T20:39:03.600	13.954	15.300	
1993-012T20:11:10.800	15.704	15.300	
1993-012T20:14:48.600	15.704	15.300	
1993-012T17:20:58.900	15.704	15.300	
1993-033T21:27:43.400	14.721	15.300	
1993-012T16:52:24.100	13.954	15.300	
1993-012T20:20:51.600	15.704	15.300	
1993-012T17:06:03.600	15.704	15.300	
1993-033T20:50:30.100	15.704	15.300	
1993-012T17:06:58.100	14.721	15.300	
1993-012T20:17:44.000	14.721	15.300	
1993-012T16:55:16.500	14.721	15.300	
1993-012T18:00:30.200	15.704	15.300	
1993-012T16:55:58.700	15.704	15.300	
1993-012T20:33:21.800	15.704	15.300	
1993-012T17:59:47.800	14.721	15.300	
1993-012T20:31:20.800	15.704	15.300	
1993-012T17:15:23.300	8.2970	15.290	
1993-012T20:30:35.400	14.763	15.290	
1993-033T20:13:25.900	14.763	15.290	
1993-012T17:24:39.800	14.763	15.290	
1993-012T20:38:36.300	13.064	15.290	
1993-012T20:38:15.100	14.763	15.290	
1993-012T17:34:44.700	14.763	15.290	
1993-012T17:01:37.500	7.5220	15.290	
1993-012T20:19:20.800	9.5520	15.290	
1993-033T20:23:09.900	9.5520	15.290	
1993-012T16:58:27.000	8.2970	15.290	
1993-012T16:48:22.100	14.763	15.290	
1993-012T17:41:14.800	9.5520	15.290	
1993-012T20:20:09.300	9.5520	15.290	
1993-033T20:20:41.600	17.328	15.280	
1993-012T17:21:05.000	5.4500	15.280	
1993-012T17:08:32.000	17.328	15.280	
1993-012T17:21:47.300	7.2290	15.280	
1993-012T16:49:10.500	8.1730	15.280	
1993-012T20:43:29.800	8.0510	15.270	
1993-012T17:21:02.000	7.9290	15.240	
1993-012T19:59:07.900	7.9290	15.240	
1993-012T17:16:35.800	7.2190	15.240	
1993-012T19:51:25.000	12.300	15.240	
1993-012T17:18:36.800	7.9290	15.240	
1993-033T20:44:54.100	7.2190	15.240	
1993-012T17:39:10.800	7.9290	15.240	
1993-012T20:39:06.600	7.9280	15.230	
1993-033T20:51:45.700	12.554	15.230	
1993-033T20:51:24.500	8.1230	15.230	
1993-033T21:28:56.000	8.1230	15.230	
1993-012T20:20:09.300	7.9280	15.230	
1993-012T20:40:43.400	7.9280	15.230	
1993-033T20:30:25.600	7.9280	15.230	
1993-012T20:21:46.000	8.1230	15.230	
1993-033T21:34:59.200	8.1230	15.230	
1993-033T20:42:31.900	7.9280	15.230	
1993-012T17:38:25.500	8.1230	15.230	
1993-012T17:59:47.800	7.9280	15.230	
1993-033T20:18:19.300	7.9280	15.230	
1993-012T17:09:47.500	8.1230	15.230	
1993-012T21:00:29.200	8.1230	15.230	
1993-012T17:30:21.500	8.3200	15.220	
1993-012T20:31:02.600	8.3200	15.220	
1993-012T17:35:33.100	12.859	15.220	
1993-033T20:32:50.900	8.3200	15.220	
1993-012T16:50:23.100	7.8090	15.210	
1993-012T17:25:49.300	16.565	15.210	
1993-033T20:19:50.100	16.565	15.210	
1993-033T20:02:29.200	16.565	15.210	
1993-012T16:54:22.000	16.565	15.210	
1993-012T20:41:28.800	7.8090	15.210	
1993-012T20:18:50.600	16.565	15.210	
1993-012T17:13:43.400	16.565	15.210	
1993-012T20:57:09.500	16.565	15.210	
1993-012T16:51:32.600	16.565	15.210	
1993-033T20:45:21.400	6.8090	15.210	
1993-033T20:50:30.100	16.565	15.210	
1993-012T20:33:00.600	7.8090	15.210	
1993-012T20:15:18.800	7.7360	15.200	
1993-012T17:18:15.600	7.7360	15.200	
1993-012T17:06:09.800	7.7360	15.200	
1993-012T16:55:58.700	15.073	15.200	
1993-012T17:40:20.300	15.073	15.200	
1993-033T20:18:40.500	9.7170	15.200	
1993-012T20:57:15.500	7.7360	15.200	
1993-012T17:31:07.000	8.9280	15.200	
1993-033T20:36:04.600	7.7360	15.200	
1993-012T17:24:42.800	7.7360	15.200	
1993-012T16:59:36.500	13.850	15.200	
1993-012T17:07:19.300	18.596	15.190	
1993-012T20:48:47.300	11.759	15.190	
1993-012T16:49:37.700	13.322	15.180	
1993-033T20:50:36.100	16.327	15.180	
1993-033T21:29:44.500	13.322	15.180	
1993-012T20:06:26.500	16.327	15.180	
1993-033T21:27:19.200	13.322	15.180	
1993-012T20:59:58.900	15.917	15.180	
1993-012T17:56:28.200	15.917	15.180	
1993-012T17:22:17.600	13.322	15.180	
1993-012T20:26:30.400	15.917	15.180	
1993-012T20:41:56.000	16.327	15.180	
1993-033T21:03:03.600	19.340	15.180	
1993-012T17:20:58.900	15.917	15.180	
1993-012T17:43:40.000	16.327	15.180	
1993-012T20:39:55.000	16.327	15.180	
1993-012T16:58:54.200	16.327	15.180	
1993-012T16:51:14.500	16.327	15.180	
1993-033T20:08:14.100	16.327	15.180	
1993-033T21:25:18.100	16.327	15.180	
1993-033T20:09:51.000	13.322	15.180	
1993-012T17:22:17.600	16.327	15.180	
1993-012T17:48:54.500	16.327	15.180	
1993-012T16:51:38.700	16.327	15.180	
1993-012T21:00:53.400	16.327	15.180	
1993-012T20:18:08.300	13.322	15.180	
1993-012T17:28:44.800	16.327	15.180	
1993-012T17:51:37.800	15.917	15.180	
1993-012T17:10:29.800	15.917	15.180	
1993-012T17:36:48.700	16.327	15.180	
1993-033T20:16:36.500	15.917	15.180	
1993-012T20:39:24.700	15.917	15.180	
1993-033T21:24:54.000	16.327	15.180	
1993-012T20:39:06.600	16.327	15.180	
1993-012T20:32:15.200	16.327	15.180	
1993-033T20:18:19.300	16.327	15.180	
1993-012T20:50:18.100	15.917	15.180	
1993-012T21:02:06.000	16.327	15.180	
1993-033T20:10:33.400	15.917	15.180	
1993-012T20:20:51.600	15.917	15.180	
1993-012T20:18:56.600	16.327	15.180	
1993-012T17:15:26.300	16.327	15.180	
1993-012T20:29:25.800	16.327	15.180	
1993-033T20:25:35.100	12.230	15.180	
1993-012T20:34:16.200	12.230	15.180	
1993-012T17:36:48.700	12.230	15.180	
1993-012T20:33:52.000	16.327	15.180	
1993-012T17:18:39.800	16.327	15.180	
1993-012T17:07:46.500	16.327	15.180	
1993-012T17:27:08.000	16.327	15.180	
1993-033T21:20:51.900	16.327	15.180	
1993-012T20:58:52.400	16.327	15.180	
1993-012T17:59:23.600	16.327	15.180	
1993-012T20:47:10.600	13.950	15.170	
1993-012T17:14:10.700	10.944	15.170	
1993-012T20:16:52.600	10.944	15.170	
1993-012T20:33:00.600	14.275	15.170	
1993-012T16:48:43.200	17.226	15.170	
1993-012T20:21:21.800	13.950	15.170	
1993-033T20:35:16.100	13.950	15.170	
1993-012T21:12:11.000	13.950	15.170	
1993-033T21:04:16.200	14.275	15.170	
1993-012T17:00:52.200	14.275	15.170	
1993-033T21:14:00.300	13.950	15.170	
1993-012T17:17:51.500	13.950	15.170	
1993-012T21:00:50.300	7.6890	15.170	
1993-012T17:09:17.200	17.226	15.170	
1993-033T21:09:09.700	13.950	15.170	
1993-012T17:06:58.100	13.950	15.170	
1993-012T17:28:20.600	13.950	15.170	
1993-012T17:51:37.800	11.927	15.170	
1993-033T20:19:29.000	10.944	15.170	
1993-012T20:50:48.300	13.950	15.170	
1993-012T16:52:02.900	13.950	15.170	
1993-012T21:05:43.800	13.950	15.170	
1993-033T20:51:45.700	5.5880	15.160	
1993-012T20:41:25.700	8.2780	15.160	
1993-012T20:15:12.800	8.2780	15.160	
1993-012T20:36:38.400	16.106	15.150	
1993-012T20:37:26.800	15.595	15.150	
1993-012T20:58:25.100	16.106	15.150	
1993-012T17:02:53.200	16.106	15.150	
1993-012T16:57:38.600	15.595	15.150	
1993-012T20:27:21.800	16.106	15.150	
1993-012T20:36:14.200	15.595	15.150	
1993-012T21:09:42.600	16.106	15.150	
1993-012T17:18:12.600	16.106	15.150	
1993-012T16:59:15.400	16.106	15.150	
1993-012T16:51:59.900	16.106	15.150	
1993-012T20:15:15.800	16.106	15.150	
1993-012T17:00:28.000	16.106	15.150	
1993-012T18:07:45.800	10.590	15.150	
1993-012T20:23:19.800	16.106	15.150	
1993-012T20:09:37.000	15.595	15.150	
1993-012T20:29:47.000	15.595	15.150	
1993-012T17:08:56.100	16.106	15.150	
1993-012T20:52:46.300	16.106	15.150	
1993-012T20:35:50.000	15.595	15.150	
1993-012T16:56:50.300	15.595	15.150	
1993-012T17:35:57.300	15.595	15.150	
1993-012T20:20:51.600	14.050	15.150	
1993-033T20:57:00.500	15.595	15.150	
1993-012T17:29:30.100	16.106	15.150	
1993-033T21:00:14.100	15.595	15.150	
1993-012T17:13:22.300	16.106	15.150	
1993-033T21:18:23.500	15.595	15.150	
1993-033T20:51:21.500	15.595	15.150	
1993-012T17:26:40.800	15.595	15.150	
1993-033T20:47:19.400	15.595	15.150	
1993-012T20:50:45.300	15.595	15.150	
1993-012T17:45:13.800	15.595	15.150	
1993-012T21:04:28.100	15.595	15.150	
1993-012T17:35:33.100	16.106	15.150	
1993-012T17:25:04.000	15.595	15.150	
1993-012T17:58:08.000	15.595	15.150	
1993-012T20:33:24.800	15.595	15.150	
1993-033T21:03:03.600	15.595	15.150	
1993-012T17:14:59.100	15.595	15.150	
1993-012T16:51:11.500	16.106	15.150	
1993-012T21:18:59.300	16.106	15.150	
1993-012T20:35:25.800	15.595	15.150	
1993-033T21:02:15.100	15.595	15.150	
1993-012T16:57:14.500	15.595	15.150	
1993-012T20:43:05.600	15.595	15.150	
1993-012T18:00:33.200	15.595	15.150	
1993-012T20:41:28.800	15.595	15.150	
1993-012T17:17:24.300	15.595	15.150	
1993-012T17:45:13.800	15.595	15.150	
1993-012T20:20:06.200	15.595	15.150	
1993-012T16:58:02.800	16.106	15.150	
1993-012T17:12:58.100	16.106	15.150	
1993-012T17:30:39.600	8.1240	15.140	
1993-033T21:11:53.100	8.1240	15.140	
1993-012T20:27:24.800	7.5460	15.140	
1993-012T17:24:39.800	7.5700	15.130	
1993-033T20:55:50.800	17.302	15.130	
1993-012T17:13:01.100	17.302	15.130	
1993-033T20:42:31.900	18.452	15.120	
1993-012T20:53:34.700	16.624	15.110	
1993-012T20:20:30.400	16.624	15.110	
1993-012T16:56:01.800	16.624	15.110	
1993-012T17:37:34.100	16.624	15.110	
1993-012T17:40:47.600	16.624	15.110	
1993-012T20:46:43.300	16.624	15.110	
1993-012T17:15:23.300	16.624	15.110	
1993-012T17:22:38.800	16.624	15.110	
1993-012T17:29:06.000	16.624	15.110	
1993-012T16:56:01.800	16.624	15.110	
1993-033T20:32:26.700	8.7210	15.110	
1993-012T16:57:38.600	16.624	15.110	
1993-012T17:32:19.500	16.624	15.110	
1993-012T16:56:26.000	16.624	15.110	
1993-012T18:03:22.600	16.624	15.110	
1993-033T21:21:13.000	16.624	15.110	
1993-012T17:05:42.600	13.479	15.110	
1993-033T21:01:02.500	16.624	15.110	
1993-012T17:17:21.100	7.9710	15.110	
1993-012T20:54:47.300	16.624	15.110	
1993-012T16:55:13.500	16.624	15.110	
1993-012T16:52:21.000	7.9710	15.110	
1993-012T16:51:11.500	16.624	15.110	
1993-012T18:08:40.200	10.756	15.110	
1993-012T17:28:41.800	16.624	15.110	
1993-012T17:06:55.100	16.624	15.110	
1993-012T17:18:12.600	16.624	15.110	
1993-012T17:17:48.500	16.624	15.110	
1993-033T20:32:47.900	16.624	15.110	
1993-012T20:00:44.600	9.8510	15.100	
1993-012T17:05:39.500	15.282	15.100	
1993-012T20:24:05.200	15.282	15.100	
1993-033T20:22:42.600	15.093	15.100	
1993-012T17:45:59.100	15.282	15.100	
1993-012T20:04:22.500	15.093	15.100	
1993-033T20:56:57.400	14.252	15.100	
1993-012T20:43:57.000	9.7660	15.100	
1993-012T20:20:06.200	15.093	15.100	
1993-012T20:42:14.100	14.252	15.100	
1993-012T17:12:33.900	15.093	15.100	
1993-012T18:05:26.600	12.709	15.100	
1993-033T21:02:15.100	15.093	15.100	
1993-012T17:23:51.400	15.093	15.100	
1993-012T16:48:46.300	15.093	15.100	
1993-012T20:28:34.400	15.093	15.100	
1993-012T17:23:51.400	15.093	15.100	
1993-033T21:22:25.600	15.093	15.100	
1993-012T17:14:10.700	15.093	15.100	
1993-012T16:51:59.900	15.093	15.100	
1993-012T17:12:55.000	9.0710	15.090	
1993-012T21:05:43.800	15.380	15.080	
1993-012T17:10:35.900	15.380	15.080	
1993-012T17:24:42.800	15.380	15.080	
1993-012T20:25:48.000	15.380	15.080	
1993-033T20:11:03.600	15.380	15.080	
1993-033T21:12:23.400	15.380	15.080	
1993-012T20:41:56.000	15.380	15.080	
1993-033T21:10:22.300	15.380	15.080	
1993-012T20:41:07.600	15.380	15.080	
1993-033T20:09:02.600	15.380	15.080	
1993-012T17:29:57.300	15.380	15.080	
1993-012T17:19:52.500	15.380	15.080	
1993-012T17:15:02.100	15.380	15.080	
1993-012T17:32:22.500	15.380	15.080	
1993-012T20:26:12.300	15.380	15.080	
1993-012T16:50:01.900	15.380	15.080	
1993-012T17:07:22.300	15.380	15.080	
1993-033T21:34:10.800	15.380	15.080	
1993-012T17:37:12.900	15.380	15.080	
1993-012T20:22:34.500	15.380	15.080	
1993-012T17:19:28.300	15.380	15.080	
1993-012T16:49:37.700	15.380	15.080	
1993-012T20:24:59.600	15.380	15.080	
1993-012T20:24:59.600	15.380	15.080	
1993-012T20:58:49.300	7.4520	15.080	
1993-012T20:37:54.000	15.380	15.080	
1993-012T21:02:06.000	14.591	15.070	
1993-012T20:22:34.500	14.591	15.070	
1993-033T21:15:37.100	14.591	15.070	
1993-012T20:58:04.000	7.3580	15.070	
1993-033T20:35:10.100	17.900	15.070	
1993-012T17:17:03.100	14.591	15.070	
1993-033T20:23:58.300	7.3580	15.070	
1993-033T20:24:46.700	7.3580	15.070	
1993-012T17:43:40.000	14.591	15.070	
1993-012T17:01:19.400	14.591	15.070	
1993-012T17:07:46.500	14.591	15.070	
1993-033T21:35:23.400	14.591	15.070	
1993-012T21:02:06.000	14.591	15.070	
1993-012T20:27:24.800	7.3580	15.070	
1993-012T17:39:38.000	14.591	15.070	
1993-012T16:55:40.600	14.591	15.070	
1993-012T20:09:58.200	17.900	15.070	
1993-012T20:42:44.400	14.591	15.070	
1993-012T20:13:17.800	7.3580	15.070	
1993-012T20:25:48.000	14.591	15.070	
1993-033T20:56:36.200	6.4320	15.060	
1993-012T20:17:38.000	16.132	15.050	
1993-012T17:05:15.300	16.132	15.050	
1993-012T16:53:33.600	16.132	15.050	
1993-033T21:11:10.800	6.6310	15.050	
1993-012T20:51:06.500	16.132	15.050	
1993-012T16:51:56.800	16.132	15.050	
1993-012T20:03:55.200	16.132	15.050	
1993-033T20:28:45.800	10.399	15.050	
1993-012T17:50:52.500	10.399	15.050	
1993-033T20:37:11.100	16.132	15.050	
1993-012T20:49:29.700	16.132	15.050	
1993-012T17:21:47.300	16.132	15.050	
1993-012T17:29:27.000	16.132	15.050	
1993-012T17:04:51.100	16.132	15.050	
1993-012T17:28:38.600	14.455	15.040	
1993-012T17:07:40.500	14.455	15.040	
1993-012T20:57:57.900	16.784	15.040	
1993-012T18:15:49.700	14.455	15.040	
1993-012T17:36:24.500	10.845	15.020	
1993-012T17:12:09.700	14.599	15.020	
1993-012T20:20:54.600	14.599	15.020	
1993-012T16:58:27.000	14.599	15.020	
1993-012T20:40:16.100	14.599	15.020	
1993-033T21:03:27.800	17.151	15.020	
1993-012T20:19:17.800	14.599	15.020	
1993-012T20:47:56.000	13.794	15.020	
1993-012T20:39:03.600	13.794	15.020	
1993-012T20:57:36.700	14.599	15.020	
1993-012T17:05:42.600	17.151	15.020	
1993-033T20:26:47.800	8.9250	15.020	
1993-012T20:42:17.100	17.151	15.020	
1993-012T20:29:47.000	17.151	15.020	
1993-033T20:13:53.100	9.4460	15.020	
1993-012T16:59:15.400	13.794	15.020	
1993-033T20:46:06.800	13.794	15.020	
1993-012T17:11:21.300	13.794	15.020	
1993-033T20:45:42.600	14.599	15.020	
1993-012T21:11:43.600	13.794	15.020	
1993-012T17:24:12.500	7.6700	15.010	
1993-012T21:00:47.300	15.492	14.990	
1993-012T21:12:29.000	15.492	14.990	
1993-012T17:35:30.000	15.492	14.990	
1993-012T21:14:05.800	15.492	14.990	
1993-012T17:01:13.300	15.492	14.990	
1993-012T17:52:02.000	15.492	14.990	
1993-012T17:12:30.800	17.449	14.980	
1993-012T17:33:59.300	7.1730	14.980	
1993-012T17:20:13.600	6.8760	14.980	
1993-012T17:24:12.500	8.2780	14.970	
1993-012T16:56:23.000	8.2780	14.970	
1993-012T20:44:45.400	16.190	14.960	
1993-012T20:32:15.200	16.190	14.960	
1993-012T21:04:31.200	16.190	14.960	
1993-033T21:14:24.500	16.190	14.960	
1993-012T17:07:46.500	16.190	14.960	
1993-012T21:13:23.600	16.190	14.960	
1993-012T17:13:49.500	16.190	14.960	
1993-012T17:33:10.900	16.190	14.960	
1993-012T17:13:49.500	16.190	14.960	
1993-033T21:15:37.100	16.190	14.960	
1993-012T17:44:52.600	16.190	14.960	
1993-012T20:42:20.200	16.190	14.960	
1993-012T17:25:31.200	16.190	14.960	
1993-012T20:12:53.600	16.190	14.960	
1993-033T20:14:41.500	16.190	14.960	
1993-033T21:11:35.000	16.190	14.960	
1993-012T17:46:05.100	16.190	14.960	
1993-012T17:54:09.100	16.190	14.960	
1993-012T17:01:43.600	16.190	14.960	
1993-012T20:51:06.500	14.660	14.960	
1993-012T17:12:12.700	16.190	14.960	
1993-033T21:20:03.400	16.190	14.960	
1993-012T17:12:12.700	16.190	14.960	
1993-012T20:54:26.100	16.190	14.960	
1993-012T16:50:50.300	16.190	14.960	
1993-033T20:47:22.500	16.190	14.960	
1993-012T16:57:11.300	14.660	14.960	
1993-012T16:48:00.900	16.190	14.960	
1993-012T20:40:19.200	16.190	14.960	
1993-033T21:26:27.800	12.403	14.950	
1993-033T21:01:23.700	8.7500	14.950	
1993-012T16:52:27.100	8.0250	14.950	
1993-033T20:21:08.800	8.0250	14.950	
1993-033T21:15:55.200	19.523	14.950	
1993-012T17:19:01.000	8.1730	14.950	
1993-012T17:14:13.700	8.0250	14.950	
1993-012T20:33:27.800	8.0250	14.950	
1993-012T17:08:07.800	8.1730	14.950	
1993-012T17:14:59.100	8.2970	14.950	
1993-012T20:42:17.100	8.2970	14.950	
1993-033T20:57:27.600	8.0250	14.950	
1993-033T20:21:30.000	7.2190	14.950	
1993-033T20:38:29.800	8.0250	14.950	
1993-033T20:50:36.100	13.823	14.940	
1993-012T20:02:00.300	13.823	14.940	
1993-033T20:15:23.800	12.489	14.940	
1993-012T17:25:07.000	13.823	14.940	
1993-012T17:27:05.000	8.0510	14.940	
1993-012T20:37:29.800	13.199	14.940	
1993-012T17:32:22.500	13.823	14.940	
1993-012T17:07:22.300	7.8320	14.940	
1993-012T21:11:46.800	13.199	14.940	
1993-012T17:14:37.900	13.823	14.940	
1993-012T20:28:37.400	7.8320	14.940	
1993-012T20:18:56.600	13.823	14.940	
1993-033T20:20:44.600	7.8320	14.940	
1993-012T20:52:01.000	7.8320	14.940	
1993-012T20:50:48.300	13.823	14.940	
1993-012T20:44:45.400	13.823	14.940	
1993-012T20:46:16.100	13.064	14.940	
1993-012T20:38:42.400	13.199	14.940	
1993-012T21:00:05.000	7.8320	14.940	
1993-012T20:11:16.800	8.2210	14.930	
1993-033T21:03:30.800	12.111	14.930	
1993-012T20:14:06.300	8.2210	14.930	
1993-012T20:37:54.000	8.2210	14.930	
1993-012T17:33:10.900	8.2210	14.930	
1993-012T17:17:45.300	19.999	14.930	
1993-012T17:29:54.300	6.3230	14.930	
1993-012T20:21:43.000	7.9290	14.920	
1993-012T21:02:51.300	5.6910	14.920	
1993-012T19:55:30.100	7.9290	14.920	
1993-012T17:26:16.600	7.9290	14.920	
1993-012T17:22:59.900	7.9710	14.920	
1993-033T20:24:22.500	17.161	14.920	
1993-012T20:41:53.000	7.9290	14.920	
1993-033T21:04:19.200	17.161	14.920	
1993-033T20:31:14.100	9.1320	14.900	
1993-012T20:20:06.200	14.114	14.900	
1993-012T20:37:51.000	14.114	14.900	
1993-012T20:35:01.600	14.114	14.900	
1993-012T20:06:23.500	11.809	14.900	
1993-012T20:19:39.000	16.348	14.900	
1993-012T20:10:49.600	14.114	14.900	
1993-012T17:07:43.500	14.114	14.900	
1993-033T20:56:33.200	16.348	14.900	
1993-033T21:10:19.300	14.114	14.900	
1993-012T17:58:35.300	7.6400	14.900	
1993-012T16:59:36.500	16.348	14.900	
1993-012T20:38:39.400	7.8090	14.900	
1993-012T20:06:44.600	16.348	14.900	
1993-012T21:17:19.400	16.348	14.900	
1993-012T17:59:17.600	13.454	14.900	
1993-012T17:15:20.100	16.348	14.900	
1993-012T17:41:33.000	16.348	14.900	
1993-012T20:50:21.100	14.114	14.900	
1993-012T16:50:47.300	14.114	14.900	
1993-012T20:10:46.600	16.348	14.900	
1993-012T20:17:19.800	7.6400	14.900	
1993-012T17:16:38.800	7.6400	14.900	
1993-012T17:00:03.800	14.114	14.900	
1993-012T17:49:36.900	16.348	14.900	
1993-012T20:53:37.800	7.6400	14.900	
1993-012T17:45:37.900	14.114	14.900	
1993-033T20:13:25.900	15.935	14.890	
1993-012T20:41:31.800	8.4190	14.890	
1993-033T20:59:01.500	15.935	14.890	
1993-012T17:12:09.700	15.935	14.890	
1993-012T21:12:56.300	15.935	14.890	
1993-012T16:56:26.000	15.935	14.890	
1993-012T20:12:53.600	8.4190	14.890	
1993-012T17:27:53.300	15.935	14.890	
1993-012T20:43:05.600	15.935	14.890	
1993-012T17:25:52.400	15.935	14.890	
1993-012T20:29:47.000	15.935	14.890	
1993-012T17:41:11.800	15.935	14.890	
1993-012T16:49:10.500	15.935	14.890	
1993-012T17:39:35.000	15.935	14.890	
1993-012T17:41:36.000	15.935	14.890	
1993-012T17:14:59.100	15.935	14.890	
1993-012T20:41:28.800	15.935	14.890	
1993-012T17:26:16.600	15.935	14.890	
1993-012T20:35:01.600	15.935	14.890	
1993-012T17:20:37.800	15.935	14.890	
1993-033T20:58:37.300	15.935	14.890	
1993-012T17:31:31.100	15.935	14.890	
1993-012T17:48:51.500	15.935	14.890	
1993-012T20:52:22.100	15.935	14.890	
1993-012T20:35:50.000	15.935	14.890	
1993-033T20:45:18.300	15.935	14.890	
1993-012T18:22:20.000	15.935	14.890	
1993-012T20:09:15.900	8.4190	14.890	
1993-012T16:50:23.100	15.935	14.890	
1993-012T21:18:10.800	15.935	14.890	
1993-012T17:20:16.600	8.4190	14.890	
1993-012T16:57:14.500	15.427	14.880	
1993-012T20:30:11.200	15.427	14.880	
1993-012T20:51:33.700	15.427	14.880	
1993-012T18:17:29.600	17.686	14.880	
1993-033T20:42:04.700	15.427	14.880	
1993-012T17:14:59.100	15.427	14.880	
1993-012T20:32:36.500	15.427	14.880	
1993-033T20:13:25.900	15.427	14.880	
1993-012T16:59:12.300	7.8200	14.880	
1993-012T20:35:01.600	15.427	14.880	
1993-012T20:32:12.200	15.427	14.880	
1993-012T16:50:23.100	15.427	14.880	
1993-012T17:00:03.800	15.427	14.880	
1993-012T17:15:47.500	15.427	14.880	
1993-012T20:41:28.800	17.686	14.880	
1993-012T20:41:28.800	17.686	14.880	
1993-012T21:06:53.300	15.427	14.880	
1993-012T20:35:50.000	15.427	14.880	
1993-012T17:09:44.500	15.427	14.880	
1993-012T17:24:12.500	14.866	14.880	
1993-012T17:18:58.000	7.8200	14.880	
1993-012T20:15:37.000	17.004	14.870	
1993-012T20:47:28.700	15.704	14.870	
1993-012T20:29:19.800	15.704	14.870	
1993-012T16:58:48.100	15.704	14.870	
1993-012T20:14:24.400	15.704	14.870	
1993-012T16:59:36.500	15.704	14.870	
1993-012T17:50:25.300	15.704	14.870	
1993-033T20:27:09.000	10.123	14.870	
1993-012T16:48:25.100	6.9900	14.870	
1993-012T18:21:52.800	15.704	14.870	
1993-012T17:37:55.100	15.704	14.870	
1993-012T18:09:49.800	10.123	14.870	
1993-012T21:05:13.500	15.704	14.870	
1993-012T17:45:59.100	15.704	14.870	
1993-012T20:45:30.800	7.6890	14.870	
1993-012T17:24:36.700	17.004	14.870	
1993-012T16:57:59.700	15.704	14.870	
1993-012T21:06:29.100	7.6890	14.870	
1993-012T17:14:56.000	13.652	14.870	
1993-012T20:28:31.400	15.704	14.870	
1993-012T17:29:51.200	15.704	14.870	
1993-012T17:21:47.300	17.004	14.870	
1993-012T21:02:54.400	15.247	14.860	
1993-012T20:37:29.800	15.247	14.860	
1993-033T20:44:33.000	15.247	14.860	
1993-012T20:29:50.000	15.247	14.860	
1993-012T17:36:00.300	15.247	14.860	
1993-033T20:52:13.000	15.247	14.860	
1993-012T20:58:28.200	15.247	14.860	
1993-012T17:25:31.200	15.247	14.860	
1993-012T17:17:51.500	15.247	14.860	
1993-012T20:20:09.300	15.247	14.860	
1993-012T21:23:52.700	15.247	14.860	
1993-012T20:31:02.600	15.247	14.860	
1993-012T17:08:35.000	15.247	14.860	
1993-012T20:22:10.200	15.247	14.860	
1993-012T21:09:21.600	15.247	14.860	
1993-012T17:23:54.400	15.247	14.860	
1993-012T17:42:45.500	18.128	14.850	
1993-012T20:59:13.500	16.450	14.850	
1993-012T20:34:13.200	16.450	14.850	
1993-033T20:16:39.500	16.450	14.850	
1993-012T20:59:37.700	16.450	14.850	
1993-012T17:00:28.000	16.450	14.850	
1993-033T20:51:45.700	16.450	14.850	
1993-012T16:48:49.300	7.4520	14.850	
1993-012T17:31:31.100	16.450	14.850	
1993-033T20:24:43.700	16.450	14.850	
1993-012T17:01:40.600	16.450	14.850	
1993-012T20:37:26.800	16.450	14.850	
1993-012T20:26:09.300	16.450	14.850	
1993-012T18:14:40.100	16.450	14.850	
1993-012T20:51:57.900	16.450	14.850	
1993-012T17:00:28.000	16.450	14.850	
1993-012T20:33:49.000	16.450	14.850	
1993-012T20:31:48.000	16.450	14.850	
1993-012T20:31:23.800	16.450	14.850	
1993-012T17:29:54.300	16.450	14.850	
1993-012T17:15:47.500	16.450	14.850	
1993-012T21:11:19.500	16.450	14.850	
1993-012T17:05:15.300	18.128	14.850	
1993-033T20:32:50.900	7.4520	14.850	
1993-012T20:25:45.000	16.450	14.850	
1993-012T18:13:27.600	16.450	14.850	
1993-012T17:02:53.200	16.450	14.850	
1993-012T20:20:06.200	16.450	14.850	
1993-012T17:49:42.900	14.462	14.840	
1993-012T20:43:57.000	14.462	14.840	
1993-012T17:16:14.600	14.462	14.840	
1993-012T17:29:33.100	14.462	14.840	
1993-012T17:00:31.000	14.462	14.840	
1993-012T20:39:30.800	14.462	14.840	
1993-012T17:26:19.600	14.462	14.840	
1993-012T20:29:25.800	14.462	14.840	
1993-012T20:23:44.000	14.928	14.830	
1993-012T17:11:21.300	7.5700	14.830	
1993-012T20:19:45.000	8.6200	14.830	
1993-012T21:06:53.300	14.928	14.830	
1993-012T17:45:37.900	14.928	14.830	
1993-012T17:27:50.300	7.6700	14.830	
1993-012T20:43:54.000	14.928	14.830	
1993-012T16:57:38.600	14.928	14.830	
1993-012T17:48:27.300	14.928	14.830	
1993-012T16:51:35.700	13.322	14.830	
1993-012T17:54:27.200	7.6700	14.830	
1993-033T20:24:43.700	14.928	14.830	
1993-033T20:07:44.000	11.743	14.830	
1993-033T20:55:47.800	14.928	14.830	
1993-012T17:25:25.100	20.970	14.830	
1993-012T20:39:52.000	13.322	14.830	
1993-033T20:29:13.000	8.6200	14.830	
1993-033T20:33:57.500	6.3870	14.820	
1993-012T16:51:11.500	6.9890	14.800	
1993-012T20:34:10.100	15.073	14.780	
1993-012T20:29:19.800	15.073	14.780	
1993-012T20:18:56.600	7.2650	14.780	
1993-012T20:32:33.300	15.073	14.780	
1993-012T17:31:28.000	17.674	14.780	
1993-012T20:20:27.400	15.073	14.780	
1993-012T17:19:46.300	8.4340	14.780	
1993-012T17:12:30.800	8.4340	14.780	
1993-012T16:53:09.300	8.4340	14.780	
1993-012T17:08:07.800	5.4870	14.770	
1993-012T16:50:23.100	16.974	14.770	
1993-012T20:38:15.100	16.974	14.770	
1993-012T20:29:22.800	16.974	14.770	
1993-033T20:19:53.200	16.974	14.770	
1993-012T20:39:03.600	16.974	14.770	
1993-012T20:18:53.600	16.974	14.770	
1993-012T17:31:52.200	8.1240	14.760	
1993-012T17:33:10.900	16.054	14.750	
1993-012T20:28:13.200	16.054	14.750	
1993-033T20:21:33.000	16.054	14.750	
1993-012T20:27:24.800	16.054	14.750	
1993-033T20:58:40.300	16.054	14.750	
1993-012T20:21:21.800	16.054	14.750	
1993-012T20:19:20.800	16.054	14.750	
1993-012T20:23:47.000	16.054	14.750	
1993-012T20:43:57.000	16.054	14.750	
1993-012T21:01:17.600	16.054	14.750	
1993-012T17:33:10.900	16.054	14.750	
1993-012T20:24:35.500	16.054	14.750	
1993-012T18:00:36.200	9.3410	14.750	
1993-012T19:51:28.100	14.436	14.750	
1993-012T17:17:03.100	16.054	14.750	
1993-033T21:10:22.300	16.054	14.750	
1993-012T17:29:57.300	16.054	14.750	
1993-012T17:44:04.100	16.054	14.750	
1993-033T20:28:48.800	9.3410	14.750	
1993-012T16:55:37.600	14.436	14.750	
1993-012T20:22:58.600	16.054	14.750	
1993-012T16:54:03.800	16.054	14.750	
1993-012T20:31:48.000	14.436	14.750	
1993-012T21:04:31.200	16.054	14.750	
1993-012T20:37:29.800	16.054	14.750	
1993-033T21:10:22.300	16.054	14.750	
1993-033T21:26:06.600	16.054	14.750	
1993-012T17:10:57.100	14.436	14.750	
1993-012T20:07:39.100	16.054	14.750	
1993-012T17:09:47.500	16.054	14.750	
1993-012T20:22:31.400	14.436	14.750	
1993-012T17:35:08.900	14.436	14.750	
1993-012T20:39:27.800	14.436	14.750	
1993-012T21:04:03.900	14.436	14.750	
1993-012T17:00:31.000	16.054	14.750	
1993-012T16:51:38.700	16.054	14.750	
1993-012T21:00:29.200	16.054	14.750	
1993-012T21:10:58.300	16.054	14.750	
1993-012T20:26:36.400	16.054	14.750	
1993-033T21:24:54.000	16.054	14.750	
1993-012T20:20:03.200	16.565	14.740	
1993-012T17:14:59.100	13.636	14.740	
1993-033T20:50:54.300	16.565	14.740	
1993-012T17:33:29.000	15.917	14.740	
1993-012T17:44:22.300	16.565	14.740	
1993-012T16:58:48.100	16.565	14.740	
1993-033T20:30:43.800	15.917	14.740	
1993-012T20:40:37.300	15.917	14.740	
1993-012T18:04:56.400	15.917	14.740	
1993-012T17:48:48.500	15.917	14.740	
1993-012T17:16:32.800	16.565	14.740	
1993-012T17:01:13.300	15.917	14.740	
1993-012T17:45:34.900	15.917	14.740	
1993-033T20:51:18.500	15.917	14.740	
1993-012T17:49:36.900	15.917	14.740	
1993-012T17:13:19.200	15.917	14.740	
1993-012T17:38:43.600	15.917	14.740	
1993-012T20:44:18.100	10.679	14.740	
1993-012T20:11:10.800	11.378	14.730	
1993-033T20:53:19.600	14.252	14.720	
1993-033T20:20:38.600	14.252	14.720	
1993-012T21:01:35.600	5.9850	14.720	
1993-012T17:30:39.600	14.252	14.720	
1993-012T20:43:08.600	13.075	14.710	
1993-012T16:56:29.000	17.021	14.710	
1993-012T20:15:18.800	13.075	14.710	
1993-012T17:48:30.300	13.075	14.710	
1993-012T20:45:58.000	17.021	14.710	
1993-012T21:19:50.700	13.697	14.710	
1993-012T17:41:14.800	13.697	14.710	
1993-012T17:09:23.300	13.075	14.710	
1993-012T17:11:24.300	13.075	14.710	
1993-012T20:08:03.300	13.697	14.710	
1993-012T17:42:03.200	17.021	14.710	
1993-012T16:49:58.900	20.678	14.710	
1993-012T20:39:06.600	13.697	14.710	
1993-033T20:31:32.200	15.282	14.680	
1993-012T17:52:02.000	15.282	14.680	
1993-012T20:43:26.700	15.282	14.680	
1993-012T20:43:57.000	7.0810	14.680	
1993-012T20:43:50.900	17.226	14.680	
1993-012T20:12:23.400	17.226	14.680	
1993-012T16:51:08.400	17.226	14.680	
1993-012T17:26:37.600	15.282	14.680	
1993-012T17:00:24.900	15.282	14.680	
1993-012T16:52:21.000	15.282	14.680	
1993-012T20:30:56.600	15.282	14.680	
1993-012T20:44:39.300	9.0710	14.660	
1993-033T21:27:43.400	7.9280	14.660	
1993-012T17:38:49.700	7.9280	14.660	
1993-012T17:44:04.100	7.9280	14.660	
1993-012T20:31:02.600	7.9280	14.660	
1993-012T18:05:02.400	7.9280	14.660	
1993-012T20:36:17.200	7.9280	14.660	
1993-012T17:16:38.800	7.9280	14.660	
1993-012T20:30:14.200	7.9280	14.660	
1993-012T20:24:32.400	12.253	14.660	
1993-012T20:52:01.000	7.9280	14.660	
1993-012T20:44:45.400	8.1230	14.650	
1993-012T17:19:04.000	7.7360	14.650	
1993-012T17:31:52.200	18.819	14.650	
1993-033T20:31:38.300	8.1230	14.650	
1993-012T17:35:11.900	8.1230	14.650	
1993-033T20:30:25.600	8.1230	14.650	
1993-033T20:21:08.800	7.7360	14.650	
1993-012T20:27:49.000	8.1230	14.650	
1993-012T17:10:11.700	8.1230	14.650	
1993-012T20:16:31.500	11.070	14.640	
1993-012T17:09:20.300	6.7640	14.630	
1993-033T20:29:13.000	9.0280	14.630	
1993-012T17:30:45.800	15.115	14.630	
1993-033T20:09:23.800	15.764	14.630	
1993-012T17:22:14.600	15.764	14.630	
1993-012T17:21:05.000	15.115	14.630	
1993-012T17:19:52.500	15.115	14.630	
1993-012T20:43:29.800	15.764	14.630	
1993-012T20:50:48.300	15.115	14.630	
1993-012T20:26:09.300	15.764	14.630	
1993-012T20:10:01.300	15.764	14.630	
1993-012T16:53:15.500	15.115	14.630	
1993-012T20:57:12.500	13.954	14.630	
1993-012T20:46:46.400	15.115	14.630	
1993-012T20:31:02.600	15.115	14.630	
1993-033T20:53:22.500	13.954	14.630	
1993-012T17:29:30.100	15.764	14.630	
1993-012T20:15:18.800	15.115	14.630	
1993-033T21:24:29.800	15.115	14.630	
1993-012T17:17:24.300	15.764	14.630	
1993-012T20:18:53.600	13.954	14.630	
1993-012T17:19:01.000	15.764	14.630	
1993-012T20:29:47.000	15.764	14.630	
1993-033T21:01:29.800	15.115	14.630	
1993-012T21:13:44.600	13.954	14.630	
1993-033T20:40:27.800	15.764	14.630	
1993-012T16:52:48.300	15.764	14.630	
1993-012T17:31:55.300	15.764	14.630	
1993-033T21:36:11.800	15.115	14.630	
1993-033T21:32:09.700	15.115	14.630	
1993-012T17:27:08.000	15.115	14.630	
1993-012T21:02:03.000	15.764	14.630	
1993-033T20:59:28.700	15.115	14.630	
1993-012T17:55:21.600	15.115	14.630	
1993-012T17:05:42.600	15.764	14.630	
1993-012T20:28:10.200	15.764	14.630	
1993-012T17:18:12.600	15.764	14.630	
1993-012T17:19:01.000	15.764	14.630	
1993-012T20:39:52.000	15.764	14.630	
1993-012T16:56:29.000	15.115	14.630	
1993-012T16:51:35.700	15.764	14.630	
1993-012T17:25:31.200	15.115	14.630	
1993-033T20:40:52.100	15.764	14.630	
1993-012T17:06:09.800	15.115	14.630	
1993-012T20:31:48.000	15.764	14.630	
1993-012T17:10:08.700	15.764	14.630	
1993-012T20:54:23.100	13.954	14.630	
1993-012T20:05:38.100	12.468	14.620	
1993-012T20:44:18.100	15.260	14.620	
1993-033T20:44:54.100	15.260	14.620	
1993-012T17:30:21.500	7.5460	14.620	
1993-012T18:23:53.800	20.240	14.620	
1993-033T20:13:25.900	8.2970	14.620	
1993-012T20:16:28.400	15.260	14.620	
1993-012T17:32:19.500	8.1730	14.620	
1993-033T20:30:22.600	8.0510	14.620	
1993-012T17:01:43.600	12.468	14.620	
1993-012T20:25:48.000	8.3200	14.620	
1993-012T16:58:51.200	15.260	14.620	
1993-012T17:23:54.400	8.3200	14.620	
1993-033T20:59:52.900	7.5460	14.620	
1993-033T20:13:50.100	12.859	14.620	
1993-012T18:23:35.600	9.8730	14.620	
1993-012T17:23:27.200	8.1730	14.620	
1993-012T17:08:56.100	8.1730	14.620	
1993-012T17:22:41.800	7.5460	14.620	
1993-012T17:23:03.000	15.260	14.620	
1993-012T20:11:35.000	20.240	14.620	
1993-012T17:26:40.800	15.260	14.620	
1993-012T17:52:05.100	15.260	14.620	
1993-012T17:01:16.400	15.260	14.620	
1993-012T20:23:44.000	15.260	14.620	
1993-012T17:04:57.100	14.333	14.610	
1993-012T20:58:28.200	14.333	14.610	
1993-012T20:59:37.700	7.9290	14.610	
1993-033T20:52:13.000	14.333	14.610	
1993-012T18:17:29.600	22.666	14.610	
1993-012T17:18:12.600	7.9290	14.610	
1993-012T21:14:12.000	14.333	14.610	
1993-012T20:23:22.800	14.333	14.610	
1993-012T17:20:37.800	7.9290	14.610	
1993-012T17:40:02.200	14.333	14.610	
1993-012T20:27:21.800	7.9290	14.610	
1993-033T20:25:56.300	16.277	14.600	
1993-012T20:48:41.300	16.132	14.600	
1993-012T20:29:22.800	16.277	14.600	
1993-012T17:14:59.100	7.1040	14.600	
1993-012T17:29:27.000	16.132	14.600	
1993-012T21:06:53.300	16.277	14.600	
1993-033T20:45:42.600	7.1040	14.600	
1993-012T21:01:59.900	16.132	14.600	
1993-012T21:19:47.600	16.277	14.600	
1993-033T20:21:30.000	16.277	14.600	
1993-012T17:56:31.300	10.399	14.600	
1993-033T20:32:23.600	16.277	14.600	
1993-012T20:16:52.600	16.277	14.600	
1993-012T17:37:31.000	16.132	14.600	
1993-012T20:43:05.600	16.277	14.600	
1993-012T19:51:52.300	16.277	14.600	
1993-012T17:09:44.500	8.4210	14.600	
1993-012T17:07:40.500	16.132	14.600	
1993-012T20:23:44.000	16.277	14.600	
1993-033T20:15:27.000	16.277	14.600	
1993-033T20:13:25.900	16.277	14.600	
1993-012T20:42:17.100	16.277	14.600	
1993-012T20:40:16.100	10.399	14.600	
1993-012T20:38:15.100	16.277	14.600	
1993-033T20:46:31.000	16.277	14.600	
1993-012T17:05:15.300	16.132	14.600	
1993-012T20:27:46.000	16.277	14.600	
1993-012T20:18:29.500	16.277	14.600	
1993-033T20:50:57.300	16.277	14.600	
1993-012T20:44:42.300	16.277	14.600	
1993-033T21:31:18.300	16.277	14.600	
1993-012T17:04:51.100	16.132	14.600	
1993-033T20:18:13.300	16.132	14.600	
1993-012T20:34:13.200	16.277	14.600	
1993-033T21:28:25.700	16.132	14.600	
1993-033T21:09:06.700	8.4210	14.600	
1993-012T20:27:21.800	16.277	14.600	
1993-012T21:23:01.200	16.277	14.600	
1993-012T16:54:25.100	16.277	14.600	
1993-012T17:27:05.000	16.277	14.600	
1993-012T17:38:46.700	16.277	14.600	
1993-012T16:49:58.900	16.277	14.600	
1993-012T17:21:02.000	16.277	14.600	
1993-012T17:38:46.700	16.277	14.600	
1993-012T17:19:01.000	16.277	14.600	
1993-033T21:34:32.000	16.277	14.600	
1993-012T20:22:31.400	16.277	14.600	
1993-012T17:15:47.500	16.277	14.600	
1993-033T20:46:55.200	7.8090	14.590	
1993-012T20:54:23.100	7.8090	14.590	
1993-033T20:55:20.600	8.2780	14.580	
1993-012T20:32:36.500	8.5470	14.580	
1993-033T20:46:28.000	8.2780	14.580	
1993-012T20:30:08.100	14.660	14.570	
1993-012T20:57:36.700	5.4870	14.570	
1993-012T20:50:42.300	14.660	14.570	
1993-012T20:04:19.400	16.784	14.570	
1993-033T20:57:03.500	9.5520	14.570	
1993-012T16:49:55.800	14.660	14.570	
1993-012T16:54:25.100	14.763	14.570	
1993-012T17:46:26.300	14.763	14.570	
1993-033T20:26:20.500	14.763	14.570	
1993-012T20:47:52.900	8.5910	14.570	
1993-012T20:59:13.500	14.763	14.570	
1993-012T20:19:17.800	10.820	14.570	
1993-033T20:57:45.800	15.492	14.560	
1993-012T20:54:44.300	15.492	14.560	
1993-012T17:56:58.500	8.5190	14.560	
1993-012T16:50:47.300	13.167	14.560	
1993-033T20:33:12.100	9.9870	14.560	
1993-033T20:51:42.700	15.492	14.560	
1993-012T17:15:20.100	15.492	14.560	
1993-012T17:25:49.300	15.492	14.560	
1993-012T20:43:02.500	15.492	14.560	
1993-012T17:18:15.600	7.3580	14.560	
1993-012T16:50:26.100	8.5190	14.560	
1993-012T20:37:23.800	8.7500	14.540	
1993-012T20:54:02.000	15.918	14.530	
1993-012T17:22:41.800	15.918	14.530	
1993-012T16:55:16.500	15.918	14.530	
1993-012T20:47:10.600	15.918	14.530	
1993-012T17:41:14.800	15.918	14.530	
1993-012T20:23:47.000	15.918	14.530	
1993-012T16:51:14.500	15.918	14.530	
1993-012T17:54:33.300	15.918	14.530	
1993-033T21:34:10.800	15.918	14.530	
1993-012T17:37:12.900	15.918	14.530	
1993-033T21:22:28.700	15.918	14.530	
1993-012T20:42:41.300	7.5700	14.530	
1993-012T17:14:13.700	15.918	14.530	
1993-012T17:17:51.500	15.918	14.530	
1993-012T17:48:30.300	15.918	14.530	
1993-012T20:47:10.600	15.918	14.530	
1993-012T20:16:07.300	15.918	14.530	
1993-012T20:23:22.800	15.918	14.530	
1993-012T17:38:49.700	15.918	14.530	
1993-012T20:32:15.200	15.918	14.530	
1993-012T20:26:36.400	15.918	14.530	
1993-012T17:17:27.300	15.918	14.530	
1993-012T16:48:49.300	15.918	14.530	
1993-012T17:43:15.800	15.918	14.530	
1993-012T20:21:46.000	15.918	14.530	
1993-012T20:50:48.300	15.918	14.530	
1993-033T20:10:15.200	15.918	14.530	
1993-012T17:04:54.100	16.799	14.520	
1993-012T20:29:47.000	16.799	14.520	
1993-012T21:02:51.300	16.799	14.520	
1993-012T20:31:23.800	16.799	14.520	
1993-012T18:01:45.800	16.799	14.520	
1993-012T20:35:25.800	16.799	14.520	
1993-012T17:36:00.300	10.869	14.520	
1993-012T20:57:36.700	16.799	14.520	
1993-012T17:37:09.900	16.799	14.520	
1993-012T20:13:14.800	16.799	14.520	
1993-012T17:45:34.900	26.442	14.520	
1993-012T17:18:15.600	10.869	14.520	
1993-012T17:08:32.000	8.8000	14.510	
1993-012T21:06:56.400	16.881	14.500	
1993-033T21:01:51.000	5.6910	14.500	
1993-012T17:15:26.300	16.881	14.500	
1993-033T20:53:25.600	16.881	14.500	
1993-012T17:12:36.900	16.881	14.500	
1993-012T17:29:33.100	16.881	14.500	
1993-033T21:20:27.600	16.881	14.500	
1993-012T16:53:15.500	16.881	14.500	
1993-012T20:44:21.100	16.881	14.500	
1993-012T16:50:50.300	16.881	14.500	
1993-012T20:22:34.500	16.881	14.500	
1993-012T20:58:04.000	16.881	14.500	
1993-012T16:52:51.300	16.881	14.500	
1993-012T17:12:33.900	7.4520	14.490	
1993-012T20:58:04.000	7.1730	14.490	
1993-033T20:50:33.100	7.4520	14.490	
1993-012T19:54:17.500	11.086	14.490	
1993-012T17:11:45.500	7.4520	14.490	
1993-012T16:51:14.500	7.1730	14.490	
1993-012T16:52:45.100	6.8010	14.490	
1993-012T20:05:35.100	21.462	14.480	
1993-012T17:16:35.800	14.275	14.480	
1993-012T17:18:36.800	20.484	14.480	
1993-033T21:03:55.000	13.571	14.480	
1993-012T20:12:29.500	9.2360	14.480	
1993-012T17:15:50.500	13.571	14.480	
1993-012T17:15:02.100	13.571	14.480	
1993-012T21:09:42.600	21.462	14.480	
1993-012T16:53:39.600	13.571	14.480	
1993-012T20:57:15.500	13.571	14.480	
1993-012T20:59:13.500	14.275	14.480	
1993-012T20:38:39.400	14.275	14.480	
1993-012T20:48:23.200	12.953	14.480	
1993-012T20:11:16.800	12.953	14.480	
1993-033T20:57:24.600	14.275	14.480	
1993-012T20:25:23.800	13.571	14.480	
1993-033T20:52:13.000	13.571	14.480	
1993-012T17:02:29.000	14.275	14.480	
1993-012T17:40:50.600	13.571	14.480	
1993-012T20:30:11.200	13.479	14.470	
1993-012T20:14:30.500	8.7210	14.470	
1993-012T17:30:18.500	13.479	14.470	
1993-012T20:35:01.600	13.479	14.470	
1993-012T17:40:20.300	7.2290	14.470	
1993-012T17:05:18.300	13.479	14.470	
1993-012T21:02:03.000	13.479	14.470	
1993-033T20:45:39.500	7.2290	14.470	
1993-033T20:42:53.100	13.479	14.470	
1993-012T21:12:53.200	13.850	14.460	
1993-033T20:58:58.400	13.850	14.460	
1993-012T17:14:56.000	16.348	14.450	
1993-012T17:54:03.000	16.348	14.450	
1993-012T21:21:51.700	6.7200	14.450	
1993-012T17:52:02.000	16.348	14.450	
1993-012T20:06:23.500	10.538	14.450	
1993-012T17:01:13.300	16.348	14.450	
1993-012T17:02:53.200	18.047	14.450	
1993-012T20:32:57.600	6.9430	14.450	
1993-012T17:41:08.700	15.704	14.440	
1993-012T17:12:30.800	15.704	14.440	
1993-012T17:52:02.000	15.704	14.440	
1993-012T20:36:59.500	15.704	14.440	
1993-012T21:17:43.600	15.704	14.440	
1993-012T20:34:58.500	15.704	14.440	
1993-012T20:41:50.000	15.704	14.440	
1993-012T17:55:39.800	7.5220	14.430	
1993-012T17:53:20.700	14.983	14.420	
1993-012T21:14:36.100	14.983	14.420	
1993-012T21:12:35.100	14.983	14.420	
1993-012T18:15:04.400	23.695	14.420	
1993-033T20:23:09.900	14.983	14.420	
1993-012T21:17:49.800	14.983	14.420	
1993-012T17:21:53.400	14.983	14.420	
1993-012T17:23:06.000	14.983	14.420	
1993-033T20:11:03.600	14.983	14.420	
1993-012T20:09:15.900	14.983	14.420	
1993-012T17:02:50.100	14.050	14.400	
1993-012T17:00:49.100	14.050	14.400	
1993-012T17:25:28.200	17.328	14.390	
1993-012T20:55:14.500	14.204	14.390	
1993-012T17:35:11.900	14.204	14.390	
1993-012T20:27:18.800	17.004	14.390	
1993-012T20:07:36.000	10.962	14.390	
1993-033T21:11:35.000	6.9900	14.390	
1993-012T17:41:14.800	14.204	14.390	
1993-012T17:35:33.100	19.528	14.390	
1993-012T20:19:20.800	14.204	14.390	
1993-012T17:25:07.000	14.204	14.390	
1993-012T20:41:07.600	14.204	14.390	
1993-012T16:52:27.100	14.204	14.390	
1993-012T17:13:22.300	15.595	14.380	
1993-012T16:55:13.500	15.595	14.380	
1993-012T20:37:02.600	15.595	14.380	
1993-012T17:19:52.500	8.0250	14.380	
1993-033T21:35:44.600	15.595	14.380	
1993-012T17:23:51.400	15.595	14.380	
1993-012T20:52:46.300	15.595	14.380	
1993-012T20:34:37.400	15.595	14.380	
1993-012T17:38:22.500	15.595	14.380	
1993-012T17:35:36.100	7.8320	14.380	
1993-012T17:58:32.200	15.595	14.380	
1993-033T20:10:36.500	15.595	14.380	
1993-012T20:17:16.800	15.595	14.380	
1993-012T17:22:38.800	15.595	14.380	
1993-012T16:48:22.100	15.595	14.380	
1993-012T20:08:45.600	8.4340	14.380	
1993-012T20:59:37.700	15.595	14.380	
1993-033T20:20:41.600	15.595	14.380	
1993-012T20:18:08.300	8.0250	14.380	
1993-012T20:15:43.100	7.8320	14.380	
1993-012T21:04:28.100	15.595	14.380	
1993-012T17:17:00.100	15.595	14.380	
1993-012T21:18:35.000	15.595	14.380	
1993-012T16:54:28.100	8.0250	14.380	
1993-033T20:20:44.600	8.0250	14.380	
1993-012T16:53:36.600	15.595	14.380	
1993-012T20:57:36.700	15.595	14.380	
1993-033T20:22:18.500	15.595	14.380	
1993-012T17:22:38.800	15.595	14.380	
1993-012T17:45:37.900	15.595	14.380	
1993-012T20:53:13.600	7.8320	14.380	
1993-033T20:33:15.100	7.8320	14.380	
1993-012T20:21:21.800	7.8320	14.380	
1993-033T20:47:19.400	15.595	14.380	
1993-033T20:32:26.700	7.8320	14.380	
1993-012T20:57:39.800	7.8320	14.380	
1993-012T16:49:10.500	15.595	14.380	
1993-012T17:07:16.200	7.0850	14.380	
1993-012T20:41:25.700	7.0850	14.380	
1993-012T20:25:42.000	19.052	14.380	
1993-012T20:28:37.400	8.0250	14.380	
1993-012T20:58:25.100	15.595	14.380	
1993-012T17:16:35.800	15.595	14.380	
1993-012T17:10:32.900	15.595	14.380	
1993-012T17:05:42.600	15.595	14.380	
1993-012T17:10:32.900	15.595	14.380	
1993-033T20:14:17.300	8.0250	14.380	
1993-012T20:30:59.600	15.595	14.380	
1993-033T20:58:34.300	7.9710	14.370	
1993-033T21:00:17.100	6.1960	14.370	
1993-012T17:37:31.000	7.9710	14.370	
1993-012T17:21:05.000	7.6400	14.370	
1993-012T16:50:44.200	18.587	14.370	
1993-012T16:58:30.000	7.6400	14.370	
1993-033T20:19:07.800	7.6400	14.370	
1993-012T18:10:38.100	9.7170	14.370	
1993-012T17:08:28.800	7.3750	14.370	
1993-033T20:30:19.600	15.073	14.370	
1993-012T20:30:08.100	7.3750	14.370	
1993-012T17:27:56.300	7.6400	14.370	
1993-033T20:56:12.000	13.794	14.360	
1993-012T20:47:56.000	15.093	14.360	
1993-012T17:22:38.800	15.093	14.360	
1993-012T17:27:29.100	15.093	14.360	
1993-012T17:08:07.800	15.093	14.360	
1993-012T17:29:54.300	15.093	14.360	
1993-033T21:29:41.500	15.093	14.360	
1993-012T17:42:24.300	15.093	14.360	
1993-012T17:39:35.000	15.093	14.360	
1993-012T20:10:49.600	15.093	14.360	
1993-012T20:12:02.300	15.093	14.360	
1993-012T16:56:01.800	16.106	14.350	
1993-012T20:02:45.600	16.106	14.350	
1993-033T21:34:32.000	16.106	14.350	
1993-012T20:21:43.000	16.106	14.350	
1993-012T20:25:20.800	16.106	14.350	
1993-033T21:00:38.300	16.106	14.350	
1993-012T20:53:34.700	16.106	14.350	
1993-012T17:00:28.000	16.106	14.350	
1993-033T20:59:49.900	16.106	14.350	
1993-012T21:13:20.500	16.106	14.350	
1993-012T16:58:51.200	16.106	14.350	
1993-012T16:49:34.700	16.106	14.350	
1993-012T20:28:34.400	16.106	14.350	
1993-012T21:01:14.500	16.106	14.350	
1993-033T21:34:07.800	16.106	14.350	
1993-012T20:52:46.300	16.106	14.350	
1993-012T20:25:20.800	16.106	14.350	
1993-012T20:49:32.700	16.106	14.350	
1993-012T16:54:00.800	16.106	14.350	
1993-012T20:34:37.400	16.106	14.350	
1993-012T17:13:22.300	16.106	14.350	
1993-033T21:04:40.400	16.106	14.350	
1993-012T20:49:32.700	16.106	14.350	
1993-033T20:39:39.500	16.106	14.350	
1993-012T20:33:49.000	16.106	14.350	
1993-012T16:50:47.300	16.106	14.350	
1993-012T17:27:05.000	16.106	14.350	
1993-012T20:10:01.300	16.106	14.350	
1993-033T20:28:24.600	10.421	14.350	
1993-012T17:22:38.800	16.106	14.350	
1993-012T17:21:50.400	16.106	14.350	
1993-012T20:33:24.800	16.106	14.350	
1993-033T21:13:30.000	14.252	14.340	
1993-012T20:47:31.800	12.706	14.340	
1993-012T16:55:37.600	12.706	14.340	
1993-012T17:09:47.500	8.2210	14.340	
1993-012T20:36:17.200	8.2210	14.340	
1993-012T20:21:21.800	7.4520	14.330	
1993-012T20:47:10.600	7.4520	14.330	
1993-012T17:28:20.600	15.783	14.320	
1993-012T20:44:45.400	15.783	14.320	
1993-012T21:01:17.600	15.783	14.320	
1993-012T17:16:38.800	15.783	14.320	
1993-012T17:25:55.400	15.783	14.320	
1993-012T17:09:47.500	15.783	14.320	
1993-033T20:14:17.300	15.783	14.320	
1993-012T17:08:59.100	15.783	14.320	
1993-012T20:28:37.400	15.783	14.320	
1993-033T21:01:05.500	15.783	14.320	
1993-012T20:29:25.800	15.783	14.320	
1993-012T20:57:39.800	15.783	14.320	
1993-012T21:04:55.400	15.783	14.320	
1993-012T21:00:05.000	15.783	14.320	
1993-012T17:42:27.400	15.783	14.320	
1993-012T20:49:11.600	15.783	14.320	
1993-012T17:49:18.700	15.783	14.320	
1993-012T17:01:19.400	15.783	14.320	
1993-033T20:43:20.300	15.783	14.320	
1993-012T17:17:03.100	15.783	14.320	
1993-012T16:53:39.600	15.783	14.320	
1993-012T17:02:32.000	15.783	14.320	
1993-033T21:01:05.500	15.783	14.320	
1993-012T20:49:11.600	15.783	14.320	
1993-033T20:03:47.900	15.783	14.320	
1993-012T20:29:01.600	15.783	14.320	
1993-033T21:18:50.800	15.783	14.320	
1993-012T21:00:53.400	15.783	14.320	
1993-012T20:50:24.200	15.783	14.320	
1993-033T21:08:45.500	9.4460	14.310	
1993-033T20:34:03.500	9.4460	14.310	
1993-012T20:28:58.600	14.599	14.310	
1993-012T17:05:18.300	14.599	14.310	
1993-012T17:12:09.700	8.0510	14.300	
1993-012T20:32:33.300	15.917	14.300	
1993-033T20:23:03.800	15.917	14.300	
1993-012T20:28:10.200	10.261	14.300	
1993-033T20:08:32.300	15.917	14.300	
1993-012T20:19:17.800	8.0510	14.300	
1993-012T16:54:46.100	15.917	14.300	
1993-012T20:32:33.300	12.489	14.300	
1993-012T20:41:01.500	9.3990	14.300	
1993-033T21:11:35.000	17.872	14.300	
1993-033T20:36:22.700	15.917	14.300	
1993-012T20:31:23.800	8.0510	14.300	
1993-012T20:14:51.600	8.0510	14.300	
1993-012T17:37:31.000	15.917	14.300	
1993-012T21:00:47.300	15.917	14.300	
1993-012T20:49:57.000	13.012	14.290	
1993-012T17:06:34.000	16.742	14.290	
1993-012T21:13:20.500	13.012	14.290	
1993-012T17:23:51.400	7.9290	14.290	
1993-012T20:41:07.600	16.742	14.290	
1993-012T20:54:02.000	16.742	14.290	
1993-012T16:58:51.200	5.6910	14.290	
1993-012T20:32:12.200	13.012	14.290	
1993-012T20:39:55.000	6.8090	14.280	
1993-012T16:48:46.300	8.2970	14.280	
1993-033T20:10:57.600	16.565	14.280	
1993-012T17:37:58.300	7.8090	14.280	
1993-012T17:16:14.600	7.2650	14.280	
1993-012T17:58:32.200	7.8090	14.280	
1993-012T20:30:35.400	7.8090	14.280	
1993-012T17:37:58.300	8.2970	14.280	
1993-012T21:04:03.900	8.2970	14.280	
1993-033T20:29:07.000	12.871	14.280	
1993-012T17:02:50.100	16.565	14.280	
1993-012T17:13:49.500	6.8090	14.280	
1993-033T21:03:03.600	16.624	14.270	
1993-012T21:00:26.100	16.624	14.270	
1993-012T17:43:37.000	16.624	14.270	
1993-012T20:53:34.700	16.624	14.270	
1993-012T16:57:38.600	16.624	14.270	
1993-012T20:24:32.400	16.624	14.270	
1993-012T20:23:19.800	16.624	14.270	
1993-012T20:26:57.600	16.624	14.270	
1993-012T20:22:31.400	16.624	14.270	
1993-012T17:40:23.500	16.624	14.270	
1993-012T17:37:34.100	16.624	14.270	
1993-012T20:35:25.800	16.624	14.270	
1993-012T17:33:07.900	16.624	14.270	
1993-033T21:10:43.500	16.624	14.270	
1993-033T21:13:30.000	15.282	14.260	
1993-012T20:15:43.100	5.3700	14.260	
1993-033T21:03:24.800	15.282	14.260	
1993-012T17:44:22.300	14.455	14.260	
1993-012T16:51:32.600	15.282	14.260	
1993-033T21:00:59.500	14.455	14.260	
1993-033T20:37:11.100	15.282	14.260	
1993-012T17:58:29.200	15.282	14.260	
1993-012T20:09:58.200	15.282	14.260	
1993-012T17:21:29.200	13.447	14.260	
1993-012T20:10:25.500	9.8510	14.260	
1993-012T20:20:03.200	15.282	14.260	
1993-012T20:26:33.400	9.8510	14.260	
1993-012T17:27:50.300	14.455	14.260	
1993-012T17:09:17.200	14.455	14.260	
1993-012T19:50:36.600	15.282	14.260	
1993-012T17:13:01.100	5.3700	14.260	
1993-012T16:58:02.800	7.6890	14.260	
1993-012T20:30:14.200	13.447	14.260	
1993-012T20:39:30.800	13.447	14.260	
1993-012T17:02:32.000	6.2820	14.260	
1993-012T17:35:54.200	15.282	14.260	
1993-033T21:26:00.500	14.455	14.260	
1993-012T17:15:44.300	15.282	14.260	
1993-012T20:30:14.200	13.447	14.260	
1993-033T21:27:19.200	13.447	14.260	
1993-033T20:40:55.100	12.831	14.250	
1993-012T20:25:23.800	12.831	14.250	
1993-033T21:02:42.400	12.831	14.250	
1993-033T21:03:55.000	12.831	14.250	
1993-012T16:49:13.500	5.4500	14.230	
1993-012T17:25:52.400	8.5470	14.230	
1993-012T17:11:24.300	5.4500	14.230	
1993-012T17:25:52.400	14.114	14.220	
1993-012T21:03:15.600	17.866	14.220	
1993-033T20:31:14.100	9.1320	14.220	
1993-012T17:19:01.000	14.114	14.220	
1993-012T20:10:49.600	14.114	14.220	
1993-012T17:00:49.100	28.121	14.220	
1993-012T17:00:03.800	14.114	14.220	
1993-012T20:24:08.200	14.114	14.220	
1993-012T20:22:07.200	13.322	14.210	
1993-012T20:35:47.000	9.9010	14.210	
1993-033T20:47:43.600	13.322	14.210	
1993-012T20:44:18.100	13.322	14.210	
1993-012T17:54:33.300	7.0810	14.200	
1993-012T20:59:16.600	14.852	14.200	
1993-033T21:01:29.800	14.852	14.200	
1993-033T21:28:07.600	14.852	14.200	
1993-012T17:31:28.000	8.2780	14.200	
1993-012T17:41:39.000	14.852	14.200	
1993-012T20:24:11.200	14.852	14.200	
1993-033T20:59:28.700	14.852	14.200	
1993-012T17:35:36.100	14.852	14.200	
1993-033T20:18:19.300	7.0810	14.200	
1993-012T17:23:24.100	17.226	14.200	
1993-012T20:22:28.400	13.454	14.200	
1993-012T17:12:12.700	14.077	14.170	
1993-012T21:03:18.600	14.077	14.170	
1993-012T20:59:40.700	6.0260	14.170	
1993-012T16:59:42.600	14.077	14.170	
1993-012T17:37:37.100	12.230	14.160	
1993-033T20:36:50.000	5.8980	14.160	
1993-012T20:22:55.600	19.340	14.160	
1993-012T18:09:46.800	11.378	14.160	
1993-012T19:44:57.900	11.378	14.160	
1993-012T20:30:59.600	17.151	14.150	
1993-012T20:32:09.100	16.132	14.150	
1993-012T20:32:57.600	16.132	14.150	
1993-012T17:27:50.300	16.132	14.150	
1993-012T20:52:43.300	16.132	14.150	
1993-012T17:41:08.700	16.132	14.150	
1993-012T17:14:31.800	16.132	14.150	
1993-012T20:34:58.500	16.132	14.150	
1993-012T17:36:21.500	10.399	14.150	
1993-012T20:33:49.000	17.151	14.150	
1993-033T20:36:22.700	13.652	14.150	
1993-012T20:22:04.200	16.132	14.150	
1993-012T20:07:39.100	6.6310	14.150	
1993-012T16:48:43.200	16.132	14.150	
1993-012T20:43:29.800	17.151	14.150	
1993-012T20:21:40.000	13.652	14.150	
1993-012T20:15:12.800	15.492	14.140	
1993-012T17:25:49.300	15.492	14.140	
1993-012T20:22:52.600	6.9430	14.140	
1993-012T17:58:05.000	15.492	14.140	
1993-012T16:54:49.300	15.427	14.130	
1993-012T17:05:18.300	15.427	14.130	
1993-012T17:17:48.500	15.427	14.130	
1993-012T20:54:23.100	15.427	14.130	
1993-033T20:48:07.800	15.427	14.130	
1993-012T17:02:53.200	15.427	14.130	
1993-033T20:58:37.300	15.427	14.130	
1993-012T20:42:17.100	15.427	14.130	
1993-012T17:17:00.100	15.427	14.130	
1993-012T17:08:07.800	15.427	14.130	
1993-012T20:33:24.800	15.427	14.130	
1993-012T20:46:43.300	15.427	14.130	
1993-012T17:50:28.300	15.427	14.130	
1993-012T17:56:34.300	9.9820	14.130	
1993-012T16:52:48.300	15.427	14.130	
1993-012T20:30:11.200	15.427	14.130	
1993-012T19:48:59.900	24.282	14.130	
1993-012T19:47:50.300	15.427	14.130	
1993-012T20:45:06.500	15.427	14.130	
1993-012T17:54:33.300	9.9820	14.130	
1993-012T17:31:55.300	15.427	14.130	
1993-012T16:56:01.800	15.427	14.130	
1993-012T20:54:26.100	15.648	14.110	
1993-012T17:43:40.000	15.648	14.110	
1993-012T16:55:16.500	15.648	14.110	
1993-012T17:23:30.200	7.7360	14.110	
1993-033T20:21:05.800	14.928	14.110	
1993-033T21:14:24.500	15.648	14.110	
1993-033T21:10:46.600	15.648	14.110	
1993-033T20:25:10.900	15.648	14.110	
1993-012T17:17:48.500	14.928	14.110	
1993-012T17:27:56.300	15.648	14.110	
1993-012T20:27:00.600	15.648	14.110	
1993-012T17:05:45.600	15.648	14.110	
1993-012T19:57:03.800	10.590	14.110	
1993-012T20:58:52.400	15.648	14.110	
1993-012T16:58:05.800	15.648	14.110	
1993-012T17:13:49.500	15.648	14.110	
1993-012T17:39:38.000	15.648	14.110	
1993-012T20:12:05.300	15.648	14.110	
1993-012T21:01:38.800	14.928	14.110	
1993-012T16:49:34.700	14.928	14.110	
1993-012T17:31:58.300	15.648	14.110	
1993-012T17:16:32.800	18.819	14.110	
1993-012T20:46:22.100	15.648	14.110	
1993-033T20:21:33.000	15.648	14.110	
1993-012T20:08:27.500	15.648	14.110	
1993-012T17:28:41.800	14.928	14.110	
1993-033T20:25:35.100	6.8990	14.110	
1993-012T17:36:48.700	15.648	14.110	
1993-012T20:17:19.800	15.648	14.110	
1993-012T17:09:23.300	15.648	14.110	
1993-012T17:16:14.600	15.648	14.110	
1993-012T20:09:58.200	16.784	14.110	
1993-012T20:42:44.400	7.7360	14.110	
1993-012T20:41:56.000	15.648	14.110	
1993-012T17:21:02.000	14.928	14.110	
1993-012T17:34:17.400	16.784	14.110	
1993-012T20:35:28.800	15.648	14.110	
1993-012T20:54:26.100	15.648	14.110	
1993-012T16:56:01.800	14.928	14.110	
1993-012T17:05:21.300	15.648	14.110	
1993-012T17:21:29.200	7.7360	14.110	
1993-012T20:12:26.500	15.935	14.100	
1993-012T16:57:14.500	15.935	14.100	
1993-012T20:12:50.600	15.935	14.100	
1993-033T21:21:40.300	8.8230	14.100	
1993-012T20:22:34.500	7.9280	14.100	
1993-012T20:25:20.800	15.935	14.100	
1993-012T21:13:44.600	15.935	14.100	
1993-033T20:59:25.700	15.935	14.100	
1993-012T20:26:57.600	15.935	14.100	
1993-033T20:21:30.000	13.636	14.100	
1993-012T17:30:42.800	13.636	14.100	
1993-033T20:39:18.300	7.9280	14.100	
1993-012T20:14:03.200	15.935	14.100	
1993-012T17:06:09.800	7.9280	14.100	
1993-012T17:42:48.600	15.935	14.100	
1993-012T16:58:02.800	15.935	14.100	
1993-012T21:02:03.000	15.935	14.100	
1993-012T20:14:51.600	15.935	14.100	
1993-012T17:29:33.100	10.310	14.100	
1993-033T20:23:06.800	15.935	14.100	
1993-012T17:25:04.000	15.935	14.100	
1993-012T20:52:46.300	15.935	14.100	
1993-012T17:27:29.100	15.935	14.100	
1993-012T20:17:41.000	15.935	14.100	
1993-012T20:51:09.500	15.935	14.100	
1993-012T17:35:36.100	7.9280	14.100	
1993-012T21:19:23.500	15.935	14.100	
1993-012T20:26:57.600	15.935	14.100	
1993-012T17:26:16.600	15.935	14.100	
1993-012T17:23:27.200	15.935	14.100	
1993-033T20:41:40.500	13.636	14.100	
1993-012T20:05:59.300	15.935	14.100	
1993-033T20:50:57.300	15.935	14.100	
1993-012T16:56:50.300	6.2160	14.100	
1993-033T20:57:00.500	15.935	14.100	
1993-012T20:15:40.000	15.935	14.100	
1993-012T17:07:43.500	15.935	14.100	
1993-012T20:53:10.500	15.935	14.100	
1993-012T20:20:57.600	16.603	14.090	
1993-012T17:15:26.300	16.603	14.090	
1993-012T17:29:33.100	16.603	14.090	
1993-012T17:35:11.900	16.603	14.090	
1993-012T17:09:23.300	16.603	14.090	
1993-012T21:00:23.100	18.357	14.090	
1993-012T17:07:46.500	7.5460	14.090	
1993-012T21:10:10.000	16.603	14.090	
1993-012T17:35:05.800	18.357	14.090	
1993-012T17:45:41.000	16.603	14.090	
1993-033T21:25:18.100	16.603	14.090	
1993-012T20:24:11.200	16.603	14.090	
1993-033T20:17:55.100	7.5460	14.090	
1993-012T17:15:26.300	16.603	14.090	
1993-012T17:02:56.200	16.603	14.090	
1993-012T20:28:37.400	16.603	14.090	
1993-033T21:01:29.800	16.603	14.090	
1993-012T16:58:54.200	16.603	14.090	
1993-012T16:55:10.300	6.6620	14.090	
1993-033T20:21:33.000	8.1230	14.080	
1993-012T17:44:28.300	8.1230	14.080	
1993-033T20:33:39.300	8.1230	14.080	
1993-012T17:19:46.300	14.866	14.080	
1993-012T21:04:07.000	8.1230	14.080	
1993-012T17:20:16.600	8.1230	14.080	
1993-012T16:52:27.100	8.1230	14.080	
1993-012T17:48:24.300	17.900	14.050	
1993-012T17:32:22.500	7.3580	14.050	
1993-012T18:05:26.600	7.3580	14.050	
1993-033T20:20:44.600	7.3580	14.050	
1993-012T20:27:49.000	13.322	14.040	
1993-012T20:33:52.000	13.322	14.040	
1993-012T17:52:08.100	13.322	14.040	
1993-033T21:28:56.000	13.322	14.040	
1993-012T16:53:33.600	6.8010	14.040	
1993-012T16:50:23.100	21.068	14.040	
1993-012T17:34:23.500	13.322	14.040	
1993-012T18:03:22.600	16.450	14.030	
1993-012T17:40:47.600	16.450	14.030	
1993-012T20:29:47.000	16.450	14.030	
1993-012T16:48:22.100	16.450	14.030	
1993-033T21:12:20.400	16.450	14.030	
1993-033T20:52:58.300	16.450	14.030	
1993-033T21:09:55.100	16.450	14.030	
1993-012T18:07:27.600	10.644	14.030	
1993-012T17:14:34.900	16.450	14.030	
1993-012T20:58:25.100	16.450	14.030	
1993-012T20:58:25.100	16.450	14.030	
1993-012T21:03:39.700	16.450	14.030	
1993-012T18:15:01.300	14.050	14.030	
1993-012T19:58:43.600	16.450	14.030	
1993-012T17:17:00.100	16.450	14.030	
1993-012T20:31:23.800	16.450	14.030	
1993-012T17:44:25.300	16.450	14.030	
1993-012T20:31:48.000	16.450	14.030	
1993-012T17:22:59.900	14.050	14.030	
1993-012T18:10:38.100	16.450	14.030	
1993-012T16:53:36.600	16.450	14.030	
1993-012T17:56:07.000	12.859	14.020	
1993-012T20:10:04.300	8.3200	14.020	
1993-033T20:21:30.000	12.859	14.020	
1993-012T17:52:26.300	15.704	14.010	
1993-012T20:24:05.200	15.704	14.010	
1993-012T20:34:10.100	15.704	14.010	
1993-012T17:35:54.200	15.704	14.010	
1993-033T20:48:35.100	14.721	13.990	
1993-012T17:24:36.700	16.348	13.990	
1993-012T17:57:16.600	16.348	13.990	
1993-012T18:19:03.300	16.348	13.990	
1993-033T20:52:34.100	6.9890	13.990	
1993-012T17:18:58.000	16.348	13.990	
1993-033T21:30:08.600	14.721	13.990	
1993-033T20:18:43.600	14.721	13.990	
1993-012T17:00:55.200	14.721	13.990	
1993-012T16:52:21.000	16.348	13.990	
1993-033T20:07:19.700	16.348	13.990	
1993-012T17:07:22.300	14.721	13.990	
1993-012T20:09:40.100	14.721	13.990	
1993-012T17:31:03.800	16.348	13.990	
1993-033T20:14:11.200	16.348	13.990	
1993-012T17:27:50.300	12.489	13.980	
1993-033T20:22:15.400	12.489	13.980	
1993-012T17:14:59.100	6.1090	13.980	
1993-033T20:14:59.700	12.489	13.980	
1993-012T21:11:43.600	7.9290	13.980	
1993-012T20:49:53.900	12.300	13.980	
1993-012T18:12:15.000	9.7170	13.970	
1993-012T20:23:44.000	8.1730	13.970	
1993-012T20:27:18.800	7.6700	13.970	
1993-012T16:59:39.600	13.954	13.970	
1993-012T17:37:06.800	12.679	13.970	
1993-012T17:34:44.700	8.1730	13.970	
1993-012T21:10:31.100	13.954	13.970	
1993-012T19:57:52.200	21.963	13.970	
1993-012T18:23:29.600	15.073	13.970	
1993-012T17:59:44.800	13.954	13.970	
1993-012T17:33:32.100	13.954	13.970	
1993-012T20:43:50.900	12.113	13.970	
1993-012T20:34:13.200	8.1730	13.970	
1993-012T20:01:57.300	7.8090	13.970	
1993-033T21:27:19.200	13.950	13.960	
1993-012T20:57:15.500	13.950	13.960	
1993-033T21:03:30.800	13.950	13.960	
1993-012T17:23:30.200	5.8590	13.960	
1993-033T20:08:14.100	13.950	13.960	
1993-012T20:28:37.400	13.950	13.960	
1993-012T17:30:45.800	13.950	13.960	
1993-012T17:15:47.500	7.6890	13.960	
1993-012T17:06:09.800	13.950	13.960	
1993-012T21:07:14.500	14.252	13.960	
1993-012T17:30:18.500	13.167	13.950	
1993-012T20:28:10.200	13.167	13.950	
1993-012T17:34:23.500	8.5190	13.950	
1993-012T17:06:03.600	6.6620	13.940	
1993-012T20:22:31.400	7.5700	13.940	
1993-012T17:37:09.900	7.5700	13.940	
1993-012T20:06:44.600	8.7500	13.930	
1993-033T20:17:55.100	6.9900	13.920	
1993-012T20:17:19.800	6.9900	13.920	
1993-012T17:20:37.800	8.4210	13.920	
1993-012T17:54:57.500	6.9900	13.920	
1993-012T17:08:04.600	17.004	13.920	
1993-033T21:13:11.800	5.3700	13.920	
1993-012T17:23:03.000	16.974	13.910	
1993-012T20:51:09.500	16.974	13.910	
1993-033T20:37:14.200	16.974	13.910	
1993-012T17:12:09.700	16.974	13.910	
1993-012T17:23:03.000	16.974	13.910	
1993-012T17:56:55.500	16.974	13.910	
1993-012T17:08:32.000	16.974	13.910	
1993-033T20:31:08.000	11.560	13.910	
1993-012T17:08:10.800	15.514	13.900	
1993-033T20:40:30.900	15.514	13.900	
1993-012T20:28:13.200	15.514	13.900	
1993-033T21:09:09.700	15.514	13.900	
1993-012T20:12:53.600	15.514	13.900	
1993-033T20:40:55.100	15.514	13.900	
1993-012T16:52:51.300	15.514	13.900	
1993-012T20:20:57.600	15.514	13.900	
1993-012T20:45:33.800	15.514	13.900	
1993-033T20:16:18.300	15.514	13.900	
1993-012T17:05:21.300	15.514	13.900	
1993-012T17:13:25.300	15.514	13.900	
1993-012T17:22:41.800	15.514	13.900	
1993-012T17:13:01.100	15.514	13.900	
1993-012T20:58:04.000	15.514	13.900	
1993-033T21:29:20.300	15.514	13.900	
1993-033T20:10:15.200	15.514	13.900	
1993-033T20:52:37.100	15.514	13.900	
1993-012T17:19:28.300	15.514	13.900	
1993-012T17:15:26.300	15.514	13.900	
1993-012T20:06:02.300	15.514	13.900	
1993-012T20:20:57.600	15.514	13.900	
1993-012T21:02:30.200	16.465	13.880	
1993-012T20:37:54.000	16.465	13.880	
1993-012T20:50:48.300	16.465	13.880	
1993-012T17:32:22.500	16.465	13.880	
1993-012T20:52:49.400	16.465	13.880	
1993-012T20:57:39.800	16.465	13.880	
1993-012T20:54:02.000	16.465	13.880	
1993-012T17:07:19.300	15.260	13.880	
1993-033T20:56:12.000	15.260	13.880	
1993-012T21:12:07.800	15.260	13.880	
1993-012T20:51:09.500	15.260	13.880	
1993-012T16:57:14.500	15.260	13.880	
1993-012T18:17:05.300	15.260	13.880	
1993-012T20:07:36.000	15.260	13.880	
1993-012T20:45:55.000	15.260	13.880	
1993-012T20:30:11.200	15.260	13.880	
1993-012T17:32:19.500	15.260	13.880	
1993-012T17:14:10.700	15.260	13.880	
1993-012T16:51:11.500	15.260	13.880	
1993-012T17:00:03.800	15.260	13.880	
1993-012T16:54:00.800	15.260	13.880	
1993-012T20:31:20.800	15.917	13.870	
1993-012T17:24:12.500	15.917	13.870	
1993-033T20:33:33.300	15.917	13.870	
1993-033T20:41:13.300	15.917	13.870	
1993-012T21:11:40.600	15.917	13.870	
1993-033T20:51:45.700	6.2160	13.870	
1993-012T20:22:04.200	15.917	13.870	
1993-012T21:06:01.800	14.455	13.870	
1993-033T20:36:47.000	14.455	13.870	
1993-012T17:39:59.200	14.763	13.860	
1993-012T20:51:09.500	15.764	13.860	
1993-012T20:37:51.000	15.764	13.860	
1993-012T17:08:07.800	15.764	13.860	
1993-012T16:57:14.500	15.764	13.860	
1993-012T20:47:31.800	14.763	13.860	
1993-033T21:03:03.600	15.764	13.860	
1993-012T17:07:19.300	15.764	13.860	
1993-012T20:40:40.300	15.764	13.860	
1993-012T17:02:29.000	15.764	13.860	
1993-012T16:50:23.100	15.764	13.860	
1993-012T20:57:36.700	15.764	13.860	
1993-012T20:33:00.600	15.764	13.860	
1993-012T17:09:44.500	6.0030	13.860	
1993-012T20:26:57.600	15.764	13.860	
1993-012T21:04:52.300	15.764	13.860	
1993-012T16:59:15.400	15.764	13.860	
1993-033T20:02:56.500	15.764	13.860	
1993-012T17:17:03.100	10.200	13.860	
1993-012T17:00:52.200	15.764	13.860	
1993-033T20:09:48.000	15.764	13.860	
1993-012T16:49:10.500	14.763	13.860	
1993-012T17:16:35.800	15.764	13.860	
1993-012T17:02:29.000	14.763	13.860	
1993-012T20:35:01.600	15.764	13.860	
1993-012T16:57:38.600	15.764	13.860	
1993-012T16:51:08.400	15.282	13.850	
1993-012T20:32:09.100	15.282	13.850	
1993-033T21:04:13.100	13.454	13.850	
1993-012T21:04:28.100	8.6730	13.850	
1993-012T17:49:36.900	15.282	13.850	
1993-012T17:06:03.600	15.282	13.850	
1993-012T17:02:25.900	15.282	13.850	
1993-012T20:33:46.000	13.454	13.850	
1993-012T18:05:44.800	10.590	13.850	
1993-012T18:11:02.400	9.8510	13.850	
1993-012T16:56:23.000	15.282	13.850	
1993-012T20:33:24.800	13.479	13.840	
1993-033T20:06:55.500	19.052	13.840	
1993-012T17:37:58.300	6.4320	13.840	
1993-033T20:25:59.300	7.6400	13.840	
1993-012T17:58:11.000	7.8320	13.840	
1993-012T16:56:23.000	19.052	13.840	
1993-012T19:58:40.600	21.216	13.840	
1993-012T20:26:09.300	13.479	13.840	
1993-033T20:46:34.000	7.8320	13.840	
1993-012T19:42:32.700	11.198	13.830	
1993-033T20:20:38.600	16.565	13.820	
1993-012T17:45:16.800	6.8090	13.820	
1993-012T20:28:37.400	13.199	13.820	
1993-033T20:23:58.300	7.4520	13.820	
1993-012T17:19:46.300	18.128	13.820	
1993-012T20:08:03.300	13.199	13.820	
1993-012T17:12:55.000	16.565	13.820	
1993-012T17:18:09.500	16.565	13.820	
1993-033T21:08:45.500	7.4520	13.820	
1993-012T20:31:20.800	16.565	13.820	
1993-012T17:40:02.200	8.0250	13.810	
1993-033T20:19:56.200	8.0250	13.810	
1993-033T20:29:13.000	8.0250	13.810	
1993-033T20:35:16.100	8.0250	13.810	
1993-012T16:50:01.900	8.0250	13.810	
1993-012T17:16:11.600	14.275	13.810	
1993-012T17:16:08.600	8.4340	13.800	
1993-012T16:49:10.500	16.277	13.790	
1993-012T20:28:58.600	16.277	13.790	
1993-012T17:40:47.600	16.277	13.790	
1993-012T20:39:52.000	16.277	13.790	
1993-012T16:54:49.300	16.277	13.790	
1993-033T20:40:30.900	5.6120	13.790	
1993-012T17:06:06.800	16.277	13.790	
1993-012T17:11:45.500	16.277	13.790	
1993-012T21:03:39.700	16.277	13.790	
1993-012T17:37:58.300	16.277	13.790	
1993-033T20:09:23.800	16.277	13.790	
1993-012T20:36:14.200	16.277	13.790	
1993-033T21:13:08.800	16.277	13.790	
1993-012T17:10:32.900	16.277	13.790	
1993-012T17:22:14.600	16.277	13.790	
1993-012T20:28:10.200	16.277	13.790	
1993-012T20:34:13.200	16.277	13.790	
1993-012T20:16:28.400	16.277	13.790	
1993-012T17:33:10.900	14.591	13.780	
1993-012T21:02:48.300	14.660	13.780	
1993-012T19:47:47.300	11.019	13.780	
1993-012T21:05:43.800	14.591	13.780	
1993-012T20:11:35.000	17.674	13.780	
1993-012T17:08:56.100	7.1040	13.780	
1993-012T20:35:22.800	17.674	13.780	
1993-012T17:15:50.500	14.591	13.780	
1993-012T17:25:07.000	7.2650	13.780	
1993-012T17:37:12.900	14.591	13.780	
1993-012T16:58:30.000	14.591	13.780	
1993-033T20:17:55.100	14.591	13.780	
1993-012T20:43:05.600	5.4870	13.770	
1993-012T17:54:09.100	8.2210	13.760	
1993-012T17:42:00.100	12.706	13.760	
1993-012T20:41:01.500	19.999	13.760	
1993-033T20:17:55.100	8.2210	13.760	
1993-033T20:07:25.800	8.2210	13.760	
1993-012T17:18:39.800	8.2210	13.760	
1993-012T21:07:20.600	13.823	13.750	
1993-012T17:22:41.800	13.823	13.750	
1993-033T20:19:07.800	11.070	13.750	
1993-012T17:05:21.300	13.823	13.750	
1993-012T20:18:56.600	13.823	13.750	
1993-012T17:02:25.900	6.8010	13.750	
1993-012T19:50:15.500	17.507	13.750	
1993-012T20:38:39.400	6.3230	13.740	
1993-012T18:12:36.100	10.943	13.730	
1993-012T20:54:02.000	7.0810	13.720	
1993-012T17:23:24.100	15.492	13.720	
1993-012T17:02:29.000	13.794	13.720	
1993-012T17:58:29.200	15.492	13.720	
1993-033T20:17:24.900	15.492	13.720	
1993-012T19:57:06.900	9.9870	13.720	
1993-012T16:57:41.600	8.9250	13.720	
1993-012T20:05:32.000	15.492	13.720	
1993-012T20:16:25.400	15.492	13.720	
1993-012T17:22:35.700	15.492	13.720	
1993-012T17:22:41.800	6.3680	13.720	
1993-012T17:07:43.500	13.794	13.720	
1993-033T20:50:36.100	7.0810	13.720	
1993-012T17:17:24.300	13.794	13.720	
1993-012T17:59:44.800	9.9870	13.720	
1993-012T17:02:29.000	13.794	13.720	
1993-012T17:45:41.000	6.3680	13.720	
1993-012T20:29:50.000	7.0810	13.720	
1993-012T20:26:09.300	13.794	13.720	
1993-012T17:23:48.300	16.132	13.710	
1993-012T20:16:01.200	16.132	13.710	
1993-033T21:20:03.400	17.444	13.710	
1993-012T17:12:30.800	16.132	13.710	
1993-033T20:36:53.000	11.993	13.710	
1993-012T17:17:45.300	16.132	13.710	
1993-012T17:46:26.300	10.399	13.710	
1993-012T21:12:53.200	16.132	13.710	
1993-012T20:35:22.800	6.3870	13.710	
1993-033T20:33:33.300	16.132	13.710	
1993-012T17:01:13.300	16.132	13.710	
1993-012T21:04:25.100	16.132	13.710	
1993-012T20:30:14.200	17.444	13.710	
1993-012T17:50:25.300	16.132	13.710	
1993-012T20:58:52.400	15.380	13.700	
1993-012T17:18:39.800	15.380	13.700	
1993-012T21:17:49.800	15.380	13.700	
1993-012T17:29:33.100	15.380	13.700	
1993-012T17:08:10.800	15.380	13.700	
1993-012T17:27:08.000	15.380	13.700	
1993-012T19:49:54.300	15.380	13.700	
1993-012T20:12:29.500	15.380	13.700	
1993-033T21:32:09.700	15.380	13.700	
1993-012T17:20:16.600	15.380	13.700	
1993-012T20:06:26.500	15.380	13.700	
1993-033T20:08:14.100	15.380	13.700	
1993-012T20:36:41.400	15.380	13.700	
1993-033T21:21:40.300	15.380	13.700	
1993-012T17:15:50.500	15.380	13.700	
1993-012T20:39:30.800	15.380	13.700	
1993-012T21:09:45.800	15.380	13.700	
1993-012T17:06:34.000	15.380	13.700	
1993-012T16:48:49.300	15.380	13.700	
1993-033T20:51:24.500	15.380	13.700	
1993-012T17:12:30.800	6.5230	13.690	
1993-033T20:32:26.700	8.4190	13.690	
1993-012T17:05:21.300	16.327	13.690	
1993-012T17:06:55.100	13.012	13.690	
1993-012T17:46:05.100	16.327	13.690	
1993-012T20:47:59.000	16.327	13.690	
1993-033T21:09:09.700	16.327	13.690	
1993-012T19:54:41.600	6.5420	13.690	
1993-012T16:59:18.400	16.327	13.690	
1993-012T16:59:18.400	16.327	13.690	
1993-033T21:26:06.600	16.327	13.690	
1993-012T17:09:47.500	16.327	13.690	
1993-033T21:03:55.000	16.327	13.690	
1993-012T17:19:52.500	16.327	13.690	
1993-012T17:09:47.500	16.327	13.690	
1993-012T20:17:19.800	16.327	13.690	
1993-012T16:55:10.300	6.5230	13.690	
1993-012T17:21:29.200	16.327	13.690	
1993-033T21:26:30.800	16.327	13.690	
1993-012T17:26:43.800	16.327	13.690	
1993-012T20:13:39.000	9.5830	13.680	
1993-012T17:08:07.800	16.799	13.680	
1993-012T17:02:04.800	16.799	13.680	
1993-012T20:31:48.000	16.799	13.680	
1993-012T17:04:54.100	16.799	13.680	
1993-012T20:55:11.500	16.799	13.680	
1993-012T21:14:33.100	16.799	13.680	
1993-033T21:20:00.300	16.799	13.680	
1993-012T20:16:52.600	9.5830	13.680	
1993-012T17:17:45.300	12.300	13.660	
1993-012T17:11:21.300	8.0510	13.660	
1993-012T20:33:21.800	7.2290	13.660	
1993-012T17:38:43.600	14.050	13.660	
1993-012T20:44:18.100	6.8760	13.660	
1993-012T20:33:24.800	7.8090	13.660	
1993-012T17:10:57.100	7.5700	13.640	
1993-033T20:31:38.300	9.7660	13.640	
1993-012T20:32:36.500	6.2160	13.640	
1993-012T17:28:17.600	15.093	13.640	
1993-033T20:39:15.200	15.093	13.640	
1993-033T20:59:49.900	15.093	13.640	
1993-012T20:51:30.700	16.784	13.640	
1993-012T17:24:39.800	15.093	13.640	
1993-012T17:42:24.300	15.093	13.640	
1993-012T17:22:14.600	15.093	13.640	
1993-033T20:17:52.100	15.093	13.640	
1993-012T17:00:28.000	15.595	13.620	
1993-012T20:46:43.300	15.595	13.620	
1993-012T18:02:10.000	15.595	13.620	
1993-012T21:06:53.300	15.595	13.620	
1993-012T17:28:17.600	14.599	13.620	
1993-012T17:14:34.900	15.595	13.620	
1993-012T20:16:04.200	15.595	13.620	
1993-012T18:16:41.100	15.595	13.620	
1993-012T17:06:06.800	15.595	13.620	
1993-012T20:10:25.500	15.595	13.620	
1993-033T20:44:05.800	15.595	13.620	
1993-012T21:04:03.900	15.595	13.620	
1993-012T17:34:44.700	15.595	13.620	
1993-012T17:48:27.300	15.595	13.620	
1993-033T20:21:05.800	15.595	13.620	
1993-012T19:53:04.900	15.595	13.620	
1993-012T20:58:49.300	15.595	13.620	
1993-012T16:53:36.600	15.595	13.620	
1993-012T16:56:26.000	15.595	13.620	
1993-012T20:30:11.200	14.599	13.620	
1993-012T21:01:38.800	15.595	13.620	
1993-012T20:31:48.000	14.599	13.620	
1993-012T20:27:00.600	9.4460	13.620	
1993-012T20:18:05.200	15.595	13.620	
1993-033T20:50:57.300	15.595	13.620	
1993-033T20:13:25.900	15.595	13.620	
1993-012T20:25:45.000	15.595	13.620	
1993-012T17:02:29.000	15.595	13.620	
1993-012T17:33:56.300	15.595	13.620	
1993-012T17:26:40.800	14.599	13.620	
1993-033T20:57:48.800	15.595	13.620	
1993-033T20:41:40.500	15.595	13.620	
1993-012T20:26:33.400	15.595	13.620	
1993-012T17:38:01.300	13.075	13.600	
1993-033T20:29:55.400	10.590	13.600	
1993-012T17:05:15.300	7.0850	13.600	
1993-012T17:31:28.000	7.0850	13.600	
1993-012T21:12:07.800	13.322	13.590	
1993-012T20:40:16.100	8.4210	13.590	
1993-033T20:45:45.600	12.468	13.590	
1993-012T19:53:26.000	7.5220	13.590	
1993-033T20:36:50.000	13.322	13.590	
1993-012T21:05:37.600	15.704	13.580	
1993-012T20:18:53.600	10.123	13.580	
1993-033T20:39:15.200	10.123	13.580	
1993-033T21:14:18.400	15.704	13.580	
1993-012T16:48:43.200	15.704	13.580	
1993-012T16:51:32.600	14.252	13.580	
1993-033T20:36:01.600	10.123	13.580	
1993-012T17:28:17.600	9.1880	13.580	
1993-012T20:15:37.000	15.704	13.580	
1993-012T20:30:08.100	15.704	13.580	
1993-012T20:25:17.800	15.704	13.580	
1993-012T17:23:48.300	15.704	13.580	
1993-012T17:27:32.100	7.5460	13.570	
1993-012T20:39:30.800	14.462	13.570	
1993-012T17:31:10.000	7.5460	13.570	
1993-012T20:11:59.200	18.357	13.570	
1993-012T20:11:59.200	15.073	13.570	
1993-012T17:21:05.000	14.462	13.570	
1993-012T21:05:43.800	7.7360	13.570	
1993-012T21:07:20.600	14.462	13.570	
1993-033T20:35:13.100	9.7170	13.570	
1993-012T17:17:27.300	14.462	13.570	
1993-012T17:38:46.700	11.956	13.570	
1993-012T20:04:43.600	15.073	13.570	
1993-012T17:58:11.000	7.7360	13.570	
1993-033T20:15:54.100	14.462	13.570	
1993-033T21:10:46.600	14.462	13.570	
1993-012T20:17:19.800	7.7360	13.570	
1993-012T16:54:28.100	14.462	13.570	
1993-012T20:49:57.000	16.106	13.560	
1993-012T17:31:07.000	14.114	13.560	
1993-012T17:14:10.700	14.114	13.560	
1993-012T16:52:48.300	16.106	13.560	
1993-012T16:58:27.000	16.106	13.560	
1993-012T16:52:48.300	16.106	13.560	
1993-012T17:08:07.800	16.106	13.560	
1993-012T20:36:38.400	14.114	13.560	
1993-012T17:41:36.000	16.106	13.560	
1993-012T16:51:35.700	16.106	13.560	
1993-012T17:59:44.800	16.106	13.560	
1993-012T20:39:52.000	16.106	13.560	
1993-012T20:46:19.100	14.114	13.560	
1993-012T16:48:46.300	16.106	13.560	
1993-012T17:08:07.800	16.106	13.560	
1993-012T20:45:30.800	16.106	13.560	
1993-012T17:17:48.500	16.106	13.560	
1993-033T21:12:44.600	16.106	13.560	
1993-012T17:35:08.900	16.106	13.560	
1993-012T20:15:43.100	9.1320	13.560	
1993-012T17:20:37.800	16.106	13.560	
1993-012T20:28:10.200	16.106	13.560	
1993-012T21:01:14.500	16.106	13.560	
1993-012T20:58:49.300	14.114	13.560	
1993-012T17:51:40.900	16.106	13.560	
1993-012T17:15:23.300	16.106	13.560	
1993-033T20:23:06.800	16.106	13.560	
1993-012T17:13:46.500	16.106	13.560	
1993-033T20:31:59.500	10.538	13.550	
1993-012T17:20:40.800	7.9280	13.550	
1993-033T20:07:01.500	7.9280	13.550	
1993-012T17:50:25.300	13.258	13.550	
1993-033T20:55:20.600	16.348	13.550	
1993-012T19:59:53.200	16.348	13.550	
1993-033T20:59:46.900	16.348	13.550	
1993-033T21:15:37.100	7.9280	13.550	
1993-012T17:23:48.300	6.5230	13.550	
1993-012T16:55:58.700	16.348	13.550	
1993-012T17:38:19.300	16.348	13.550	
1993-012T17:29:02.800	16.348	13.550	
1993-012T20:41:56.000	7.9280	13.550	
1993-033T20:01:40.800	16.348	13.550	
1993-012T20:28:13.200	7.9280	13.550	
1993-033T20:59:28.700	7.9280	13.550	
1993-012T17:38:22.500	10.538	13.550	
1993-033T20:17:03.700	11.372	13.550	
1993-012T17:05:45.600	13.697	13.540	
1993-033T20:55:50.800	13.697	13.540	
1993-033T21:34:07.800	18.047	13.530	
1993-033T20:37:14.200	18.047	13.530	
1993-012T17:15:26.300	11.412	13.530	
1993-012T16:54:52.300	11.412	13.530	
1993-012T20:18:56.600	10.957	13.520	
1993-012T18:25:33.600	17.328	13.520	
1993-012T20:30:35.400	17.328	13.520	
1993-012T17:13:49.500	17.302	13.520	
1993-012T17:13:49.500	8.1230	13.510	
1993-012T20:17:19.800	7.1730	13.510	
1993-012T20:23:22.800	7.1730	13.510	
1993-033T20:19:56.200	8.1230	13.510	
1993-033T20:35:16.100	8.1230	13.510	
1993-012T20:16:04.200	12.554	13.510	
1993-012T20:03:31.000	19.760	13.510	
1993-012T17:49:42.900	8.1230	13.510	
1993-012T20:36:41.400	8.1230	13.510	
1993-033T20:21:51.200	17.449	13.510	
1993-012T16:58:02.800	6.3230	13.510	
1993-033T20:59:04.500	8.1230	13.510	
1993-012T16:54:22.000	6.6620	13.500	
1993-033T20:28:24.600	15.247	13.500	
1993-012T20:48:23.200	15.247	13.500	
1993-012T17:49:36.900	6.6620	13.500	
1993-012T20:04:25.500	15.247	13.500	
1993-012T20:51:12.600	15.247	13.500	
1993-012T20:52:25.100	15.247	13.500	
1993-012T21:00:29.200	15.247	13.500	
1993-033T20:59:28.700	15.247	13.500	
1993-012T20:34:16.200	15.247	13.500	
1993-012T17:17:27.300	15.247	13.500	
1993-012T21:03:18.600	15.247	13.500	
1993-012T20:22:10.200	15.247	13.500	
1993-012T21:01:17.600	15.247	13.500	
1993-012T20:30:14.200	15.247	13.500	
1993-012T17:45:16.800	15.247	13.500	
1993-012T16:55:16.500	15.247	13.500	
1993-012T20:41:50.000	6.6620	13.500	
1993-012T17:30:21.500	16.190	13.490	
1993-012T20:34:16.200	16.190	13.490	
1993-033T21:18:02.400	16.190	13.490	
1993-012T17:30:15.500	14.455	13.490	
1993-033T21:10:46.600	16.190	13.490	
1993-012T17:59:47.800	16.190	13.490	
1993-012T20:39:06.600	16.190	13.490	
1993-033T21:01:05.500	16.190	13.490	
1993-012T20:35:28.800	16.190	13.490	
1993-012T16:52:02.900	16.190	13.490	
1993-012T20:34:16.200	16.190	13.490	
1993-012T17:17:27.300	16.190	13.490	
1993-012T17:54:09.100	11.876	13.490	
1993-012T20:28:37.400	16.190	13.490	
1993-012T20:47:59.000	16.190	13.490	
1993-012T20:34:16.200	16.190	13.490	
1993-012T20:40:43.400	16.190	13.490	
1993-012T20:53:37.800	16.190	13.490	
1993-012T16:48:00.900	16.190	13.490	
1993-033T21:09:58.100	16.190	13.490	
1993-012T20:45:06.500	13.636	13.470	
1993-033T20:52:13.000	8.8230	13.470	
1993-012T17:01:16.400	13.636	13.470	
1993-012T20:28:58.600	13.636	13.470	
1993-012T19:51:49.300	10.943	13.460	
1993-012T16:55:13.500	16.624	13.450	
1993-012T17:19:49.500	16.624	13.450	
1993-012T17:46:26.300	16.624	13.450	
1993-012T21:10:31.100	16.624	13.450	
1993-012T17:22:38.800	16.624	13.450	
1993-012T17:33:07.900	16.624	13.450	
1993-012T20:51:12.600	6.9900	13.450	
1993-012T20:30:32.300	10.242	13.450	
1993-012T16:58:02.800	16.624	13.450	
1993-033T21:01:51.000	16.624	13.450	
1993-033T21:10:19.300	16.624	13.450	
1993-012T17:23:24.100	17.004	13.450	
1993-012T20:13:14.800	16.624	13.450	
1993-033T20:29:34.200	16.624	13.450	
1993-012T21:24:38.000	16.624	13.450	
1993-033T20:26:23.600	8.3200	13.440	
1993-012T16:53:09.300	15.917	13.440	
1993-012T17:55:39.800	15.917	13.440	
1993-012T20:48:41.300	15.917	13.440	
1993-012T17:06:52.000	15.282	13.440	
1993-033T20:32:50.900	5.6120	13.440	
1993-012T18:04:11.000	12.859	13.440	
1993-033T20:33:36.300	9.8510	13.440	
1993-012T21:03:12.500	6.3870	13.440	
1993-012T17:00:49.100	15.282	13.440	
1993-012T19:56:21.500	8.3200	13.440	
1993-012T17:16:32.800	15.917	13.440	
1993-012T20:41:01.500	15.282	13.440	
1993-012T16:56:50.300	6.2160	13.410	
1993-012T20:24:56.600	14.928	13.400	
1993-012T20:33:00.600	14.928	13.400	
1993-033T21:33:19.300	14.928	13.400	
1993-012T20:52:46.300	14.928	13.400	
1993-012T17:29:30.100	14.928	13.400	
1993-012T20:14:27.500	14.928	13.400	
1993-033T20:39:39.500	9.4500	13.390	
1993-012T17:38:01.300	12.953	13.390	
1993-033T20:21:30.000	15.427	13.380	
1993-033T20:30:46.800	15.427	13.380	
1993-012T17:27:53.300	15.427	13.380	
1993-012T17:38:46.700	15.427	13.380	
1993-033T21:15:58.300	14.436	13.380	
1993-012T17:04:54.100	14.436	13.380	
1993-012T17:18:33.700	6.9430	13.380	
1993-012T17:08:59.100	9.3410	13.380	
1993-012T17:29:06.000	15.427	13.380	
1993-012T20:46:19.100	15.427	13.380	
1993-033T20:40:52.100	15.427	13.380	
1993-012T17:38:01.300	9.3410	13.380	
1993-033T20:19:07.800	9.3410	13.380	
1993-012T20:49:08.500	15.427	13.380	
1993-012T20:28:10.200	14.436	13.380	
1993-012T17:11:21.300	15.427	13.380	
1993-012T16:51:11.500	15.427	13.380	
1993-012T17:20:13.600	15.427	13.380	
1993-012T18:17:29.600	14.436	13.380	
1993-012T20:22:07.200	14.436	13.380	
1993-012T20:16:28.400	15.427	13.380	
1993-012T17:39:59.200	14.436	13.380	
1993-012T20:35:50.000	15.427	13.380	
1993-012T17:42:48.600	15.427	13.380	
1993-012T17:18:36.800	14.436	13.380	
1993-012T17:22:14.600	15.427	13.380	
1993-012T17:00:28.000	14.436	13.380	
1993-012T20:12:26.500	15.427	13.380	
1993-012T20:35:01.600	15.427	13.380	
1993-033T20:19:50.100	16.565	13.370	
1993-012T20:39:55.000	14.333	13.370	
1993-012T20:27:43.000	13.850	13.370	
1993-012T16:50:44.200	16.565	13.370	
1993-012T18:16:14.000	13.850	13.370	
1993-012T20:19:45.000	6.8090	13.370	
1993-012T20:30:56.600	8.5910	13.370	
1993-033T20:38:23.800	13.850	13.370	
1993-012T20:35:04.600	14.333	13.370	
1993-012T20:32:57.600	16.565	13.370	
1993-012T17:51:13.600	16.565	13.370	
1993-012T20:14:03.200	8.9280	13.370	
1993-012T17:12:36.900	14.333	13.370	
1993-012T20:39:49.000	13.850	13.370	
1993-012T20:38:12.100	13.850	13.370	
1993-012T17:45:59.100	16.565	13.370	
1993-012T20:26:36.400	6.8090	13.370	
1993-012T17:02:01.700	13.850	13.370	
1993-012T16:56:29.000	14.333	13.370	
1993-012T20:28:55.600	13.850	13.370	
1993-033T21:28:56.000	14.333	13.370	
1993-012T17:17:24.300	6.4320	13.360	
1993-012T20:26:57.600	7.6890	13.360	
1993-012T20:39:03.600	7.5700	13.350	
1993-012T17:30:18.500	13.167	13.340	
1993-012T20:27:46.000	8.0510	13.340	
1993-033T20:44:54.100	8.0510	13.340	
1993-033T20:22:42.600	8.0510	13.340	
1993-012T17:14:34.900	13.167	13.340	
1993-033T21:17:59.300	13.167	13.340	
1993-012T20:30:35.400	13.167	13.340	
1993-012T20:32:39.500	13.571	13.330	
1993-012T17:07:22.300	17.161	13.330	
1993-012T17:40:47.600	13.954	13.320	
1993-033T20:33:33.300	21.963	13.320	
1993-012T17:05:42.600	15.935	13.320	
1993-033T20:29:13.000	9.0280	13.320	
1993-012T20:17:41.000	13.954	13.320	
1993-012T17:00:03.800	15.935	13.320	
1993-012T20:36:14.200	15.935	13.320	
1993-012T17:41:11.800	15.935	13.320	
1993-012T17:13:46.500	15.935	13.320	
1993-012T18:07:24.600	15.935	13.320	
1993-012T20:50:45.300	15.935	13.320	
1993-012T18:02:13.000	10.310	13.320	
1993-012T20:53:34.700	13.954	13.320	
1993-012T17:50:52.500	15.935	13.320	
1993-012T17:12:58.100	15.935	13.320	
1993-012T17:23:51.400	13.954	13.320	
1993-012T20:47:31.800	13.954	13.320	
1993-012T17:37:58.300	15.935	13.320	
1993-012T20:02:21.500	15.935	13.320	
1993-012T16:50:23.100	15.935	13.320	
1993-012T20:28:10.200	15.935	13.320	
1993-012T21:06:50.300	6.2510	13.320	
1993-012T17:06:06.800	13.954	13.320	
1993-012T20:54:23.100	15.935	13.320	
1993-012T16:56:26.000	15.935	13.320	
1993-033T21:03:27.800	15.935	13.320	
1993-033T20:20:17.400	17.866	13.310	
1993-012T16:52:24.100	11.517	13.310	
1993-033T21:21:34.100	18.128	13.310	
1993-012T17:37:31.000	15.492	13.310	
1993-012T17:23:06.000	7.6400	13.310	
1993-012T20:32:39.500	7.6400	13.310	
1993-012T17:55:42.800	9.9870	13.310	
1993-012T21:06:50.300	15.492	13.310	
1993-033T20:42:28.900	9.9870	13.310	
1993-012T17:02:56.200	7.6400	13.310	
1993-012T20:20:06.200	17.151	13.300	
1993-012T16:56:53.300	15.115	13.300	
1993-012T17:06:58.100	15.115	13.300	
1993-012T21:06:08.000	15.115	13.300	
1993-012T20:29:44.000	6.3870	13.300	
1993-012T17:31:58.300	15.115	13.300	
1993-012T17:37:12.900	15.115	13.300	
1993-012T21:02:27.100	17.151	13.300	
1993-012T20:09:15.900	15.115	13.300	
1993-012T17:44:52.600	15.115	13.300	
1993-012T17:01:43.600	15.115	13.300	
1993-033T21:11:35.000	15.115	13.300	
1993-033T21:04:13.100	14.050	13.300	
1993-033T20:11:03.600	15.115	13.300	
1993-012T20:49:11.600	15.115	13.300	
1993-033T21:28:56.000	15.115	13.300	
1993-012T21:21:27.500	15.115	13.300	
1993-033T20:24:46.700	15.115	13.300	
1993-012T20:25:48.000	5.7760	13.300	
1993-012T17:26:19.600	5.7760	13.300	
1993-012T20:39:27.800	17.151	13.300	
1993-012T17:31:34.100	15.115	13.300	
1993-033T20:52:10.000	9.0580	13.300	
1993-012T20:19:45.000	15.115	13.300	
1993-012T17:42:27.400	16.054	13.290	
1993-012T17:30:45.800	7.8320	13.290	
1993-012T16:51:08.400	7.8200	13.290	
1993-012T17:33:35.100	16.054	13.290	
1993-012T17:39:13.800	16.054	13.290	
1993-033T21:02:18.200	16.054	13.290	
1993-012T20:32:33.300	17.674	13.290	
1993-012T20:46:22.100	7.8320	13.290	
1993-012T17:25:31.200	7.2650	13.290	
1993-012T17:27:56.300	7.8320	13.290	
1993-012T20:19:45.000	16.054	13.290	
1993-012T17:05:39.500	7.9710	13.290	
1993-012T17:35:11.900	16.054	13.290	
1993-033T21:33:16.200	12.871	13.290	
1993-012T17:31:34.100	16.054	13.290	
1993-012T17:00:06.800	16.054	13.290	
1993-033T20:21:57.300	16.054	13.290	
1993-012T20:38:18.200	16.054	13.290	
1993-012T16:58:54.200	16.054	13.290	
1993-033T20:20:20.400	7.8320	13.290	
1993-012T17:02:32.000	16.054	13.290	
1993-012T20:59:40.700	16.054	13.290	
1993-012T20:32:39.500	16.054	13.290	
1993-012T20:52:01.000	16.054	13.290	
1993-012T17:26:43.800	7.2650	13.290	
1993-012T20:36:38.400	8.2970	13.290	
1993-033T21:34:59.200	16.054	13.290	
1993-012T17:12:06.600	7.6700	13.280	
1993-012T16:54:22.000	16.132	13.280	
1993-012T21:12:04.800	16.132	13.280	
1993-012T20:55:08.500	16.132	13.280	
1993-012T16:57:59.700	16.132	13.280	
1993-012T20:31:48.000	6.6520	13.280	
1993-012T17:12:30.800	16.132	13.280	
1993-012T20:18:29.500	9.5830	13.280	
1993-012T20:03:09.800	9.5830	13.280	
1993-012T20:06:20.400	16.132	13.280	
1993-012T16:50:20.000	16.132	13.280	
1993-012T20:05:10.800	10.399	13.280	
1993-033T20:42:01.700	11.198	13.280	
1993-012T17:21:02.000	6.6520	13.280	
1993-033T20:06:34.300	6.3230	13.270	
1993-012T20:36:41.400	11.759	13.270	
1993-033T20:30:43.800	6.5230	13.260	
1993-012T20:08:27.500	8.0250	13.250	
1993-012T17:35:36.100	8.0250	13.250	
1993-033T20:20:20.400	8.0250	13.250	
1993-012T20:37:05.600	8.0250	13.250	
1993-012T16:58:30.000	5.3700	13.250	
1993-012T17:06:58.100	8.0250	13.250	
1993-033T20:30:25.600	8.0250	13.250	
1993-033T20:28:48.800	8.0250	13.250	
1993-012T17:01:13.300	19.523	13.250	
1993-033T20:24:22.500	8.0250	13.250	
1993-012T17:06:52.000	17.226	13.250	
1993-012T20:07:14.900	8.0250	13.250	
1993-012T20:27:00.600	8.0250	13.250	
1993-033T21:01:02.500	7.1040	13.240	
1993-012T20:14:51.600	16.450	13.220	
1993-012T17:14:34.900	16.450	13.220	
1993-012T20:47:31.800	16.450	13.220	
1993-012T18:21:55.800	16.450	13.220	
1993-033T20:07:47.000	16.450	13.220	
1993-012T17:04:54.100	16.450	13.220	
1993-012T20:50:45.300	16.450	13.220	
1993-012T17:21:02.000	16.450	13.220	
1993-012T17:29:54.300	16.450	13.220	
1993-012T20:59:37.700	13.479	13.220	
1993-012T17:43:37.000	16.450	13.220	
1993-012T20:26:57.600	16.450	13.220	
1993-033T20:13:50.100	13.479	13.220	
1993-012T17:34:20.500	16.450	13.220	
1993-012T20:43:54.000	16.450	13.220	
1993-012T20:28:58.600	16.450	13.220	
1993-012T20:51:09.500	16.450	13.220	
1993-012T20:51:57.900	16.450	13.220	
1993-033T20:36:01.600	16.450	13.220	
1993-012T17:28:41.800	16.450	13.220	
1993-012T16:50:47.300	16.450	13.220	
1993-033T20:15:02.800	6.9890	13.200	
1993-033T20:22:39.600	10.242	13.200	
1993-012T20:28:37.400	8.2210	13.190	
1993-033T20:21:30.000	12.706	13.190	
1993-012T21:11:22.600	12.831	13.180	
1993-012T17:35:30.000	16.784	13.180	
1993-012T20:38:39.400	6.2160	13.180	
1993-012T20:04:22.500	9.7170	13.170	
1993-012T17:30:21.500	14.204	13.170	
1993-012T17:00:49.100	15.073	13.170	
1993-012T17:02:32.000	14.204	13.170	
1993-012T16:58:54.200	14.204	13.170	
1993-012T17:36:24.500	14.204	13.170	
1993-012T21:17:25.500	14.204	13.170	
1993-012T17:08:10.800	14.204	13.170	
1993-033T20:59:04.500	14.204	13.170	
1993-033T21:14:48.600	14.204	13.170	
1993-033T20:57:03.500	14.204	13.170	
1993-012T20:09:09.800	15.073	13.170	
1993-012T20:45:58.000	14.204	13.170	
1993-033T20:40:30.900	14.204	13.170	
1993-012T17:12:55.000	15.704	13.160	
1993-012T17:21:05.000	6.4550	13.160	
1993-012T17:05:39.500	15.704	13.160	
1993-033T20:36:47.000	15.704	13.160	
1993-012T20:12:26.500	10.123	13.160	
1993-033T20:09:23.800	19.340	13.160	
1993-012T17:30:39.600	6.3870	13.160	
1993-012T17:25:52.400	15.260	13.150	
1993-012T17:33:56.300	15.260	13.150	
1993-012T20:20:27.400	13.454	13.150	
1993-012T19:57:52.200	10.766	13.150	
1993-012T16:53:12.500	15.260	13.150	
1993-012T20:20:33.500	5.5310	13.150	
1993-012T17:13:43.400	13.454	13.150	
1993-012T21:23:25.400	15.260	13.150	
1993-033T20:43:41.500	15.260	13.150	
1993-033T20:14:38.500	15.260	13.150	
1993-012T20:29:22.800	15.260	13.150	
1993-033T20:08:11.100	15.260	13.150	
1993-012T20:14:06.300	9.8730	13.150	
1993-012T18:00:30.200	10.766	13.150	
1993-012T20:35:01.600	15.260	13.150	
1993-012T17:23:27.200	15.260	13.150	
1993-012T17:52:29.300	15.260	13.150	
1993-033T20:46:06.800	15.260	13.150	
1993-033T20:44:54.100	15.260	13.150	
1993-012T17:23:06.000	17.021	13.140	
1993-012T20:41:53.000	14.275	13.140	
1993-012T17:38:46.700	14.275	13.140	
1993-012T21:20:39.100	17.021	13.140	
1993-012T21:20:11.800	14.275	13.140	
1993-012T16:56:53.300	17.021	13.140	
1993-033T20:26:17.500	10.071	13.120	
1993-012T16:58:05.800	13.447	13.120	
1993-012T17:14:13.700	13.447	13.120	
1993-012T17:11:24.300	13.447	13.120	
1993-012T17:43:12.800	6.4320	13.120	
1993-012T17:31:34.100	13.447	13.120	
1993-012T17:18:15.600	13.447	13.120	
1993-012T20:25:48.000	13.447	13.120	
1993-012T17:50:52.500	6.4320	13.120	
1993-012T17:43:33.900	14.455	13.110	
1993-012T20:22:28.400	16.348	13.110	
1993-012T17:18:15.600	5.9420	13.110	
1993-012T18:27:58.800	9.3180	13.110	
1993-012T17:43:33.900	14.455	13.110	
1993-012T17:41:08.700	14.455	13.110	
1993-012T20:47:10.600	8.4190	13.100	
1993-012T17:50:28.300	15.764	13.100	
1993-012T20:32:39.500	14.983	13.100	
1993-012T20:15:18.800	15.918	13.100	
1993-012T17:36:45.700	15.764	13.100	
1993-012T17:40:02.200	15.918	13.100	
1993-012T17:07:22.300	15.918	13.100	
1993-033T20:40:55.100	14.983	13.100	
1993-012T20:35:28.800	15.918	13.100	
1993-012T17:27:32.100	14.983	13.100	
1993-012T17:35:33.100	15.764	13.100	
1993-012T21:21:03.300	15.918	13.100	
1993-012T20:23:22.800	15.918	13.100	
1993-033T20:37:41.400	15.918	13.100	
1993-012T17:10:08.700	15.764	13.100	
1993-012T17:21:29.200	15.918	13.100	
1993-012T17:10:08.700	15.764	13.100	
1993-012T17:33:32.100	15.764	13.100	
1993-012T20:27:24.800	14.983	13.100	
1993-012T17:23:51.400	15.764	13.100	
1993-012T17:36:00.300	15.918	13.100	
1993-012T17:23:54.400	8.4190	13.100	
1993-012T21:00:50.300	15.764	13.100	
1993-012T20:41:31.800	15.918	13.100	
1993-012T16:54:00.800	15.764	13.100	
1993-012T20:26:57.600	15.764	13.100	
1993-012T17:22:17.600	14.983	13.100	
1993-033T20:07:01.500	14.983	13.100	
1993-012T17:31:10.000	14.983	13.100	
1993-012T20:09:37.000	15.764	13.100	
1993-033T20:52:37.100	15.918	13.100	
1993-012T20:02:18.500	37.296	13.100	
1993-012T20:50:24.200	15.918	13.100	
1993-012T17:39:38.000	15.918	13.100	
1993-012T17:13:49.500	15.918	13.100	
1993-033T20:07:25.800	15.918	13.100	
1993-012T20:52:25.100	14.983	13.100	
1993-012T20:48:20.100	15.764	13.100	
1993-012T17:53:20.700	14.983	13.100	
1993-012T16:58:30.000	15.918	13.100	
1993-012T17:42:03.200	14.983	13.100	
1993-012T17:22:17.600	15.918	13.100	
1993-012T17:20:16.600	14.983	13.100	
1993-033T20:51:00.300	14.983	13.100	
1993-012T17:43:12.800	15.764	13.100	
1993-033T20:01:19.600	15.764	13.100	
1993-012T17:06:03.600	13.652	13.090	
1993-012T20:11:41.100	5.6120	13.090	
1993-012T20:44:15.100	13.652	13.090	
1993-033T20:56:12.000	17.686	13.090	
1993-012T20:08:45.600	10.590	13.090	
1993-012T20:17:41.000	6.1090	13.080	
1993-012T17:19:01.000	6.1090	13.080	
1993-033T20:58:37.300	6.1090	13.080	
1993-033T20:29:13.000	8.9250	13.080	
1993-012T20:06:26.500	8.9250	13.080	
1993-012T20:32:15.200	8.9250	13.080	
1993-012T17:29:06.000	16.974	13.070	
1993-012T17:36:21.500	16.974	13.070	
1993-012T20:18:26.400	11.927	13.060	
1993-012T20:57:12.500	7.8090	13.060	
1993-012T20:45:03.500	12.113	13.060	
1993-012T20:22:04.200	12.300	13.050	
1993-012T17:45:34.900	15.282	13.040	
1993-012T17:25:04.000	11.956	13.040	
1993-012T17:48:24.300	15.282	13.040	
1993-012T20:16:01.200	15.282	13.040	
1993-033T20:31:08.000	10.415	13.030	
1993-033T20:46:28.000	10.415	13.030	
1993-033T20:20:14.300	10.415	13.030	
1993-012T20:15:12.800	10.415	13.030	
1993-012T17:57:40.800	12.489	13.030	
1993-012T17:33:07.900	6.6520	13.030	
1993-012T20:09:58.200	12.489	13.030	
1993-033T21:28:50.100	15.917	13.010	
1993-012T16:57:11.300	13.850	13.010	
1993-012T20:05:59.300	9.4500	13.010	
1993-012T16:57:11.300	15.917	13.010	
1993-033T20:23:55.300	9.4500	13.010	
1993-033T20:17:24.900	6.8010	13.010	
1993-033T20:47:43.600	8.9280	13.010	
1993-033T20:56:09.000	15.917	13.010	
1993-012T17:36:18.400	15.917	13.010	
1993-033T20:45:21.400	6.0260	13.010	
1993-012T17:54:27.200	15.917	13.010	
1993-012T16:50:26.100	7.9280	13.000	
1993-033T21:13:11.800	18.161	13.000	
1993-012T17:42:24.300	16.277	13.000	
1993-012T20:39:27.800	16.277	13.000	
1993-012T20:42:17.100	16.277	13.000	
1993-012T17:34:44.700	16.277	13.000	
1993-012T20:26:57.600	16.277	13.000	
1993-012T17:21:23.100	12.679	13.000	
1993-012T21:11:43.600	16.277	13.000	
1993-012T20:36:38.400	16.277	13.000	
1993-012T20:54:47.300	16.277	13.000	
1993-033T20:53:01.400	7.9280	13.000	
1993-012T20:29:01.600	6.9900	12.990	
1993-033T20:40:24.800	6.5230	12.990	
1993-012T17:02:01.700	6.5230	12.990	
1993-012T16:53:09.300	6.5230	12.990	
1993-012T20:32:39.500	6.9900	12.990	
1993-012T17:02:56.200	14.077	12.970	
1993-012T17:56:10.100	14.077	12.970	
1993-033T20:43:44.600	16.881	12.950	
1993-012T17:06:58.100	16.881	12.950	
1993-012T16:56:53.300	16.881	12.950	
1993-012T17:33:56.300	6.2160	12.950	
1993-012T20:55:11.500	6.2160	12.950	
1993-012T16:54:28.100	12.111	12.950	
1993-012T17:52:56.500	16.881	12.950	
1993-012T17:11:24.300	8.1230	12.940	
1993-012T21:20:11.800	12.554	12.940	
1993-012T20:39:06.600	8.1230	12.940	
1993-012T18:11:50.800	14.599	12.930	
1993-012T17:37:55.100	6.1170	12.930	
1993-033T21:10:46.600	5.7760	12.930	
1993-033T20:21:27.000	10.943	12.930	
1993-012T20:41:28.800	14.599	12.930	
1993-012T17:53:38.800	23.757	12.920	
1993-012T17:42:21.300	16.565	12.920	
1993-012T20:20:06.200	15.093	12.920	
1993-012T20:32:33.300	16.565	12.920	
1993-012T17:10:05.600	16.565	12.920	
1993-012T20:43:54.000	15.093	12.920	
1993-012T20:08:00.300	15.093	12.920	
1993-012T17:18:12.600	15.093	12.920	
1993-012T17:10:11.700	13.322	12.920	
1993-012T20:45:33.800	13.322	12.920	
1993-012T20:33:27.800	13.322	12.920	
1993-012T17:57:40.800	16.565	12.920	
1993-012T17:39:59.200	15.093	12.920	
1993-012T20:52:22.100	15.093	12.920	
1993-033T21:01:51.000	15.093	12.920	
1993-012T20:23:47.000	13.322	12.920	
1993-012T17:39:35.000	15.093	12.920	
1993-012T16:57:41.600	15.783	12.910	
1993-012T20:29:50.000	15.783	12.910	
1993-033T20:15:30.000	14.852	12.910	
1993-012T20:07:39.100	15.783	12.910	
1993-033T20:29:37.200	15.783	12.910	
1993-012T17:22:41.800	15.783	12.910	
1993-033T20:07:50.000	14.852	12.910	
1993-012T17:14:37.900	15.783	12.910	
1993-012T20:13:17.800	15.783	12.910	
1993-033T20:36:53.000	15.783	12.910	
1993-033T21:03:55.000	14.852	12.910	
1993-012T21:12:35.100	15.783	12.910	
1993-033T20:57:45.800	8.1240	12.910	
1993-012T17:27:56.300	15.783	12.910	
1993-033T21:08:45.500	15.783	12.910	
1993-012T17:22:41.800	15.783	12.910	
1993-012T17:26:19.600	14.852	12.910	
1993-033T21:27:19.200	15.783	12.910	
1993-012T20:45:33.800	15.783	12.910	
1993-012T17:33:59.300	14.852	12.910	
1993-033T20:37:41.400	15.783	12.910	
1993-012T20:47:59.000	14.852	12.910	
1993-012T20:38:18.200	14.852	12.910	
1993-012T20:25:48.000	15.783	12.910	
1993-012T20:23:47.000	15.783	12.910	
1993-012T21:12:32.100	14.114	12.900	
1993-012T17:31:07.000	14.114	12.900	
1993-012T16:52:24.100	14.114	12.900	
1993-033T20:28:48.800	9.1320	12.900	
1993-012T17:24:42.800	9.1320	12.900	
1993-012T16:48:22.100	14.114	12.900	
1993-012T20:10:49.600	9.9870	12.900	
1993-012T17:24:15.600	14.114	12.900	
1993-012T20:54:44.300	15.492	12.900	
1993-012T18:00:54.400	15.492	12.900	
1993-033T21:14:42.600	6.3870	12.890	
1993-012T17:23:48.300	6.3870	12.890	
1993-033T20:21:02.800	10.766	12.890	
1993-012T20:37:51.000	17.507	12.880	
1993-012T17:23:03.000	15.595	12.870	
1993-012T20:31:23.800	15.595	12.870	
1993-012T17:24:39.800	15.595	12.870	
1993-012T21:13:20.500	15.595	12.870	
1993-012T16:53:36.600	15.595	12.870	
1993-012T17:26:16.600	15.595	12.870	
1993-012T17:20:37.800	15.595	12.870	
1993-012T20:35:25.800	15.595	12.870	
1993-012T17:21:50.400	15.595	12.870	
1993-012T16:54:00.800	15.595	12.870	
1993-012T20:32:36.500	15.595	12.870	
1993-012T20:35:25.800	15.595	12.870	
1993-012T20:40:40.300	15.595	12.870	
1993-012T16:56:50.300	15.595	12.870	
1993-012T17:02:32.000	8.3200	12.860	
1993-012T21:06:53.300	16.799	12.860	
1993-033T21:09:09.700	8.3200	12.860	
1993-012T20:37:02.600	16.799	12.860	
1993-012T17:56:07.000	16.799	12.860	
1993-012T20:53:10.500	16.799	12.860	
1993-012T17:48:54.500	8.3200	12.860	
1993-012T20:32:12.200	16.799	12.860	
1993-012T20:20:30.400	16.799	12.860	
1993-012T17:29:06.000	16.799	12.860	
1993-012T16:56:26.000	16.799	12.860	
1993-012T19:47:50.300	16.799	12.860	
1993-012T20:38:12.100	6.5230	12.850	
1993-033T20:04:33.300	9.1880	12.840	
1993-012T17:13:22.300	9.1880	12.840	
1993-033T20:43:20.300	8.8230	12.840	
1993-012T20:12:02.300	9.1880	12.840	
1993-012T20:20:51.600	14.252	12.840	
1993-012T16:50:44.200	14.252	12.840	
1993-012T17:26:40.800	13.636	12.840	
1993-012T20:19:14.800	16.132	12.840	
1993-012T20:59:58.900	14.252	12.840	
1993-012T20:57:33.700	16.132	12.840	
1993-012T20:25:23.800	6.6310	12.840	
1993-033T20:33:36.300	10.399	12.840	
1993-012T17:49:39.900	13.636	12.840	
1993-012T17:36:18.400	21.464	12.840	
1993-033T20:52:06.900	14.252	12.840	
1993-012T20:38:39.400	13.636	12.840	
1993-033T20:38:02.600	10.399	12.840	
1993-012T19:59:32.100	10.399	12.840	
1993-012T20:35:25.800	13.636	12.840	
1993-012T17:06:27.800	14.252	12.840	
1993-012T20:37:54.000	19.487	12.830	
1993-012T17:19:22.100	6.1170	12.810	
1993-012T17:24:39.800	6.3230	12.810	
1993-012T17:33:35.100	7.4520	12.810	
1993-012T17:06:55.100	11.229	12.800	
1993-033T20:23:58.300	7.6400	12.800	
1993-012T20:20:27.400	17.674	12.800	
1993-012T17:08:10.800	7.6400	12.800	
1993-012T17:17:21.100	6.6620	12.790	
1993-012T17:12:06.600	6.6620	12.790	
1993-012T17:37:58.300	10.944	12.780	
1993-012T20:57:12.500	16.106	12.780	
1993-012T20:24:08.200	16.106	12.780	
1993-033T20:10:36.500	16.106	12.780	
1993-033T20:16:15.300	16.106	12.780	
1993-012T20:32:12.200	16.106	12.780	
1993-012T20:30:59.600	16.106	12.780	
1993-012T17:01:16.400	16.106	12.780	
1993-033T20:57:24.600	16.106	12.780	
1993-012T17:18:12.600	16.106	12.780	
1993-012T17:30:42.800	16.106	12.780	
1993-012T16:50:47.300	16.106	12.780	
1993-033T20:27:36.200	7.0810	12.780	
1993-012T17:23:27.200	16.106	12.780	
1993-033T20:31:14.100	10.421	12.780	
1993-012T16:51:59.900	6.6520	12.780	
1993-012T20:09:58.200	10.415	12.780	
1993-033T21:29:17.300	16.106	12.780	
1993-012T17:51:16.700	16.106	12.780	
1993-012T20:50:45.300	16.106	12.780	
1993-012T20:37:02.600	16.106	12.780	
1993-012T20:09:15.900	7.0810	12.780	
1993-012T17:23:51.400	16.106	12.780	
1993-033T20:20:44.600	12.589	12.770	
1993-012T17:32:22.500	16.742	12.770	
1993-012T20:14:27.500	7.5700	12.770	
1993-012T21:23:52.700	13.950	12.770	
1993-012T17:35:36.100	16.742	12.770	
1993-012T21:03:18.600	13.950	12.770	
1993-033T20:26:23.600	12.589	12.770	
1993-012T20:36:17.200	16.742	12.770	
1993-012T21:00:53.400	13.950	12.770	
1993-012T20:27:00.600	16.742	12.770	
1993-012T20:30:14.200	12.589	12.770	
1993-012T17:10:35.900	13.950	12.770	
1993-012T16:54:52.300	13.950	12.770	
1993-012T18:25:33.600	9.7170	12.770	
1993-012T21:17:25.500	13.950	12.770	
1993-012T21:23:04.300	13.950	12.770	
1993-033T20:45:45.600	13.950	12.770	
1993-033T21:32:58.100	7.8320	12.760	
1993-012T16:58:27.000	7.6890	12.760	
1993-012T17:17:51.500	7.8320	12.760	
1993-012T17:15:47.500	6.0030	12.760	
1993-012T17:45:34.900	15.704	12.750	
1993-012T17:01:16.400	13.167	12.750	
1993-012T20:37:23.800	5.5960	12.750	
1993-012T20:40:13.100	13.652	12.740	
1993-012T18:03:46.800	9.3180	12.740	
1993-012T17:38:49.700	5.9420	12.740	
1993-012T20:16:25.400	12.300	12.740	
1993-033T20:40:03.600	8.8000	12.740	
1993-012T20:34:34.300	14.455	12.740	
1993-033T20:27:33.100	9.3180	12.740	
1993-012T17:24:18.600	5.9420	12.740	
1993-012T20:17:41.000	9.3180	12.740	
1993-033T20:30:22.600	10.820	12.730	
1993-012T20:14:54.600	15.648	12.730	
1993-012T17:42:27.400	15.648	12.730	
1993-033T21:04:13.100	16.784	12.730	
1993-033T21:11:10.800	15.648	12.730	
1993-033T21:36:11.800	15.648	12.730	
1993-033T21:19:15.000	15.648	12.730	
1993-012T20:20:51.600	16.784	12.730	
1993-012T20:29:25.800	15.648	12.730	
1993-012T17:04:57.100	15.648	12.730	
1993-012T20:27:00.600	15.648	12.730	
1993-012T20:36:41.400	15.648	12.730	
1993-012T16:49:58.900	6.2160	12.730	
1993-012T20:24:35.500	15.648	12.730	
1993-012T20:43:32.800	15.648	12.730	
1993-012T17:23:54.400	15.648	12.730	
1993-012T20:58:49.300	6.2160	12.730	
1993-012T17:05:45.600	15.648	12.730	
1993-012T17:20:16.600	15.648	12.730	
1993-033T20:14:11.200	16.784	12.730	
1993-012T20:13:42.100	15.648	12.730	
1993-012T21:13:47.800	15.648	12.730	
1993-033T20:41:16.300	20.872	12.720	
1993-012T17:11:48.500	14.721	12.720	
1993-033T20:21:33.000	14.721	12.720	
1993-012T17:40:50.600	14.721	12.720	
1993-012T17:39:13.800	13.199	12.720	
1993-033T20:05:48.900	14.721	12.720	
1993-033T20:11:03.600	14.721	12.720	
1993-033T21:18:26.600	13.199	12.720	
1993-012T16:58:05.800	13.199	12.720	
1993-033T21:25:42.400	14.721	12.720	
1993-012T16:52:51.300	13.199	12.720	
1993-033T21:20:27.600	14.721	12.720	
1993-033T21:25:42.400	14.721	12.720	
1993-012T20:18:02.200	6.5230	12.710	
1993-012T17:00:49.100	6.5230	12.710	
1993-033T20:22:42.600	8.0510	12.710	
1993-012T20:20:54.600	14.928	12.700	
1993-033T20:55:23.600	14.928	12.700	
1993-012T19:53:56.300	8.0250	12.700	
1993-012T16:56:50.300	14.928	12.700	
1993-012T20:52:46.300	14.928	12.700	
1993-012T17:18:39.800	8.0250	12.700	
1993-012T20:14:03.200	14.928	12.700	
1993-012T20:23:47.000	8.0250	12.700	
1993-033T20:29:37.200	8.0250	12.700	
1993-033T20:18:40.500	14.928	12.700	
1993-012T17:13:22.300	14.928	12.700	
1993-033T20:59:01.500	14.928	12.700	
1993-012T20:14:03.200	14.928	12.700	
1993-012T20:50:45.300	14.928	12.700	
1993-033T20:23:09.900	8.0250	12.700	
1993-033T20:48:07.800	7.1040	12.700	
1993-012T17:13:22.300	14.928	12.700	
1993-012T20:37:02.600	14.436	12.700	
1993-012T17:02:53.200	14.928	12.700	
1993-012T20:25:20.800	14.436	12.700	
1993-012T17:52:32.300	9.6590	12.700	
1993-012T20:53:34.700	14.436	12.700	
1993-012T20:59:40.700	8.0250	12.700	
1993-012T17:35:08.900	17.328	12.670	
1993-033T20:32:47.900	6.9890	12.670	
1993-012T17:30:21.500	9.0280	12.670	
1993-012T21:13:44.600	17.328	12.670	
1993-012T17:13:22.300	6.9890	12.670	
1993-033T20:18:43.600	9.0280	12.670	
1993-033T20:11:03.600	6.7200	12.670	
1993-012T17:16:08.600	16.348	12.670	
1993-012T17:39:07.800	16.348	12.670	
1993-012T17:38:19.300	16.348	12.670	
1993-012T20:39:03.600	13.954	12.670	
1993-033T20:45:39.500	16.348	12.670	
1993-012T20:34:34.300	16.348	12.670	
1993-012T20:41:53.000	13.954	12.670	
1993-012T17:17:48.500	5.8980	12.660	
1993-033T20:13:50.100	15.427	12.650	
1993-012T17:51:16.700	15.427	12.650	
1993-012T17:59:23.600	9.9820	12.650	
1993-012T17:17:00.100	15.427	12.650	
1993-012T20:38:36.300	6.2510	12.650	
1993-033T20:35:13.100	6.4320	12.650	
1993-012T20:25:20.800	15.427	12.650	
1993-012T17:16:35.800	15.427	12.650	
1993-012T16:48:22.100	15.427	12.650	
1993-012T20:33:24.800	15.427	12.650	
1993-012T16:56:50.300	15.427	12.650	
1993-012T17:52:05.100	8.2970	12.640	
1993-012T20:50:21.100	8.2970	12.640	
1993-033T20:18:13.300	9.5640	12.640	
1993-012T17:17:24.300	16.624	12.640	
1993-012T17:00:03.800	16.624	12.640	
1993-033T20:31:11.000	8.2970	12.640	
1993-033T21:19:36.100	6.1090	12.640	
1993-012T17:28:41.800	16.624	12.640	
1993-033T20:52:58.300	16.624	12.640	
1993-012T17:21:26.200	16.624	12.640	
1993-012T20:55:11.500	16.624	12.640	
1993-012T17:27:08.000	6.0260	12.630	
1993-012T20:41:50.000	14.660	12.630	
1993-012T20:10:46.600	15.282	12.630	
1993-012T16:58:48.100	15.282	12.630	
1993-033T20:15:48.000	15.282	12.630	
1993-012T20:24:11.200	6.0260	12.630	
1993-012T19:55:05.900	9.8510	12.630	
1993-012T16:50:47.300	6.8760	12.630	
1993-012T19:56:39.600	10.766	12.630	
1993-012T16:56:29.000	6.0260	12.630	
1993-033T20:29:07.000	10.766	12.630	
1993-012T21:04:25.100	6.3870	12.620	
1993-012T20:10:04.300	8.2210	12.620	
1993-012T20:47:59.000	8.2210	12.620	
1993-012T17:40:44.500	19.999	12.620	
1993-012T20:14:54.600	8.2210	12.620	
1993-012T16:55:37.600	13.479	12.610	
1993-012T20:42:41.300	13.479	12.610	
1993-012T20:55:11.500	13.479	12.610	
1993-012T17:15:50.500	16.603	12.590	
1993-033T20:19:50.100	10.590	12.590	
1993-012T17:21:53.400	16.603	12.590	
1993-012T16:53:15.500	16.603	12.590	
1993-033T20:57:45.800	15.917	12.590	
1993-012T16:58:54.200	16.603	12.590	
1993-012T21:06:08.000	16.603	12.590	
1993-012T20:16:25.400	15.917	12.590	
1993-012T17:08:35.000	16.603	12.590	
1993-012T17:27:32.100	16.603	12.590	
1993-012T17:01:43.600	16.603	12.590	
1993-012T20:45:51.900	15.917	12.590	
1993-012T17:25:28.200	8.4210	12.590	
1993-012T17:05:21.300	16.603	12.590	
1993-012T17:19:04.000	16.603	12.590	
1993-012T16:53:33.600	15.917	12.590	
1993-012T19:50:12.500	10.590	12.590	
1993-012T20:26:06.100	15.917	12.590	
1993-033T20:20:14.300	9.9010	12.580	
1993-012T20:57:15.500	13.823	12.580	
1993-012T20:40:19.200	13.823	12.580	
1993-012T17:08:35.000	13.823	12.580	
1993-012T17:01:43.600	13.823	12.580	
1993-033T20:21:51.200	9.9010	12.580	
1993-033T21:00:41.300	12.468	12.570	
1993-012T17:37:09.900	9.0580	12.570	
1993-012T20:03:34.100	9.0580	12.570	
1993-012T16:55:58.700	14.050	12.570	
1993-012T17:39:38.000	12.468	12.570	
1993-012T20:38:39.400	15.935	12.560	
1993-012T17:22:14.600	15.935	12.560	
1993-012T17:30:42.800	15.935	12.560	
1993-033T21:12:44.600	15.935	12.560	
1993-033T20:29:55.400	17.900	12.560	
1993-012T17:23:54.400	10.310	12.560	
1993-012T20:36:14.200	15.935	12.560	
1993-012T17:30:42.800	15.935	12.560	
1993-012T20:15:15.800	15.935	12.560	
1993-033T20:21:54.200	15.935	12.560	
1993-012T17:02:04.800	15.935	12.560	
1993-012T21:04:03.900	15.935	12.560	
1993-012T16:55:37.600	15.935	12.560	
1993-033T21:13:08.800	15.935	12.560	
1993-012T20:06:23.500	15.935	12.560	
1993-033T20:43:17.300	15.935	12.560	
1993-033T21:01:54.000	7.3580	12.560	
1993-012T20:10:49.600	15.935	12.560	
1993-012T20:33:00.600	15.935	12.560	
1993-012T17:38:49.700	7.5460	12.550	
1993-012T20:19:45.000	15.514	12.540	
1993-033T21:21:40.300	15.514	12.540	
1993-012T17:27:32.100	15.514	12.540	
1993-012T20:35:25.800	18.780	12.540	
1993-033T20:35:10.100	10.415	12.540	
1993-012T17:17:51.500	15.514	12.540	
1993-012T17:27:08.000	15.514	12.540	
1993-012T20:47:31.800	6.6520	12.540	
1993-012T20:23:47.000	15.514	12.540	
1993-033T21:15:12.900	15.514	12.540	
1993-012T21:06:56.400	15.514	12.540	
1993-012T17:19:28.300	15.514	12.540	
1993-012T17:49:42.900	15.514	12.540	
1993-012T16:49:37.700	15.514	12.540	
1993-012T18:02:31.100	10.415	12.540	
1993-012T20:28:37.400	15.514	12.540	
1993-012T17:20:40.800	15.514	12.540	
1993-012T17:33:59.300	14.591	12.530	
1993-012T17:59:47.800	14.591	12.530	
1993-012T18:03:49.800	14.591	12.530	
1993-012T21:02:06.000	14.591	12.530	
1993-012T20:49:11.600	14.591	12.530	
1993-012T17:38:49.700	13.075	12.530	
1993-012T20:22:04.200	17.004	12.530	
1993-033T21:04:43.500	13.075	12.530	
1993-012T19:45:04.000	7.7360	12.520	
1993-012T17:41:14.800	7.7360	12.520	
1993-012T17:24:15.600	11.956	12.520	
1993-012T17:31:28.000	6.2510	12.520	
1993-012T18:00:36.200	7.7360	12.520	
1993-033T20:26:23.600	7.7360	12.520	
1993-033T20:50:33.100	9.5830	12.510	
1993-012T17:44:49.500	6.2160	12.500	
1993-012T17:40:23.500	6.2160	12.500	
1993-012T20:36:35.300	15.492	12.490	
1993-033T20:41:19.300	9.2360	12.480	
1993-012T18:21:55.800	10.679	12.480	
1993-033T20:31:32.200	6.3870	12.480	
1993-033T20:59:46.900	6.3870	12.480	
1993-033T20:40:27.800	10.679	12.480	
1993-012T16:55:13.500	14.275	12.480	
1993-012T20:10:22.400	16.565	12.480	
1993-012T21:21:24.500	14.275	12.480	
1993-012T17:17:24.300	14.763	12.480	
1993-012T17:27:26.100	16.565	12.480	
1993-012T20:51:09.500	14.763	12.480	
1993-033T21:01:23.700	6.3870	12.480	
1993-012T17:07:19.300	14.275	12.480	
1993-012T18:02:34.200	9.1880	12.470	
1993-012T16:53:57.800	14.252	12.470	
1993-012T20:34:58.500	11.927	12.470	
1993-012T16:52:51.300	7.9280	12.460	
1993-012T16:53:09.300	12.113	12.460	
1993-033T20:16:18.300	7.9280	12.460	
1993-012T17:07:19.300	7.8090	12.460	
1993-012T17:26:43.800	7.9280	12.460	
1993-012T17:56:58.500	7.9280	12.460	
1993-012T20:28:34.400	17.151	12.460	
1993-012T17:32:16.400	12.113	12.460	
1993-012T20:36:59.500	12.113	12.460	
1993-012T17:25:28.200	5.8980	12.450	
1993-033T20:17:06.700	8.9250	12.450	
1993-012T17:10:35.900	8.9250	12.450	
1993-012T17:28:38.600	21.713	12.450	
1993-012T20:43:29.800	5.8980	12.450	
1993-033T21:15:58.300	13.794	12.450	
1993-012T17:12:33.900	5.8980	12.450	
1993-012T17:22:11.500	11.019	12.440	
1993-033T20:42:25.900	24.019	12.430	
1993-012T20:34:13.200	15.260	12.430	
1993-012T20:23:19.800	16.450	12.430	
1993-033T20:18:40.500	15.260	12.430	
1993-012T16:55:10.300	12.300	12.430	
1993-012T17:20:13.600	15.260	12.430	
1993-012T20:38:39.400	15.260	12.430	
1993-012T20:28:10.200	16.450	12.430	
1993-012T17:09:44.500	16.450	12.430	
1993-012T21:05:16.500	15.260	12.430	
1993-012T17:17:24.300	15.260	12.430	
1993-012T17:31:07.000	16.450	12.430	
1993-012T17:05:18.300	15.260	12.430	
1993-012T17:01:16.400	15.260	12.430	
1993-012T17:00:52.200	15.260	12.430	
1993-012T20:21:18.800	16.450	12.430	
1993-012T17:24:15.600	15.260	12.430	
1993-012T17:05:15.300	6.1170	12.420	
1993-012T20:32:39.500	16.465	12.410	
1993-012T20:39:00.500	16.132	12.410	
1993-012T20:33:03.600	16.465	12.410	
1993-012T20:06:26.500	16.465	12.410	
1993-012T16:50:20.000	16.132	12.410	
1993-012T17:00:55.200	16.465	12.410	
1993-033T20:59:04.500	16.465	12.410	
1993-012T17:20:16.600	16.465	12.410	
1993-012T17:14:37.900	16.465	12.410	
1993-012T17:08:35.000	16.465	12.410	
1993-033T21:21:10.000	6.2510	12.390	
1993-012T16:48:49.300	8.1230	12.390	
1993-012T16:57:41.600	13.697	12.390	
1993-012T17:15:50.500	13.697	12.390	
1993-033T20:36:53.000	8.6200	12.380	
1993-012T16:59:15.400	13.322	12.380	
1993-012T17:07:43.500	13.322	12.380	
1993-012T17:53:41.800	9.7170	12.380	
1993-033T20:23:03.800	10.766	12.380	
1993-033T21:33:16.200	14.455	12.370	
1993-033T20:32:23.600	9.3180	12.370	
1993-033T20:30:46.800	9.3180	12.370	
1993-033T20:35:16.100	12.349	12.370	
1993-012T17:55:42.800	9.3180	12.370	
1993-012T17:58:08.000	9.3180	12.370	
1993-012T17:20:40.800	15.380	12.360	
1993-033T21:09:58.100	15.380	12.360	
1993-033T20:15:30.000	15.380	12.360	
1993-033T21:20:03.400	15.380	12.360	
1993-012T17:02:07.800	15.380	12.360	
1993-012T20:54:26.100	15.380	12.360	
1993-012T20:41:07.600	15.380	12.360	
1993-012T20:40:37.300	12.679	12.360	
1993-012T21:21:27.500	15.380	12.360	
1993-012T17:02:07.800	15.380	12.360	
1993-012T16:50:50.300	15.380	12.360	
1993-012T17:48:27.300	15.764	12.350	
1993-012T17:21:50.400	15.764	12.350	
1993-012T20:44:18.100	15.764	12.350	
1993-012T17:13:22.300	15.764	12.350	
1993-033T21:36:33.000	15.764	12.350	
1993-012T18:11:50.800	15.764	12.350	
1993-012T20:21:43.000	6.3230	12.350	
1993-012T20:59:37.700	15.764	12.350	
1993-012T20:10:01.300	15.764	12.350	
1993-033T20:08:35.400	15.764	12.350	
1993-012T18:18:18.000	15.764	12.350	
1993-012T17:15:23.300	15.764	12.350	
1993-012T16:58:51.200	15.764	12.350	
1993-012T20:27:46.000	15.764	12.350	
1993-012T17:09:44.500	15.764	12.350	
1993-012T21:16:37.100	14.462	12.340	
1993-012T20:13:42.100	14.462	12.340	
1993-033T21:14:24.500	14.462	12.340	
1993-012T17:18:12.600	18.596	12.340	
1993-012T17:36:24.500	12.953	12.330	
1993-012T20:45:09.600	12.953	12.330	
1993-012T20:35:50.000	6.0030	12.330	
1993-012T17:26:13.500	6.9430	12.330	
1993-012T21:03:36.600	15.704	12.330	
1993-012T17:37:06.800	15.704	12.330	
1993-012T17:10:11.700	7.2650	12.320	
1993-012T20:08:24.500	8.9280	12.310	
1993-012T20:28:37.400	7.4520	12.310	
1993-033T20:18:37.500	18.128	12.310	
1993-012T21:04:49.300	6.1170	12.290	
1993-033T20:24:16.500	10.415	12.290	
1993-033T20:44:33.000	6.8990	12.280	
1993-012T21:02:30.200	8.3200	12.280	
1993-012T17:44:01.100	6.2160	12.280	
1993-033T20:23:52.300	9.7320	12.280	
1993-033T21:02:36.300	16.784	12.280	
1993-012T17:24:36.700	7.5220	12.270	
1993-012T17:34:47.700	9.4460	12.260	
1993-012T20:30:11.200	14.114	12.260	
1993-012T17:10:32.900	14.114	12.260	
1993-033T20:29:58.400	8.4210	12.260	
1993-012T17:08:07.800	14.599	12.260	
1993-012T20:06:47.600	14.114	12.260	
1993-012T21:10:06.900	14.114	12.260	
1993-033T21:22:25.600	14.599	12.260	
1993-033T21:04:16.200	14.114	12.260	
1993-033T21:11:59.200	5.3700	12.260	
1993-012T17:29:54.300	16.974	12.250	
1993-012T17:56:31.300	9.4500	12.250	
1993-012T17:17:24.300	16.974	12.250	
1993-012T18:09:01.400	16.974	12.250	
1993-033T21:32:06.700	16.974	12.250	
1993-012T17:25:28.200	16.974	12.250	
1993-012T17:10:08.700	16.974	12.250	
1993-012T17:04:54.100	16.974	12.250	
1993-012T20:31:48.000	16.974	12.250	
1993-033T20:09:26.800	16.327	12.240	
1993-033T20:38:23.800	9.2340	12.240	
1993-012T16:58:54.200	16.327	12.240	
1993-012T17:37:37.100	16.327	12.240	
1993-012T20:52:01.000	16.327	12.240	
1993-012T17:57:40.800	9.2340	12.240	
1993-012T17:12:12.700	16.327	12.240	
1993-012T20:35:04.600	16.327	12.240	
1993-012T21:00:53.400	16.327	12.240	
1993-012T21:19:50.700	16.327	12.240	
1993-012T17:36:48.700	7.8320	12.230	
1993-012T16:55:10.300	15.282	12.230	
1993-012T19:57:31.100	9.8510	12.230	
1993-012T21:11:16.500	15.282	12.230	
1993-012T20:37:54.000	7.8320	12.230	
1993-012T17:02:07.800	7.8320	12.230	
1993-012T16:54:22.000	15.282	12.230	
1993-012T17:49:36.900	16.348	12.230	
1993-033T20:46:52.100	15.282	12.230	
1993-012T20:19:39.000	15.282	12.230	
1993-012T17:01:40.600	15.093	12.220	
1993-012T16:53:36.600	16.277	12.220	
1993-012T17:12:12.700	8.8230	12.220	
1993-012T17:54:06.100	16.277	12.220	
1993-012T21:16:34.100	16.277	12.220	
1993-012T20:16:52.600	15.093	12.220	
1993-012T19:55:30.100	16.277	12.220	
1993-012T20:48:41.300	6.3870	12.220	
1993-012T20:30:11.200	15.093	12.220	
1993-012T20:32:36.500	15.093	12.220	
1993-033T20:58:13.100	16.277	12.220	
1993-012T20:41:28.800	16.277	12.220	
1993-012T20:42:41.300	16.277	12.220	
1993-012T21:03:39.700	13.636	12.220	
1993-012T17:43:37.000	15.093	12.220	
1993-033T20:23:52.300	6.6620	12.220	
1993-012T17:10:54.000	6.3870	12.220	
1993-012T17:37:06.800	14.050	12.210	
1993-033T20:59:28.700	5.7760	12.210	
1993-012T20:45:51.900	14.050	12.210	
1993-033T20:28:21.600	9.0580	12.210	
1993-012T16:55:34.500	14.050	12.210	
1993-012T21:13:23.600	13.571	12.200	
1993-012T20:35:01.600	7.4520	12.200	
1993-012T17:21:23.100	5.9850	12.190	
1993-012T19:51:25.000	8.1240	12.190	
1993-012T20:59:40.700	15.247	12.180	
1993-012T17:21:53.400	15.247	12.180	
1993-012T20:03:06.800	10.071	12.180	
1993-012T19:53:26.000	10.071	12.180	
1993-012T20:24:53.600	11.927	12.180	
1993-012T17:26:19.600	15.247	12.180	
1993-033T20:35:58.500	10.071	12.180	
1993-033T20:34:45.900	10.071	12.180	
1993-033T20:22:21.500	6.5430	12.170	
1993-012T16:50:44.200	15.917	12.170	
1993-012T17:00:24.900	6.1170	12.170	
1993-033T20:41:43.500	6.5430	12.170	
1993-012T20:41:50.000	15.917	12.170	
1993-012T20:39:00.500	12.113	12.160	
1993-012T21:02:54.400	14.333	12.160	
1993-033T20:26:23.600	8.5190	12.160	
1993-033T20:52:13.000	8.0250	12.160	
1993-012T21:10:31.100	7.8090	12.160	
1993-012T17:00:06.800	8.5190	12.160	
1993-033T21:34:59.200	14.333	12.160	
1993-033T21:14:48.600	14.333	12.160	
1993-012T20:49:57.000	13.167	12.160	
1993-012T16:51:11.500	13.167	12.160	
1993-033T20:55:50.800	8.0250	12.160	
1993-033T21:29:44.500	14.333	12.160	
1993-012T20:57:36.700	15.595	12.140	
1993-012T20:51:33.700	15.595	12.140	
1993-012T17:05:42.600	15.595	12.140	
1993-012T20:09:12.800	15.595	12.140	
1993-012T20:23:44.000	15.595	12.140	
1993-012T17:36:21.500	15.595	12.140	
1993-012T20:49:11.600	11.643	12.140	
1993-012T21:04:03.900	15.595	12.140	
1993-033T20:40:06.600	12.831	12.140	
1993-012T17:23:51.400	15.595	12.140	
1993-012T17:14:10.700	15.595	12.140	
1993-012T17:18:12.600	15.595	12.140	
1993-033T21:30:29.800	15.595	12.140	
1993-012T20:50:45.300	15.595	12.140	
1993-012T16:55:13.500	15.595	12.140	
1993-012T20:27:21.800	15.595	12.140	
1993-012T20:12:02.300	15.595	12.140	
1993-033T20:39:39.500	15.595	12.140	
1993-012T20:46:19.100	15.595	12.140	
1993-012T17:24:15.600	7.9290	12.130	
1993-012T17:23:03.000	7.9290	12.130	
1993-033T20:24:19.500	8.6730	12.130	
1993-012T20:43:32.800	17.444	12.130	
1993-012T17:09:17.200	12.300	12.130	
1993-012T17:10:11.700	6.1110	12.120	
1993-012T20:49:53.900	14.252	12.110	
1993-033T20:21:05.800	9.1880	12.110	
1993-012T18:00:57.400	9.1880	12.110	
1993-012T20:04:19.400	10.590	12.090	
1993-012T17:56:04.000	10.590	12.090	
1993-033T20:21:33.000	7.1730	12.080	
1993-012T17:21:47.300	15.492	12.080	
1993-012T17:05:39.500	15.492	12.080	
1993-012T16:52:51.300	6.9900	12.070	
1993-012T20:45:33.800	16.190	12.060	
1993-012T17:55:45.900	8.2210	12.060	
1993-012T20:46:46.400	16.190	12.060	
1993-012T17:05:45.600	16.190	12.060	
1993-012T16:55:40.600	16.190	12.060	
1993-012T17:42:03.200	16.190	12.060	
1993-012T20:43:57.000	16.190	12.060	
1993-012T20:47:10.600	16.190	12.060	
1993-012T20:43:08.600	16.190	12.060	
1993-033T21:32:58.100	16.190	12.060	
1993-012T21:00:05.000	16.190	12.060	
1993-012T20:53:34.700	6.2160	12.050	
1993-012T17:53:38.800	10.415	12.050	
1993-012T17:14:10.700	16.799	12.050	
1993-012T17:33:32.100	16.799	12.050	
1993-033T20:21:51.200	9.7320	12.050	
1993-012T17:33:07.900	16.799	12.050	
1993-033T21:09:09.700	7.5460	12.050	
1993-012T17:16:11.600	16.799	12.050	
1993-012T20:30:11.200	16.799	12.050	
1993-012T17:28:41.800	14.436	12.040	
1993-012T20:35:25.800	14.436	12.040	
1993-012T17:44:04.100	9.0280	12.040	
1993-033T20:09:23.800	14.436	12.040	
1993-033T21:09:27.900	16.565	12.040	
1993-012T17:45:37.900	13.954	12.040	
1993-012T17:10:05.600	5.4690	12.030	
1993-012T17:12:09.700	17.507	12.030	
1993-012T20:22:52.600	6.5230	12.020	
1993-033T21:33:46.600	13.447	12.020	
1993-033T20:56:15.000	13.447	12.020	
1993-012T16:58:30.000	13.447	12.020	
1993-012T17:00:55.200	13.447	12.020	
1993-033T20:58:16.100	13.447	12.020	
1993-012T21:12:35.100	13.447	12.020	
1993-012T17:19:52.500	13.447	12.020	
1993-012T20:29:25.800	10.421	12.010	
1993-033T21:01:02.500	16.106	12.010	
1993-012T19:57:55.300	16.106	12.010	
1993-012T20:22:55.600	16.106	12.010	
1993-012T20:39:52.000	16.106	12.010	
1993-012T17:10:32.900	16.106	12.010	
1993-012T17:42:00.100	16.106	12.010	
1993-033T20:57:48.800	16.106	12.010	
1993-012T20:38:15.100	16.106	12.010	
1993-012T17:32:19.500	16.106	12.010	
1993-033T21:33:19.300	16.106	12.010	
1993-012T20:51:09.500	16.106	12.010	
1993-012T21:17:22.500	16.106	12.010	
1993-012T19:58:46.700	10.421	12.010	
1993-012T17:28:41.800	16.106	12.010	
1993-012T18:14:16.000	16.106	12.010	
1993-012T17:26:43.800	10.421	12.010	
1993-033T21:22:04.500	5.9420	12.000	
1993-012T17:44:28.300	7.7360	12.000	
1993-012T17:18:58.000	6.2510	12.000	
1993-033T21:18:26.600	15.115	12.000	
1993-033T21:29:17.300	13.479	12.000	
1993-012T20:37:05.600	15.115	12.000	
1993-012T17:40:02.200	5.9420	12.000	
1993-012T17:04:51.100	6.2510	12.000	
1993-033T20:32:23.600	9.3180	12.000	
1993-012T20:29:01.600	15.115	12.000	
1993-012T17:02:56.200	15.115	12.000	
1993-012T20:20:09.300	7.7360	12.000	
1993-012T17:58:08.000	9.3180	12.000	
1993-012T20:26:33.400	13.479	12.000	
1993-033T20:46:34.000	15.115	12.000	
1993-012T17:17:03.100	7.7360	12.000	
1993-012T16:48:22.100	13.479	12.000	
1993-033T21:15:58.300	13.479	12.000	
1993-012T17:36:48.700	7.7360	12.000	
1993-012T20:23:22.800	15.115	12.000	
1993-033T20:39:42.500	8.7210	12.000	
1993-012T20:16:07.300	7.7360	12.000	
1993-012T20:01:36.100	8.7210	12.000	
1993-033T20:14:35.500	16.132	11.990	
1993-033T20:39:15.200	9.7170	11.990	
1993-012T20:23:41.000	16.132	11.990	
1993-012T17:04:51.100	15.073	11.990	
1993-012T17:05:39.500	16.132	11.990	
1993-012T17:20:16.600	14.204	11.980	
1993-012T17:12:12.700	14.204	11.980	
1993-012T16:52:24.100	6.1090	11.980	
1993-012T21:05:40.700	6.1090	11.980	
1993-012T21:18:38.100	14.204	11.980	
1993-033T21:22:01.400	6.1090	11.980	
1993-012T16:58:05.800	14.204	11.980	
1993-033T20:14:11.200	9.5640	11.980	
1993-012T20:21:46.000	14.204	11.980	
1993-012T20:49:11.600	14.204	11.980	
1993-012T16:56:50.300	6.1090	11.980	
1993-012T20:47:10.600	14.204	11.980	
1993-012T17:12:09.700	6.4320	11.950	
1993-012T20:37:29.800	12.709	11.950	
1993-012T20:29:47.000	8.9280	11.950	
1993-012T16:48:19.000	6.3870	11.950	
1993-033T21:20:24.600	8.4210	11.940	
1993-012T20:39:52.000	18.229	11.940	
1993-033T20:42:07.700	8.4190	11.940	
1993-033T20:23:09.900	8.4190	11.940	
1993-012T20:09:37.000	15.427	11.930	
1993-012T17:19:01.000	15.427	11.930	
1993-012T16:57:38.600	15.427	11.930	
1993-012T17:00:28.000	15.427	11.930	
1993-012T16:58:02.800	15.427	11.930	
1993-033T20:16:39.500	15.427	11.930	
1993-012T17:10:57.100	15.427	11.930	
1993-012T16:51:11.500	15.427	11.930	
1993-012T17:06:55.100	15.427	11.930	
1993-012T19:57:55.300	15.427	11.930	
1993-033T20:55:47.800	15.427	11.930	
1993-012T20:34:13.200	15.427	11.930	
1993-012T20:34:58.500	11.560	11.920	
1993-012T20:20:03.200	11.378	11.920	
1993-012T18:10:14.000	7.4520	11.920	
1993-012T17:20:58.900	15.704	11.920	
1993-012T20:13:11.800	6.1170	11.910	
1993-012T20:37:23.800	11.743	11.910	
1993-012T16:58:23.900	11.927	11.890	
1993-012T17:23:30.200	16.054	11.890	
1993-033T21:21:16.100	16.054	11.890	
1993-012T20:41:31.800	16.054	11.890	
1993-012T17:09:47.500	16.054	11.890	
1993-012T20:48:47.300	16.054	11.890	
1993-033T20:51:18.500	11.927	11.890	
1993-012T17:24:42.800	16.054	11.890	
1993-012T17:04:57.100	16.054	11.890	
1993-012T20:11:35.000	9.9010	11.890	
1993-012T20:22:10.200	16.054	11.890	
1993-012T17:05:18.300	6.3230	11.890	
1993-012T20:26:12.300	16.054	11.890	
1993-033T21:21:16.100	16.054	11.890	
1993-033T21:04:19.200	16.054	11.890	
1993-033T20:26:17.500	9.9010	11.890	
1993-012T17:14:13.700	6.0260	11.870	
1993-033T20:18:40.500	8.5470	11.870	
1993-012T17:43:15.800	6.0260	11.870	
1993-033T20:40:49.000	14.660	11.870	
1993-012T16:54:46.100	14.660	11.870	
1993-012T20:42:44.400	6.0260	11.870	
1993-012T17:02:25.900	13.258	11.870	
1993-012T18:04:59.400	8.5470	11.870	
1993-033T20:24:19.500	9.4500	11.870	
1993-033T20:58:16.100	6.0260	11.870	
1993-033T21:12:41.600	14.050	11.860	
1993-012T20:15:40.000	9.0580	11.860	
1993-012T17:19:49.500	16.624	11.850	
1993-012T18:22:44.200	16.624	11.850	
1993-033T20:35:37.300	16.624	11.850	
1993-012T20:36:14.200	16.624	11.850	
1993-012T16:50:23.100	16.624	11.850	
1993-012T20:02:45.600	16.624	11.850	
1993-012T17:02:04.800	16.624	11.850	
1993-012T20:51:33.700	16.624	11.850	
1993-012T17:25:04.000	16.624	11.850	
1993-012T19:59:59.300	8.1230	11.840	
1993-012T20:27:18.800	10.590	11.840	
1993-012T17:00:06.800	8.1230	11.840	
1993-012T20:20:51.600	19.760	11.840	
1993-012T20:27:43.000	15.282	11.840	
1993-033T20:44:57.200	9.2360	11.830	
1993-033T20:46:06.800	14.275	11.830	
1993-012T17:40:50.600	14.983	11.830	
1993-033T21:12:47.600	14.983	11.830	
1993-033T20:07:44.000	9.7320	11.830	
1993-012T17:25:31.200	14.983	11.830	
1993-012T16:48:46.300	14.275	11.830	
1993-012T17:29:30.100	13.794	11.830	
1993-012T16:54:52.300	13.322	11.830	
1993-012T17:12:12.700	14.983	11.830	
1993-012T17:24:42.800	14.983	11.830	
1993-012T17:20:40.800	14.983	11.830	
1993-012T17:13:25.300	14.983	11.830	
1993-012T17:56:55.500	6.2160	11.830	
1993-012T20:26:57.600	17.328	11.830	
1993-033T21:01:02.500	17.328	11.830	
1993-033T20:37:11.100	9.7320	11.830	
1993-033T21:15:12.900	14.983	11.830	
1993-033T21:09:34.000	14.983	11.830	
1993-012T17:38:49.700	14.983	11.830	
1993-012T17:06:55.100	14.275	11.830	
1993-012T17:22:17.600	7.4520	11.820	
1993-012T21:12:32.100	5.8980	11.820	
1993-012T17:27:32.100	7.4520	11.820	
1993-033T20:46:34.000	7.4520	11.820	
1993-033T21:19:39.300	7.4520	11.820	
1993-012T17:36:21.500	15.935	11.810	
1993-012T20:37:51.000	15.935	11.810	
1993-033T21:14:21.400	15.935	11.810	
1993-012T20:43:54.000	15.935	11.810	
1993-012T16:59:39.600	15.935	11.810	
1993-033T20:32:20.600	10.415	11.810	
1993-012T20:38:15.100	15.935	11.810	
1993-012T20:26:30.400	6.3870	11.810	
1993-012T17:17:24.300	15.935	11.810	
1993-012T20:25:45.000	15.935	11.810	
1993-012T21:12:32.100	15.935	11.810	
1993-033T20:44:54.100	15.935	11.810	
1993-012T20:49:32.700	14.763	11.800	
1993-033T20:57:03.500	14.077	11.800	
1993-012T16:52:48.300	14.763	11.800	
1993-012T20:37:26.800	14.763	11.800	
1993-012T21:03:42.800	14.077	11.800	
1993-012T16:51:14.500	14.077	11.800	
1993-012T20:18:32.500	14.077	11.800	
1993-012T20:41:56.000	14.077	11.800	
1993-012T20:40:19.200	14.077	11.800	
1993-012T17:54:57.500	9.5520	11.800	
1993-012T20:16:31.500	14.077	11.800	
1993-012T17:37:06.800	20.970	11.790	
1993-033T20:14:14.300	8.6730	11.790	
1993-033T20:27:57.400	8.6730	11.790	
1993-012T20:38:36.300	13.454	11.790	
1993-012T20:26:33.400	13.322	11.790	
1993-012T17:00:31.000	17.161	11.790	
1993-033T20:19:32.000	17.161	11.790	
1993-033T20:42:07.700	8.6200	11.790	
1993-033T20:34:24.700	8.6730	11.790	
1993-012T20:29:47.000	13.322	11.790	
1993-012T17:51:13.600	20.970	11.790	
1993-033T20:32:47.900	8.6730	11.790	
1993-033T20:25:59.300	7.6400	11.770	
1993-012T20:35:53.000	7.6400	11.770	
1993-012T17:25:28.200	6.1090	11.760	
1993-012T20:06:20.400	10.242	11.760	
1993-012T20:09:12.800	6.1090	11.760	
1993-012T17:24:42.800	5.8590	11.750	
1993-012T17:08:28.800	15.917	11.750	
1993-012T17:38:43.600	15.917	11.750	
1993-012T18:14:16.000	9.1880	11.750	
1993-033T20:37:14.200	9.1880	11.750	
1993-012T20:22:52.600	14.866	11.740	
1993-012T17:25:31.200	6.1110	11.740	
1993-012T17:34:17.400	12.679	11.740	
1993-012T20:14:51.600	5.7940	11.730	
1993-012T20:33:52.000	15.918	11.720	
1993-033T21:00:38.300	15.260	11.720	
1993-012T20:51:36.800	15.918	11.720	
1993-012T19:57:28.000	10.071	11.720	
1993-033T20:13:53.100	15.918	11.720	
1993-012T20:16:28.400	15.260	11.720	
1993-033T20:14:41.500	15.918	11.720	
1993-033T20:06:07.100	24.019	11.720	
1993-012T21:10:34.100	15.918	11.720	
1993-033T21:02:18.200	15.918	11.720	
1993-033T21:04:19.200	8.3200	11.720	
1993-012T16:48:49.300	15.918	11.720	
1993-012T17:15:50.500	8.3200	11.720	
1993-012T19:57:28.000	10.071	11.720	
1993-012T20:40:43.400	15.918	11.720	
1993-012T20:49:35.800	15.918	11.720	
1993-012T20:24:32.400	15.260	11.720	
1993-012T17:35:33.100	12.104	11.710	
1993-033T20:25:35.100	7.8320	11.710	
1993-033T20:37:38.400	8.8000	11.700	
1993-012T16:56:23.000	13.652	11.700	
1993-012T16:58:23.900	6.8010	11.700	
1993-012T17:52:53.500	8.8000	11.700	
1993-012T18:05:20.600	9.3990	11.690	
1993-012T17:26:16.600	8.2970	11.680	
1993-012T19:55:30.100	9.9870	11.680	
1993-012T17:05:39.500	15.492	11.680	
1993-012T20:59:10.500	6.3870	11.680	
1993-012T19:52:13.500	15.492	11.680	
1993-012T20:11:59.200	9.9010	11.670	
1993-012T21:12:56.300	16.450	11.650	
1993-033T21:04:43.500	14.852	11.650	
1993-012T21:04:31.200	14.852	11.650	
1993-012T17:44:04.100	14.852	11.650	
1993-033T20:17:27.900	16.450	11.650	
1993-012T16:53:36.600	16.450	11.650	
1993-033T20:14:17.300	14.852	11.650	
1993-012T17:44:01.100	16.450	11.650	
1993-012T20:46:19.100	16.450	11.650	
1993-012T17:55:18.600	7.2190	11.650	
1993-012T17:29:30.100	16.450	11.650	
1993-012T20:16:04.200	16.450	11.650	
1993-012T20:49:32.700	16.450	11.650	
1993-012T20:05:10.800	20.872	11.650	
1993-033T21:28:53.000	16.450	11.650	
1993-012T20:05:35.100	7.3350	11.650	
1993-012T17:49:12.600	11.560	11.640	
1993-012T16:59:15.400	5.6910	11.640	
1993-012T20:51:12.600	17.021	11.630	
1993-012T17:05:21.300	10.845	11.630	
1993-012T17:24:12.500	14.455	11.630	
1993-012T16:59:18.400	17.021	11.630	
1993-033T21:35:41.500	14.455	11.630	
1993-012T17:37:12.900	13.950	11.620	
1993-033T21:31:21.300	13.950	11.620	
1993-012T17:25:07.000	13.950	11.620	
1993-012T16:56:53.300	13.950	11.620	
1993-012T20:55:14.500	13.950	11.620	
1993-012T20:45:09.600	13.950	11.620	
1993-033T21:04:40.400	14.114	11.620	
1993-012T21:11:43.600	13.636	11.620	
1993-012T20:39:52.000	13.636	11.620	
1993-012T17:12:33.900	13.636	11.620	
1993-012T17:04:54.100	14.114	11.620	
1993-012T16:50:23.100	14.114	11.620	
1993-012T20:19:42.000	14.114	11.620	
1993-012T20:00:23.500	8.0250	11.620	
1993-012T17:09:20.300	14.114	11.620	
1993-033T20:33:15.100	8.8230	11.620	
1993-012T20:12:02.300	14.114	11.620	
1993-012T16:53:12.500	14.114	11.620	
1993-012T18:22:44.200	8.9280	11.610	
1993-012T20:35:01.600	15.764	11.610	
1993-033T20:18:40.500	15.764	11.610	
1993-012T17:28:41.800	15.764	11.610	
1993-012T20:14:27.500	15.764	11.610	
1993-012T17:01:40.600	15.764	11.610	
1993-012T17:18:36.800	15.764	11.610	
1993-033T21:15:09.800	15.764	11.610	
1993-012T20:48:44.300	15.764	11.610	
1993-012T21:04:03.900	15.764	11.610	
1993-012T20:29:47.000	8.9280	11.610	
1993-012T20:49:08.500	15.764	11.610	
1993-012T16:51:59.900	15.764	11.610	
1993-012T18:23:29.600	9.7320	11.610	
1993-012T17:13:46.500	15.764	11.610	
1993-012T20:40:40.300	15.764	11.610	
1993-033T20:58:37.300	15.764	11.610	
1993-012T20:19:39.000	13.064	11.610	
1993-033T20:22:39.600	6.2510	11.610	
1993-012T20:23:44.000	9.7170	11.600	
1993-012T17:20:10.500	15.073	11.600	
1993-012T16:52:27.100	6.1960	11.600	
1993-012T18:03:43.800	16.565	11.600	
1993-012T17:25:00.900	16.565	11.600	
1993-012T17:40:47.600	10.679	11.600	
1993-012T20:44:45.400	7.3580	11.590	
1993-012T20:46:43.300	14.599	11.590	
1993-033T20:17:31.000	7.3580	11.590	
1993-012T17:36:00.300	12.468	11.580	
1993-012T20:42:41.300	19.718	11.580	
1993-033T20:45:21.400	8.5190	11.580	
1993-012T20:31:23.800	19.718	11.580	
1993-033T20:48:29.000	16.132	11.570	
1993-012T20:31:20.800	16.132	11.570	
1993-033T20:25:32.100	6.6520	11.570	
1993-012T17:14:59.100	17.866	11.560	
1993-012T17:25:31.200	15.783	11.550	
1993-012T17:16:14.600	15.783	11.550	
1993-033T20:57:27.600	15.783	11.550	
1993-033T21:26:06.600	15.783	11.550	
1993-012T17:25:07.000	15.783	11.550	
1993-012T18:15:25.500	9.5640	11.540	
1993-012T21:02:27.100	5.3870	11.530	
1993-012T17:42:00.100	7.9290	11.530	
1993-012T19:56:42.600	15.093	11.520	
1993-012T17:32:43.700	15.093	11.520	
1993-012T17:01:16.400	15.093	11.520	
1993-012T21:18:56.200	15.704	11.510	
1993-012T17:25:00.900	15.704	11.510	
1993-012T20:47:59.000	8.2210	11.500	
1993-033T21:15:06.800	14.660	11.500	
1993-033T20:50:36.100	8.2210	11.500	
1993-012T17:44:04.100	5.7760	11.500	
1993-033T20:19:29.000	9.4500	11.500	
1993-033T20:40:52.100	9.4500	11.500	
1993-033T20:27:09.000	9.0580	11.500	
1993-012T17:19:52.500	5.7760	11.500	
1993-012T17:31:34.100	7.7360	11.490	
1993-033T20:20:20.400	7.7360	11.490	
1993-012T18:19:30.500	6.4320	11.490	
1993-012T19:49:48.300	5.5960	11.490	
1993-012T17:48:30.300	14.721	11.480	
1993-012T17:21:53.400	14.721	11.480	
1993-012T18:08:34.100	9.3990	11.480	
1993-012T20:20:57.600	14.721	11.480	
1993-012T19:56:39.600	9.3990	11.480	
1993-012T20:23:22.800	13.075	11.470	
1993-012T20:44:45.400	13.075	11.470	
1993-012T16:49:13.500	13.075	11.470	
1993-033T20:58:37.300	20.678	11.470	
1993-033T21:26:06.600	13.075	11.470	
1993-012T17:31:55.300	16.277	11.460	
1993-012T20:35:25.800	16.277	11.460	
1993-012T17:38:22.500	16.277	11.460	
1993-012T17:49:15.700	16.277	11.460	
1993-033T20:47:19.400	16.277	11.460	
1993-012T20:36:38.400	16.277	11.460	
1993-012T20:24:56.600	16.277	11.460	
1993-012T17:51:40.900	16.277	11.460	
1993-012T17:57:19.600	16.277	11.460	
1993-012T20:51:09.500	16.277	11.460	
1993-012T20:49:08.500	16.277	11.460	
1993-012T20:46:22.100	16.881	11.460	
1993-033T20:58:16.100	13.823	11.450	
1993-012T16:54:03.800	13.823	11.450	
1993-012T17:38:43.600	15.282	11.450	
1993-012T18:11:26.600	9.8510	11.450	
1993-012T18:02:07.000	9.9010	11.440	
1993-012T20:22:31.400	16.974	11.440	
1993-012T20:21:18.800	16.974	11.440	
1993-033T20:18:16.300	16.974	11.440	
1993-012T20:29:47.000	8.1730	11.430	
1993-033T21:30:05.600	13.954	11.420	
1993-012T21:17:19.400	8.2780	11.420	
1993-012T17:20:13.600	18.596	11.420	
1993-012T20:03:34.100	18.596	11.420	
1993-012T17:12:58.100	13.954	11.420	
1993-012T17:00:52.200	15.595	11.410	
1993-012T17:43:12.800	15.595	11.410	
1993-012T20:45:06.500	15.595	11.410	
1993-012T16:54:25.100	15.595	11.410	
1993-012T16:53:36.600	15.595	11.410	
1993-012T17:25:04.000	15.595	11.410	
1993-012T17:07:19.300	15.595	11.410	
1993-012T20:32:15.200	7.9280	11.400	
1993-033T20:25:59.300	7.9280	11.400	
1993-033T20:23:58.300	7.9280	11.400	
1993-012T17:17:51.500	7.9280	11.400	
1993-012T17:24:39.800	19.528	11.400	
1993-033T21:01:26.700	5.8980	11.400	
1993-012T16:49:55.800	19.287	11.400	
1993-012T17:16:11.600	14.436	11.390	
1993-012T17:26:16.600	6.2160	11.390	
1993-012T17:14:59.100	6.2160	11.390	
1993-012T17:23:06.000	15.648	11.390	
1993-033T20:38:02.600	9.1880	11.390	
1993-012T20:28:10.200	9.1880	11.390	
1993-033T20:14:14.300	9.1880	11.390	
1993-012T21:04:07.000	7.0810	11.390	
1993-012T20:41:56.000	7.0810	11.390	
1993-012T20:15:43.100	15.648	11.390	
1993-012T17:45:41.000	15.648	11.390	
1993-012T17:42:27.400	15.648	11.390	
1993-012T17:00:52.200	6.2160	11.390	
1993-012T17:09:47.500	15.648	11.390	
1993-033T20:36:28.800	15.648	11.390	
1993-012T16:49:58.900	7.2190	11.390	
1993-012T17:02:04.800	7.2190	11.390	
1993-012T21:00:29.200	15.648	11.390	
1993-012T16:59:18.400	15.648	11.390	
1993-012T20:21:15.800	11.560	11.370	
1993-033T20:40:03.600	10.538	11.370	
1993-012T20:21:40.000	16.348	11.370	
1993-012T17:53:41.800	8.8000	11.360	
1993-033T20:40:03.600	8.2970	11.360	
1993-033T20:32:23.600	8.8000	11.360	
1993-033T20:20:17.400	8.8000	11.360	
1993-012T19:59:56.300	8.2970	11.360	
1993-012T20:46:46.400	6.1110	11.360	
1993-033T20:55:20.600	14.866	11.360	
1993-012T21:11:16.500	15.917	11.340	
1993-012T17:23:30.200	6.5430	11.340	
1993-012T17:18:09.500	15.917	11.340	
1993-012T17:40:20.300	15.917	11.340	
1993-012T19:43:24.100	7.5700	11.340	
1993-012T17:17:21.100	11.743	11.340	
1993-012T20:19:17.800	5.7940	11.330	
1993-012T17:29:54.300	5.7940	11.330	
1993-033T21:26:52.000	14.928	11.320	
1993-012T20:34:13.200	14.928	11.320	
1993-033T21:10:22.300	16.742	11.300	
1993-012T17:07:22.300	12.953	11.300	
1993-012T17:28:44.800	16.742	11.300	
1993-012T16:59:42.600	8.1230	11.290	
1993-012T17:41:11.800	8.4210	11.290	
1993-012T17:22:14.600	6.5420	11.290	
1993-012T17:34:23.500	8.1230	11.290	
1993-033T21:01:51.000	8.4210	11.290	
1993-012T17:23:48.300	15.492	11.280	
1993-033T20:22:45.600	13.697	11.280	
1993-012T18:01:42.800	6.1170	11.280	
1993-012T17:23:06.000	7.6400	11.270	
1993-012T20:45:30.800	6.0030	11.270	
1993-033T20:33:09.100	9.3990	11.270	
1993-012T20:05:59.300	16.106	11.260	
1993-012T17:36:21.500	16.106	11.260	
1993-012T20:40:16.100	16.106	11.260	
1993-033T20:56:12.000	16.106	11.260	
1993-033T20:23:31.100	8.9280	11.260	
1993-012T20:59:13.500	16.106	11.260	
1993-012T20:08:24.500	8.9280	11.260	
1993-033T20:56:36.200	16.106	11.260	
1993-012T20:15:40.000	16.106	11.260	
1993-012T16:48:25.100	5.9420	11.260	
1993-012T17:16:35.800	6.4320	11.260	
1993-012T18:12:15.000	9.3180	11.260	
1993-012T21:00:01.900	16.106	11.260	
1993-012T20:21:46.000	5.9420	11.260	
1993-012T17:23:51.400	16.106	11.260	
1993-012T17:12:33.900	16.799	11.250	
1993-012T17:37:34.100	16.799	11.250	
1993-033T20:22:18.500	7.9290	11.230	
1993-012T16:56:29.000	15.514	11.220	
1993-033T20:57:24.600	15.427	11.220	
1993-012T20:25:23.800	15.514	11.220	
1993-012T20:18:53.600	15.427	11.220	
1993-012T20:38:15.100	15.427	11.220	
1993-012T17:14:37.900	15.514	11.220	
1993-033T20:50:36.100	15.514	11.220	
1993-012T20:46:46.400	15.514	11.220	
1993-033T20:21:08.800	15.514	11.220	
1993-012T18:06:09.000	9.9010	11.220	
1993-012T20:05:59.300	15.427	11.220	
1993-012T20:50:24.200	15.514	11.220	
1993-012T17:00:06.800	15.514	11.220	
1993-033T21:10:22.300	15.514	11.220	
1993-012T20:18:53.600	15.427	11.220	
1993-033T20:31:32.200	9.9010	11.220	
1993-012T16:59:42.600	15.514	11.220	
1993-012T20:16:49.600	15.073	11.210	
1993-012T17:26:16.600	8.5470	11.210	
1993-012T17:02:04.800	13.794	11.210	
1993-033T20:50:36.100	6.1960	11.210	
1993-033T21:09:30.900	13.794	11.210	
1993-012T18:00:06.000	9.2340	11.200	
1993-012T20:27:24.800	7.8320	11.190	
1993-033T20:06:37.300	9.2360	11.190	
1993-033T20:24:46.700	7.8320	11.190	
1993-012T20:33:52.000	7.8320	11.190	
1993-012T16:56:26.000	14.275	11.190	
1993-012T17:23:24.100	12.489	11.180	
1993-012T18:00:06.000	9.7320	11.170	
1993-033T21:00:59.500	9.7320	11.170	
1993-012T17:12:55.000	16.565	11.170	
1993-012T17:45:16.800	6.8090	11.170	
1993-012T16:50:20.000	16.565	11.170	
1993-012T16:56:26.000	6.2160	11.170	
1993-033T20:20:20.400	8.3200	11.160	
1993-033T20:47:22.500	7.1730	11.160	
1993-012T20:26:06.100	6.1170	11.160	
1993-012T16:53:39.600	14.462	11.150	
1993-012T17:01:19.400	16.603	11.150	
1993-033T21:34:35.000	14.462	11.150	
1993-033T20:19:32.000	14.462	11.150	
1993-033T20:22:45.600	14.462	11.150	
1993-033T21:30:32.900	16.603	11.150	
1993-033T20:19:56.200	16.603	11.150	
1993-033T20:19:01.700	16.132	11.150	
1993-012T17:27:32.100	16.603	11.150	
1993-012T17:12:12.700	16.603	11.150	
1993-012T17:59:20.600	9.0580	11.150	
1993-012T20:42:20.200	6.0260	11.130	
1993-033T20:50:57.300	14.763	11.130	
1993-012T18:21:07.300	9.4500	11.130	
1993-012T18:05:47.800	9.4500	11.130	
1993-033T20:48:35.100	9.5520	11.130	
1993-033T20:19:29.000	8.6730	11.120	
1993-012T17:15:44.300	17.900	11.120	
1993-012T20:54:20.100	17.900	11.120	
1993-033T20:34:00.500	8.6730	11.120	
1993-012T17:05:42.600	7.2190	11.120	
1993-012T17:36:00.300	13.571	11.110	
1993-012T17:07:46.500	13.571	11.110	
1993-012T20:27:21.800	6.1090	11.110	
1993-012T16:54:03.800	8.0250	11.080	
1993-012T20:24:59.600	8.0250	11.080	
1993-012T21:06:08.000	8.0250	11.080	
1993-012T21:05:40.700	15.935	11.070	
1993-012T17:16:11.600	15.935	11.070	
1993-033T20:43:41.500	15.935	11.070	
1993-012T18:11:26.600	5.4870	11.070	
1993-012T20:58:00.900	15.935	11.070	
1993-033T20:59:49.900	16.624	11.070	
1993-012T20:16:28.400	15.935	11.070	
1993-033T21:12:44.600	15.935	11.070	
1993-012T17:21:02.000	15.935	11.070	
1993-012T20:45:06.500	15.935	11.070	
1993-012T20:22:55.600	16.624	11.070	
1993-012T17:34:44.700	16.624	11.070	
1993-012T17:27:29.100	16.624	11.070	
1993-012T20:40:16.100	15.935	11.070	
1993-012T20:28:34.400	15.935	11.070	
1993-012T20:50:21.100	15.935	11.070	
1993-012T16:53:12.500	16.624	11.070	
1993-012T20:42:17.100	16.624	11.070	
1993-012T20:17:16.800	16.624	11.070	
1993-012T16:54:49.300	15.935	11.070	
1993-012T17:29:09.000	15.380	11.060	
1993-012T17:44:52.600	15.380	11.060	
1993-012T20:21:46.000	15.380	11.060	
1993-012T17:24:18.600	15.380	11.060	
1993-033T20:20:14.300	9.3990	11.060	
1993-012T17:20:16.600	15.380	11.060	
1993-012T20:17:44.000	15.380	11.060	
1993-012T17:45:13.800	6.0030	11.060	
1993-033T21:18:02.400	15.380	11.060	
1993-012T17:14:37.900	15.380	11.060	
1993-012T20:12:50.600	18.229	11.060	
1993-012T21:14:12.000	15.380	11.060	
1993-012T17:35:11.900	15.380	11.060	
1993-012T17:26:19.600	17.872	11.050	
1993-012T20:20:33.500	17.872	11.050	
1993-012T19:56:18.500	9.1880	11.030	
1993-012T20:03:58.300	9.1880	11.030	
1993-012T17:31:55.300	15.260	11.030	
1993-012T17:57:43.800	15.260	11.030	
1993-012T20:06:47.600	8.8000	11.030	
1993-012T20:55:11.500	15.260	11.030	
1993-012T20:51:09.500	15.260	11.030	
1993-012T17:54:27.200	11.927	11.030	
1993-012T18:20:19.000	13.636	11.010	
1993-012T21:01:38.800	13.636	11.010	
1993-012T20:28:34.400	13.636	11.010	
1993-012T16:56:50.300	17.328	11.010	
1993-012T20:18:05.200	13.167	11.000	
1993-033T20:48:07.800	13.167	11.000	
1993-012T17:09:23.300	16.465	10.990	
1993-012T17:00:31.000	16.465	10.990	
1993-012T17:35:08.900	14.114	10.990	
1993-012T21:10:58.300	16.465	10.990	
1993-012T17:14:37.900	16.465	10.990	
1993-033T20:51:21.500	7.8090	10.990	
1993-033T21:02:42.400	16.465	10.990	
1993-033T21:01:51.000	14.114	10.990	
1993-012T17:16:11.600	14.114	10.990	
1993-012T17:21:50.400	5.8980	10.990	
1993-033T20:40:03.600	5.8980	10.990	
1993-012T17:43:09.700	9.2340	10.990	
1993-012T20:25:20.800	14.114	10.990	
1993-012T20:54:47.300	14.114	10.990	
1993-012T17:25:28.200	5.8980	10.990	
1993-012T17:11:24.300	7.7360	10.980	
1993-012T20:25:48.000	14.333	10.980	
1993-033T20:29:37.200	7.7360	10.980	
1993-012T20:49:35.800	14.333	10.980	
1993-033T20:57:51.900	14.333	10.980	
1993-012T20:25:17.800	8.4340	10.980	
1993-033T20:20:17.400	8.4210	10.970	
1993-033T20:35:10.100	6.2510	10.970	
1993-033T20:41:40.500	8.4210	10.970	
1993-033T20:25:29.100	19.999	10.960	
1993-012T20:33:52.000	8.2210	10.960	
1993-012T17:52:26.300	19.999	10.960	
1993-012T17:08:56.100	6.2160	10.950	
1993-012T20:22:31.400	6.2160	10.950	
1993-012T17:02:56.200	6.7200	10.950	
1993-033T20:26:44.700	20.099	10.950	
1993-012T20:31:51.000	12.709	10.950	
1993-012T17:09:23.300	7.0810	10.940	
1993-012T17:41:11.800	14.599	10.940	
1993-033T20:31:11.000	7.9290	10.940	
1993-012T20:02:24.500	9.4460	10.940	
1993-012T20:24:08.200	14.599	10.940	
1993-033T20:46:55.200	14.599	10.940	
1993-033T20:29:10.000	7.9290	10.940	
1993-012T20:43:29.800	14.599	10.940	
1993-012T17:25:49.300	15.917	10.930	
1993-012T20:45:03.500	15.917	10.930	
1993-012T19:40:31.800	9.0710	10.930	
1993-012T17:18:09.500	13.850	10.920	
1993-012T19:51:52.300	8.9280	10.920	
1993-012T20:28:55.600	13.850	10.920	
1993-033T20:15:05.800	7.2650	10.910	
1993-012T17:19:04.000	15.247	10.900	
1993-012T20:31:23.800	6.1090	10.900	
1993-012T17:34:17.400	9.5640	10.900	
1993-033T20:52:06.900	9.5640	10.900	
1993-033T20:25:53.300	14.455	10.900	
1993-012T21:10:10.000	15.247	10.900	
1993-012T17:19:28.300	17.729	10.900	
1993-012T20:44:21.100	15.247	10.900	
1993-012T17:34:47.700	15.247	10.900	
1993-033T20:38:29.800	15.247	10.900	
1993-012T19:54:41.600	8.5470	10.890	
1993-033T20:19:29.000	8.5470	10.890	
1993-012T20:53:10.500	15.764	10.890	
1993-012T17:32:16.400	13.258	10.890	
1993-012T17:58:56.400	15.764	10.890	
1993-012T17:20:10.500	15.492	10.890	
1993-012T18:09:49.800	8.5470	10.890	
1993-033T20:42:04.700	8.5470	10.890	
1993-012T20:19:39.000	6.3870	10.890	
1993-012T20:48:20.100	15.764	10.890	
1993-012T17:24:18.600	11.412	10.890	
1993-033T20:43:44.600	10.200	10.890	
1993-012T16:53:36.600	16.450	10.880	
1993-012T20:40:16.100	16.450	10.880	
1993-012T20:32:12.200	16.450	10.880	
1993-033T20:42:56.100	7.9280	10.880	
1993-033T20:40:06.600	7.9280	10.880	
1993-012T21:12:07.800	16.450	10.880	
1993-012T19:52:19.500	7.9280	10.880	
1993-012T17:12:58.100	16.450	10.880	
1993-012T17:11:45.500	16.450	10.880	
1993-012T17:42:24.300	16.450	10.880	
1993-012T20:23:47.000	7.9280	10.880	
1993-012T16:56:01.800	16.450	10.880	
1993-012T20:20:27.400	19.287	10.880	
1993-012T17:28:17.600	16.450	10.880	
1993-012T20:11:13.800	16.450	10.880	
1993-033T21:22:04.500	11.993	10.870	
1993-033T20:40:24.800	8.9100	10.850	
1993-012T18:06:33.100	10.415	10.850	
1993-012T20:46:16.100	6.8010	10.850	
1993-012T18:04:08.000	8.9100	10.850	
1993-012T18:15:01.300	9.3990	10.850	
1993-033T20:32:26.700	7.4520	10.850	
1993-033T20:24:16.500	18.128	10.850	
1993-012T18:13:24.500	6.8010	10.850	
1993-012T20:00:20.500	15.093	10.840	
1993-012T17:40:23.500	15.093	10.840	
1993-012T17:12:09.700	15.093	10.840	
1993-012T20:51:57.900	15.093	10.840	
1993-012T16:48:19.000	11.378	10.840	
1993-033T20:33:09.100	7.3750	10.840	
1993-012T17:23:30.200	16.327	10.830	
1993-033T21:09:58.100	16.327	10.830	
1993-033T21:24:29.800	16.327	10.830	
1993-033T20:23:34.100	16.327	10.830	
1993-033T20:16:42.500	16.327	10.830	
1993-033T21:01:05.500	16.327	10.830	
1993-012T17:02:56.200	14.204	10.820	
1993-012T17:07:22.300	14.204	10.820	
1993-012T17:23:30.200	14.204	10.820	
1993-012T20:39:06.600	14.204	10.820	
1993-033T21:17:59.300	13.479	10.820	
1993-012T17:43:37.000	13.479	10.820	
1993-012T20:41:50.000	11.560	10.820	
1993-012T17:57:19.600	8.1730	10.810	
1993-012T17:50:28.300	8.1730	10.810	
1993-012T20:33:52.000	5.7760	10.800	
1993-033T20:39:18.300	8.4190	10.800	
1993-012T18:04:35.200	8.6730	10.790	
1993-012T17:57:40.800	11.743	10.790	
1993-012T19:58:16.500	9.2340	10.790	
1993-012T20:00:17.500	9.2340	10.790	
1993-012T17:44:04.100	7.6400	10.780	
1993-033T20:34:03.500	7.6400	10.780	
1993-012T18:10:35.100	8.7500	10.780	
1993-033T20:41:16.300	5.5880	10.780	
1993-012T17:13:25.300	12.589	10.780	
1993-033T20:35:58.500	8.7500	10.780	
1993-012T20:34:16.200	13.322	10.770	
1993-012T16:48:25.100	13.322	10.770	
1993-012T20:27:00.600	8.1230	10.760	
1993-033T21:04:13.100	11.927	10.750	
1993-033T20:25:56.300	14.436	10.750	
1993-012T20:36:14.200	14.436	10.750	
1993-012T18:14:43.200	6.6310	10.740	
1993-012T20:40:19.200	15.115	10.740	
1993-012T17:25:55.400	15.115	10.740	
1993-012T17:17:51.500	15.115	10.740	
1993-033T20:14:11.200	16.565	10.740	
1993-012T17:06:52.000	16.132	10.740	
1993-012T16:55:16.500	15.115	10.740	
1993-033T20:31:11.000	8.2970	10.740	
1993-033T20:25:07.900	8.2970	10.740	
1993-012T17:11:24.300	15.115	10.740	
1993-033T20:33:12.100	8.2970	10.740	
1993-012T17:29:27.000	15.704	10.710	
1993-012T17:15:02.100	7.1730	10.700	
1993-012T18:00:57.400	16.277	10.700	
1993-033T21:00:38.300	16.277	10.700	
1993-012T21:21:24.500	5.4870	10.700	
1993-012T20:43:05.600	15.595	10.700	
1993-012T17:44:46.500	12.113	10.700	
1993-012T20:46:19.100	16.277	10.700	
1993-012T20:46:43.300	16.277	10.700	
1993-012T20:11:38.000	15.595	10.700	
1993-012T19:59:32.100	15.595	10.700	
1993-012T20:05:59.300	15.595	10.700	
1993-012T16:58:02.800	16.277	10.700	
1993-033T20:44:51.100	29.561	10.700	
1993-012T17:25:31.200	7.1730	10.700	
1993-012T20:26:33.400	15.595	10.700	
1993-012T17:12:33.900	15.595	10.700	
1993-012T20:05:07.800	9.5640	10.690	
1993-033T20:40:49.000	9.5640	10.690	
1993-033T20:33:12.100	8.8000	10.690	
1993-033T20:28:21.600	8.8000	10.690	
1993-033T20:17:03.700	8.8000	10.690	
1993-012T16:59:36.500	9.5640	10.690	
1993-033T20:43:20.300	7.8320	10.680	
1993-012T17:01:43.600	16.190	10.680	
1993-012T20:22:10.200	7.8320	10.680	
1993-012T17:39:13.800	16.190	10.680	
1993-012T17:21:29.200	16.190	10.680	
1993-012T17:08:10.800	16.190	10.680	
1993-033T20:13:28.900	16.190	10.680	
1993-012T20:47:10.600	16.190	10.680	
1993-012T21:01:38.800	12.104	10.680	
1993-033T20:09:26.800	16.190	10.680	
1993-012T17:53:20.700	16.190	10.680	
1993-012T21:21:03.300	16.190	10.680	
1993-012T18:34:29.000	14.077	10.660	
1993-012T17:48:27.300	8.4210	10.660	
1993-033T21:31:18.300	14.928	10.650	
1993-012T20:22:31.400	16.974	10.650	
1993-012T17:24:42.800	7.3580	10.650	
1993-012T19:56:18.500	14.928	10.650	
1993-012T20:14:00.200	12.300	10.640	
1993-012T21:11:19.500	13.322	10.630	
1993-012T17:35:05.800	6.3870	10.630	
1993-012T17:28:44.800	12.468	10.620	
1993-012T21:21:48.600	13.794	10.610	
1993-012T20:36:38.400	13.794	10.610	
1993-033T20:19:32.000	8.3200	10.610	
1993-012T20:15:18.800	8.3200	10.610	
1993-012T16:51:59.900	6.5420	10.600	
1993-033T21:30:08.600	17.444	10.600	
1993-033T21:29:20.300	14.983	10.590	
1993-012T20:31:26.800	14.983	10.590	
1993-012T18:16:14.000	8.7500	10.590	
1993-033T20:25:29.100	8.7500	10.590	
1993-012T21:10:58.300	14.983	10.590	
1993-012T18:16:14.000	10.071	10.580	
1993-012T19:52:40.700	8.9280	10.580	
1993-012T19:58:43.600	8.9280	10.580	
1993-012T17:54:06.100	8.0510	10.580	
1993-012T16:53:39.600	7.5460	10.580	
1993-033T20:41:40.500	8.5470	10.570	
1993-012T18:01:21.600	8.5470	10.570	
1993-012T20:25:45.000	8.5470	10.570	
1993-012T20:14:03.200	8.5470	10.570	
1993-012T20:30:38.400	5.4500	10.570	
1993-033T20:25:59.300	8.0250	10.560	
1993-012T20:08:00.300	14.275	10.560	
1993-033T21:20:51.900	11.184	10.540	
1993-012T20:03:34.100	16.106	10.530	
1993-012T17:14:34.900	16.106	10.530	
1993-012T16:49:34.700	16.106	10.530	
1993-012T17:08:07.800	16.106	10.530	
1993-012T20:21:43.000	16.106	10.530	
1993-012T17:07:43.500	16.106	10.530	
1993-012T16:57:38.600	16.106	10.530	
1993-012T17:30:18.500	16.106	10.530	
1993-012T20:39:03.600	16.106	10.530	
1993-012T17:29:57.300	16.054	10.530	
1993-033T20:34:03.500	6.7200	10.530	
1993-012T20:16:28.400	16.106	10.530	
1993-033T20:35:58.500	9.0710	10.530	
1993-012T17:27:32.100	16.054	10.530	
1993-012T16:50:23.100	16.106	10.530	
1993-012T17:06:09.800	16.054	10.530	
1993-012T20:36:41.400	16.054	10.530	
1993-012T16:55:34.500	24.282	10.520	
1993-012T17:36:45.700	15.427	10.520	
1993-012T20:49:57.000	15.427	10.520	
1993-012T20:33:49.000	15.427	10.520	
1993-012T17:42:00.100	15.427	10.520	
1993-012T17:14:07.600	15.917	10.520	
1993-012T21:04:03.900	15.427	10.520	
1993-012T18:10:14.000	15.427	10.520	
1993-012T17:29:02.800	12.679	10.510	
1993-012T20:00:44.600	8.1730	10.510	
1993-012T18:08:34.100	8.5910	10.510	
1993-033T20:59:25.700	6.2160	10.510	
1993-012T17:50:04.100	8.1730	10.510	
1993-012T18:03:43.800	8.5910	10.510	
1993-012T20:07:11.800	7.5700	10.510	
1993-012T20:14:00.200	7.9710	10.500	
1993-033T21:16:01.300	13.950	10.500	
1993-012T17:02:01.700	15.492	10.500	
1993-012T17:37:37.100	13.950	10.500	
1993-012T17:04:54.100	16.799	10.480	
1993-012T20:45:30.800	16.799	10.480	
1993-012T20:23:44.000	16.799	10.480	
1993-012T20:51:33.700	16.799	10.480	
1993-012T20:36:38.400	16.799	10.480	
1993-012T20:14:06.300	7.7360	10.480	
1993-012T21:20:36.100	16.799	10.480	
1993-012T20:29:47.000	16.799	10.480	
1993-012T20:53:34.700	14.763	10.470	
1993-033T20:29:34.200	7.6890	10.470	
1993-012T17:32:43.700	14.763	10.470	
1993-012T20:33:24.800	14.763	10.470	
1993-012T18:07:45.800	8.9100	10.460	
1993-012T21:00:01.900	5.6910	10.460	
1993-033T20:17:31.000	8.5190	10.440	
1993-012T20:33:03.600	8.5190	10.440	
1993-033T20:19:26.000	12.871	10.430	
1993-033T20:33:12.100	8.2970	10.430	
1993-033T20:34:00.500	8.2970	10.430	
1993-033T20:48:32.000	8.2970	10.430	
1993-033T20:25:53.300	12.871	10.430	
1993-033T20:22:42.600	8.2970	10.430	
1993-012T21:23:28.500	14.852	10.430	
1993-012T16:51:11.500	13.636	10.420	
1993-012T16:53:15.500	8.2210	10.420	
1993-012T20:36:17.200	8.2210	10.420	
1993-012T17:48:48.500	21.464	10.420	
1993-012T17:11:18.200	12.113	10.410	
1993-012T18:16:38.100	5.8540	10.410	
1993-012T17:22:41.800	6.0260	10.400	
1993-012T18:10:59.300	8.7500	10.400	
1993-012T20:33:52.000	15.918	10.380	
1993-012T17:17:27.300	15.918	10.380	
1993-012T17:29:06.000	6.9890	10.380	
1993-012T17:32:46.700	15.918	10.380	
1993-012T20:44:45.400	15.918	10.380	
1993-033T20:53:25.600	7.9280	10.370	
1993-012T20:14:54.600	7.9280	10.370	
1993-012T20:03:12.900	7.9280	10.370	
1993-012T20:30:32.300	13.652	10.360	
1993-012T19:59:32.100	7.9290	10.350	
1993-012T17:37:34.100	15.935	10.350	
1993-012T20:24:08.200	15.935	10.350	
1993-012T17:10:08.700	15.935	10.350	
1993-012T17:12:33.900	15.935	10.350	
1993-012T20:18:53.600	15.935	10.350	
1993-012T18:10:14.000	8.4210	10.340	
1993-012T20:34:16.200	13.823	10.340	
1993-033T20:10:12.200	15.260	10.340	
1993-012T21:12:32.100	15.260	10.340	
1993-012T19:56:18.500	15.260	10.340	
1993-033T21:02:36.300	16.132	10.330	
1993-012T20:52:19.100	14.252	10.330	
1993-012T20:00:17.500	9.0710	10.330	
1993-033T20:19:07.800	6.8090	10.320	
1993-012T16:52:48.300	16.624	10.300	
1993-012T16:57:14.500	16.624	10.300	
1993-012T16:56:26.000	6.2160	10.300	
1993-012T17:25:04.000	16.624	10.300	
1993-033T21:18:23.500	19.340	10.290	
1993-012T17:41:11.800	14.599	10.290	
1993-012T17:00:55.200	7.6400	10.290	
1993-012T20:14:51.600	19.340	10.290	
1993-012T20:32:12.200	14.599	10.290	
1993-012T16:55:10.300	17.004	10.290	
1993-012T20:26:57.600	14.599	10.290	
1993-012T17:36:45.700	6.1090	10.270	
1993-012T20:20:33.500	7.1730	10.250	
1993-012T19:55:51.300	20.482	10.250	
1993-012T20:33:49.000	5.3870	10.250	
1993-033T20:36:04.600	8.7210	10.240	
1993-012T20:19:17.800	8.9280	10.240	
1993-012T20:28:13.200	5.6930	10.240	
1993-012T20:06:50.600	8.7210	10.240	
1993-012T20:37:02.600	13.479	10.240	
1993-033T20:26:41.700	6.3870	10.240	
1993-033T20:47:46.600	5.6930	10.240	
1993-012T20:18:26.400	6.3870	10.240	
1993-012T20:30:08.100	11.743	10.240	
1993-012T16:51:35.700	13.479	10.240	
1993-012T20:18:08.300	15.783	10.230	
1993-033T20:17:00.700	7.3750	10.220	
1993-012T18:11:47.800	8.7500	10.210	
1993-012T20:47:07.500	13.954	10.190	
1993-012T17:26:43.800	5.9420	10.190	
1993-012T21:16:58.300	13.954	10.190	
1993-012T17:56:55.500	9.3180	10.190	
1993-033T20:44:54.100	13.954	10.190	
1993-033T21:26:30.800	13.697	10.190	
1993-012T20:20:33.500	13.697	10.190	
1993-012T21:02:27.100	13.954	10.190	
1993-012T17:12:33.900	13.954	10.190	
1993-012T17:26:40.800	15.764	10.180	
1993-012T20:18:53.600	15.764	10.180	
1993-033T20:19:04.800	15.764	10.180	
1993-012T17:40:23.500	15.764	10.180	
1993-012T16:54:49.300	15.764	10.180	
1993-012T20:51:09.500	15.764	10.180	
1993-012T20:49:57.000	15.093	10.170	
1993-012T20:41:04.600	15.093	10.170	
1993-012T17:46:26.300	15.093	10.170	
1993-012T17:56:04.000	6.9430	10.140	
1993-012T20:36:14.200	8.6730	10.140	
1993-012T17:44:22.300	12.113	10.130	
1993-012T18:10:11.000	9.0710	10.130	
1993-012T17:44:01.100	16.450	10.130	
1993-012T20:47:56.000	16.450	10.130	
1993-012T17:20:13.600	16.450	10.130	
1993-012T20:08:24.500	16.450	10.130	
1993-033T21:01:26.700	6.4320	10.130	
1993-012T17:20:58.900	10.943	10.130	
1993-033T20:52:10.000	16.450	10.130	
1993-012T17:02:50.100	15.917	10.120	
1993-012T18:17:29.600	8.2970	10.120	
1993-012T17:48:24.300	16.348	10.120	
1993-033T20:32:23.600	8.2970	10.120	
1993-012T20:18:02.200	15.917	10.120	
1993-033T20:44:54.100	14.436	10.110	
1993-012T17:21:50.400	11.662	10.100	
1993-012T20:35:53.000	15.648	10.090	
1993-012T20:05:13.900	6.8990	10.090	
1993-012T20:45:58.000	15.648	10.090	
1993-012T20:20:57.600	15.648	10.090	
1993-012T17:02:56.200	15.648	10.090	
1993-012T19:54:38.600	8.9100	10.080	
1993-033T20:40:00.600	8.9100	10.080	
1993-033T20:43:17.300	7.9290	10.060	
1993-033T20:41:13.300	20.240	10.060	
1993-012T17:31:55.300	7.9290	10.060	
1993-012T17:05:21.300	8.3200	10.060	
1993-033T20:37:38.400	7.3350	10.050	
1993-012T17:02:53.200	12.403	10.040	
1993-012T20:28:37.400	8.0250	10.040	
1993-012T17:34:20.500	12.403	10.040	
1993-012T17:25:04.000	18.047	10.040	
1993-033T20:17:55.100	13.571	10.040	
1993-012T21:02:30.200	5.6120	10.030	
1993-033T20:27:05.900	8.7500	10.020	
1993-033T20:26:17.500	8.7500	10.020	
1993-012T17:45:37.900	15.595	10.010	
1993-033T20:38:26.800	15.595	10.010	
1993-033T20:13:25.900	15.595	10.010	
1993-012T17:00:31.000	7.7360	9.9900	
1993-012T17:41:39.000	7.2650	9.9900	
1993-012T17:30:45.800	7.2650	9.9900	
1993-012T17:50:25.300	12.489	9.9900	
1993-012T20:29:01.600	14.462	9.9900	
1993-012T17:43:33.900	17.674	9.9900	
1993-033T21:01:02.500	20.099	9.9800	
1993-033T21:28:28.800	16.277	9.9700	
1993-033T21:22:01.400	16.277	9.9700	
1993-033T21:00:38.300	16.277	9.9700	
1993-012T20:33:24.800	16.277	9.9700	
1993-012T17:22:38.800	16.277	9.9700	
1993-012T20:08:24.500	7.5700	9.9600	
1993-012T20:55:08.500	11.743	9.9600	
1993-012T17:58:05.000	8.5910	9.9600	
1993-012T17:43:40.000	15.514	9.9500	
1993-012T17:31:10.000	15.514	9.9500	
1993-012T17:04:57.100	15.514	9.9500	
1993-012T20:09:12.800	8.5470	9.9300	
1993-012T17:55:39.800	16.132	9.9200	
1993-012T19:37:42.300	8.1240	9.9100	
1993-033T20:23:06.800	8.1730	9.9100	
1993-012T17:11:00.100	7.4520	9.9100	
1993-012T18:01:21.600	10.679	9.9000	
1993-012T17:15:20.100	16.565	9.9000	
1993-033T21:22:04.500	6.8090	9.9000	
1993-033T20:35:58.500	8.4340	9.8900	
1993-033T20:43:14.300	8.9100	9.8900	
1993-012T20:01:54.200	8.4340	9.8900	
1993-012T21:06:32.200	13.447	9.8900	
1993-033T21:20:27.600	13.447	9.8900	
1993-012T20:05:32.000	8.9100	9.8900	
1993-012T20:27:18.800	14.866	9.8800	
1993-012T20:10:01.300	6.9890	9.8800	
1993-012T20:26:57.600	13.167	9.8800	
1993-012T19:55:57.300	8.2210	9.8800	
1993-033T21:33:19.300	16.974	9.8700	
1993-033T20:45:45.600	6.9900	9.8600	
1993-012T17:22:41.800	6.9900	9.8600	
1993-012T17:19:22.100	17.004	9.8600	
1993-012T17:24:15.600	6.1090	9.8500	
1993-012T20:01:05.800	9.5640	9.8500	
1993-012T16:51:11.500	15.427	9.8400	
1993-033T21:03:06.600	14.333	9.8400	
1993-012T20:38:15.100	15.427	9.8400	
1993-012T20:22:07.200	15.427	9.8400	
1993-012T19:50:39.700	15.427	9.8400	
1993-012T17:41:36.000	14.763	9.8300	
1993-012T19:56:42.600	8.2970	9.8200	
1993-012T20:05:35.100	8.2970	9.8200	
1993-012T18:05:44.800	8.2780	9.8200	
1993-012T20:01:11.900	12.589	9.8200	
1993-012T20:20:09.300	7.1730	9.8000	
1993-012T17:06:31.000	16.106	9.8000	
1993-012T20:27:46.000	16.106	9.8000	
1993-012T17:43:09.700	17.449	9.8000	
1993-012T21:02:30.200	15.380	9.8000	
1993-033T20:27:36.200	7.1730	9.8000	
1993-012T20:37:51.000	16.106	9.8000	
1993-033T20:42:31.900	7.1730	9.8000	
1993-012T20:26:09.300	16.106	9.8000	
1993-012T17:05:42.600	16.106	9.8000	
1993-012T20:49:08.500	16.106	9.8000	
1993-012T17:40:50.600	7.6400	9.8000	
1993-012T17:11:45.500	16.106	9.8000	
1993-012T17:25:00.900	11.378	9.7900	
1993-012T20:14:27.500	7.3350	9.7900	
1993-012T17:58:56.400	7.9290	9.7800	
1993-033T20:16:39.500	7.9290	9.7800	
1993-033T20:41:13.300	14.050	9.7800	
1993-012T19:53:26.000	8.5910	9.7700	
1993-033T20:56:15.000	16.603	9.7500	
1993-012T16:59:18.400	16.603	9.7500	
1993-033T20:27:57.400	7.4520	9.7400	
1993-012T16:50:26.100	13.322	9.7400	
1993-012T16:50:44.200	15.917	9.7300	
1993-012T17:00:49.100	15.917	9.7300	
1993-012T17:27:32.100	6.3680	9.7300	
1993-012T16:56:47.100	15.492	9.7300	
1993-012T20:18:29.500	8.4210	9.7200	
1993-012T20:37:51.000	16.799	9.7100	
1993-033T20:26:41.700	8.4340	9.7100	
1993-012T20:25:45.000	16.799	9.7100	
1993-012T20:23:22.800	6.7200	9.7100	
1993-012T17:06:31.000	16.799	9.7100	
1993-012T16:50:23.100	16.799	9.7100	
1993-012T20:03:55.200	8.4340	9.7100	
1993-033T20:53:01.400	8.4190	9.7000	
1993-033T20:24:43.700	8.0510	9.7000	
1993-033T20:57:24.600	13.012	9.7000	
1993-012T20:01:57.300	8.0510	9.7000	
1993-012T17:31:10.000	14.204	9.7000	
1993-033T20:25:05.000	8.9100	9.7000	
1993-033T20:10:39.500	8.1230	9.7000	
1993-033T20:20:17.400	12.554	9.7000	
1993-012T18:13:51.800	8.0510	9.7000	
1993-033T21:01:02.500	6.4320	9.6800	
1993-033T20:23:09.900	7.8320	9.6800	
1993-012T20:38:42.400	7.8320	9.6800	
1993-033T20:39:15.200	15.260	9.6700	
1993-012T20:28:34.400	15.260	9.6700	
1993-012T17:52:53.500	15.260	9.6700	
1993-012T16:57:38.600	15.260	9.6700	
1993-012T17:13:46.500	15.260	9.6700	
1993-012T17:19:04.000	15.247	9.6600	
1993-012T20:18:32.500	15.247	9.6600	
1993-012T17:39:32.000	8.7500	9.6500	
1993-033T20:26:17.500	8.2780	9.6400	
1993-012T20:14:48.600	8.2780	9.6400	
1993-012T20:16:25.400	10.943	9.6400	
1993-033T20:55:50.800	5.8590	9.6400	
1993-012T21:00:50.300	15.935	9.6400	
1993-012T19:46:58.900	8.2780	9.6400	
1993-012T17:07:43.500	15.935	9.6400	
1993-033T20:24:43.700	7.6890	9.6300	
1993-012T17:36:45.700	7.6890	9.6300	
1993-012T17:43:33.900	11.927	9.6300	
1993-033T20:20:41.600	7.6890	9.6300	
1993-033T20:32:02.500	7.5460	9.6200	
1993-012T17:35:36.100	7.5460	9.6200	
1993-012T20:27:24.800	16.465	9.6200	
1993-012T20:13:42.100	7.5460	9.6200	
1993-033T20:45:18.300	8.1730	9.6100	
1993-033T20:45:45.600	7.0810	9.6100	
1993-012T20:24:53.600	12.679	9.6100	
1993-012T20:23:22.800	7.0810	9.6100	
1993-033T20:51:00.300	9.0280	9.6000	
1993-012T19:40:31.800	8.5910	9.5900	
1993-012T20:03:09.800	7.8090	9.5700	
1993-012T19:59:29.000	8.1240	9.5700	
1993-033T20:36:25.800	7.2190	9.5700	
1993-012T17:58:32.200	7.8090	9.5700	
1993-012T20:28:10.200	7.8090	9.5700	
1993-033T20:23:06.800	7.8090	9.5700	
1993-012T17:31:07.000	16.624	9.5500	
1993-012T17:22:38.800	16.624	9.5500	
1993-012T20:34:34.300	15.704	9.5400	
1993-012T18:11:53.800	7.2650	9.5400	
1993-033T20:37:14.200	9.8510	9.5400	
1993-012T20:20:51.600	15.704	9.5400	
1993-012T17:24:18.600	7.2650	9.5400	
1993-012T20:36:17.200	15.115	9.5300	
1993-033T20:41:37.500	8.4340	9.5300	
1993-033T20:31:59.500	7.3350	9.5300	
1993-033T20:25:59.300	8.3200	9.5300	
1993-033T20:36:01.600	8.2970	9.5200	
1993-033T21:04:16.200	19.528	9.5200	
1993-033T20:16:15.300	18.412	9.5100	
1993-012T17:08:56.100	18.412	9.5100	
1993-033T20:46:55.200	15.093	9.5100	
1993-033T20:41:40.500	15.093	9.5100	
1993-012T20:37:29.800	7.7360	9.5000	
1993-012T20:31:02.600	7.7360	9.5000	
1993-012T21:18:35.000	14.436	9.4900	
1993-012T20:28:31.400	12.300	9.4900	
1993-012T21:04:52.300	15.764	9.4800	
1993-012T17:18:12.600	15.764	9.4800	
1993-012T20:51:09.500	15.764	9.4800	
1993-012T17:30:15.500	11.560	9.4800	
1993-012T20:19:17.800	15.764	9.4800	
1993-012T20:37:26.800	15.764	9.4800	
1993-033T21:13:36.000	16.327	9.4800	
1993-012T17:29:54.300	15.764	9.4800	
1993-033T21:01:02.500	15.764	9.4800	
1993-033T20:18:43.600	16.327	9.4800	
1993-012T20:20:54.600	15.764	9.4800	
1993-012T20:02:42.600	8.2780	9.4700	
1993-033T20:38:51.000	5.5880	9.4600	
1993-012T17:17:51.500	13.075	9.4500	
1993-012T20:27:00.600	7.4520	9.4400	
1993-012T20:49:08.500	6.7640	9.4400	
1993-033T20:30:49.800	6.9900	9.4300	
1993-012T17:44:01.100	13.794	9.4300	
1993-012T17:49:39.900	13.794	9.4300	
1993-012T17:58:08.000	7.5700	9.4200	
1993-012T19:55:54.300	8.4210	9.4200	
1993-012T18:04:11.000	7.5700	9.4200	
1993-012T17:15:47.500	17.328	9.4100	
1993-012T21:09:18.500	17.328	9.4100	
1993-012T20:45:09.600	13.950	9.4100	
1993-012T17:08:35.000	10.957	9.4100	
1993-012T20:36:17.200	10.957	9.4100	
1993-012T17:10:32.900	16.450	9.4000	
1993-012T17:53:41.800	16.450	9.4000	
1993-012T21:16:34.100	16.450	9.4000	
1993-012T17:39:10.800	16.450	9.4000	
1993-012T17:55:18.600	16.450	9.4000	
1993-012T17:30:45.800	14.983	9.3900	
1993-033T20:40:55.100	8.2210	9.3600	
1993-033T20:56:12.000	18.229	9.3600	
1993-012T16:54:28.100	11.527	9.3600	
1993-012T20:08:45.600	8.4340	9.3600	
1993-012T16:53:39.600	8.2210	9.3600	
1993-012T17:51:43.900	8.2210	9.3600	
1993-012T20:15:43.100	7.9280	9.3600	
1993-012T20:32:39.500	9.6590	9.3500	
1993-033T20:13:28.900	9.6590	9.3500	
1993-012T17:10:57.100	14.928	9.3500	
1993-012T17:04:51.100	15.492	9.3500	
1993-012T20:22:34.500	16.190	9.3500	
1993-012T20:51:09.500	14.928	9.3500	
1993-033T20:48:10.800	16.190	9.3500	
1993-012T18:19:03.300	7.9710	9.3300	
1993-033T20:13:22.900	7.9710	9.3300	
1993-012T17:30:39.600	15.917	9.3300	
1993-012T20:27:21.800	14.275	9.3300	
1993-033T20:25:53.300	7.9710	9.3300	
1993-012T17:07:19.300	14.275	9.3300	
1993-012T17:28:20.600	6.0260	9.3300	
1993-033T21:30:29.800	15.595	9.3200	
1993-012T18:04:11.000	7.2190	9.3200	
1993-012T19:56:42.600	7.2190	9.3200	
1993-012T21:22:37.000	15.595	9.3200	
1993-033T20:31:08.000	8.2780	9.3000	
1993-033T20:14:41.500	6.7200	9.3000	
1993-033T20:35:13.100	8.5470	9.3000	
1993-033T20:24:19.500	8.5470	9.3000	
1993-012T19:57:03.800	8.2780	9.3000	
1993-033T20:28:42.800	8.2780	9.3000	
1993-012T20:00:20.500	7.8090	9.2900	
1993-033T20:39:15.200	7.8090	9.2900	
1993-012T17:17:48.500	13.636	9.2700	
1993-033T20:32:23.600	7.3350	9.2700	
1993-033T20:44:08.800	14.852	9.2600	
1993-033T21:24:50.800	17.151	9.2600	
1993-033T20:25:29.100	16.784	9.2500	
1993-012T17:40:50.600	6.8990	9.2500	
1993-012T21:10:06.900	16.277	9.2400	
1993-012T17:37:58.300	16.277	9.2400	
1993-033T20:13:25.900	16.277	9.2400	
1993-033T20:57:00.500	16.277	9.2400	
1993-012T18:25:06.400	8.1240	9.2300	
1993-012T16:49:58.900	19.152	9.2300	
1993-033T20:32:50.900	16.054	9.2200	
1993-033T21:19:39.300	16.054	9.2200	
1993-012T20:03:34.100	7.9290	9.2100	
1993-012T18:02:34.200	7.9290	9.2100	
1993-012T17:20:58.900	10.590	9.2100	
1993-033T20:19:07.800	8.1230	9.1900	
1993-033T20:27:54.300	9.2340	9.1900	
1993-012T20:15:43.100	7.8320	9.1900	
1993-033T21:36:05.700	19.052	9.1900	
1993-012T20:17:16.800	14.763	9.1900	
1993-012T17:44:22.300	17.226	9.1800	
1993-012T17:45:59.100	17.226	9.1800	
1993-012T18:08:10.000	7.6700	9.1800	
1993-012T20:04:22.500	14.114	9.1700	
1993-033T20:11:00.600	15.427	9.1700	
1993-012T20:01:05.800	22.215	9.1700	
1993-012T20:42:41.300	15.427	9.1700	
1993-012T17:43:37.000	15.427	9.1700	
1993-033T20:30:43.800	7.9710	9.1700	
1993-012T20:27:46.000	15.427	9.1700	
1993-012T17:19:49.500	15.427	9.1700	
1993-012T18:07:48.800	7.5700	9.1600	
1993-012T17:58:32.200	7.5700	9.1600	
1993-012T20:04:22.500	5.7940	9.1600	
1993-012T17:23:06.000	6.1110	9.1600	
1993-012T20:08:48.600	11.662	9.1500	
1993-012T17:16:38.800	6.4550	9.1500	
1993-033T21:24:23.700	15.704	9.1500	
1993-012T20:32:15.200	13.697	9.1400	
1993-033T20:28:18.500	8.2780	9.1300	
1993-012T17:50:25.300	8.2780	9.1300	
1993-012T20:24:59.600	6.6310	9.1200	
1993-012T20:52:49.400	14.721	9.1200	
1993-012T20:24:11.200	14.721	9.1200	
1993-012T17:19:46.300	16.132	9.1200	
1993-012T20:46:43.300	8.0510	9.1200	
1993-033T20:25:53.300	5.4690	9.1200	
1993-012T17:08:53.000	16.132	9.1200	
1993-012T16:58:51.200	16.974	9.1100	
1993-012T17:26:13.500	13.064	9.1100	
1993-012T17:27:53.300	16.974	9.1100	
1993-012T17:58:08.000	7.6890	9.0900	
1993-012T17:30:18.500	16.106	9.0900	
1993-012T17:40:47.600	16.106	9.0900	
1993-033T20:44:30.000	16.106	9.0900	
1993-012T17:13:46.500	16.106	9.0900	
1993-012T16:51:14.500	15.918	9.0900	
1993-033T20:21:05.800	7.6890	9.0900	
1993-012T20:53:59.000	18.966	9.0900	
1993-012T19:58:46.700	6.8090	9.0800	
1993-033T21:07:02.600	16.565	9.0800	
1993-012T21:01:35.600	13.652	9.0600	
1993-012T20:12:23.400	8.5910	9.0500	
1993-012T17:48:51.500	14.599	9.0300	
1993-012T20:40:40.300	14.599	9.0300	
1993-012T20:38:42.400	8.0250	9.0200	
1993-012T17:54:30.300	7.3350	9.0200	
1993-012T17:55:18.600	8.1730	9.0200	
1993-012T20:43:02.500	18.819	9.0200	
1993-012T17:06:31.000	13.954	9.0100	
1993-012T20:53:34.700	15.260	9.0100	
1993-012T20:47:07.500	15.260	9.0100	
1993-033T20:35:16.100	9.8730	9.0100	
1993-033T20:29:13.000	5.4500	9.0000	
1993-033T20:46:52.100	20.240	9.0000	
1993-012T17:32:43.700	5.3870	9.0000	
1993-012T20:06:20.400	7.9710	9.0000	
1993-012T16:56:04.800	13.571	9.0000	
1993-012T18:03:19.600	9.2340	8.9900	
1993-012T20:09:09.800	15.073	8.9800	
1993-012T18:02:55.400	15.073	8.9800	
1993-033T20:25:32.100	9.9870	8.9700	
1993-033T20:21:08.800	15.783	8.9600	
1993-012T17:38:22.500	7.4520	8.9600	
1993-012T17:23:30.200	15.783	8.9600	
1993-012T19:51:25.000	8.2780	8.9500	
1993-012T16:57:35.500	15.917	8.9500	
1993-012T17:53:17.600	6.8760	8.9500	
1993-033T20:46:52.100	15.917	8.9500	
1993-012T20:59:34.600	15.917	8.9500	
1993-012T17:30:42.800	18.780	8.9500	
1993-012T20:17:16.800	6.8760	8.9500	
1993-012T17:41:11.800	15.935	8.9400	
1993-012T19:48:35.700	7.8200	8.9400	
1993-012T20:22:07.200	15.935	8.9400	
1993-012T20:24:56.600	15.935	8.9400	
1993-012T18:00:06.000	7.8200	8.9400	
1993-012T20:43:54.000	15.935	8.9400	
1993-012T20:18:05.200	15.935	8.9400	
1993-012T17:13:46.500	15.935	8.9400	
1993-012T20:37:26.800	15.935	8.9400	
1993-012T17:05:21.300	8.6200	8.9400	
1993-012T18:01:42.800	7.2290	8.9300	
1993-033T20:24:19.500	6.9890	8.9100	
1993-012T17:07:40.500	8.7500	8.9100	
1993-033T20:43:38.500	10.943	8.9100	
1993-033T20:23:03.800	8.1240	8.9000	
1993-033T20:19:01.700	16.348	8.9000	
1993-012T20:20:57.600	6.7200	8.9000	
1993-012T17:49:39.900	14.436	8.8800	
1993-012T17:49:39.900	7.1040	8.8700	
1993-033T20:29:34.200	7.1040	8.8700	
1993-012T17:09:20.300	15.093	8.8600	
1993-012T17:22:17.600	7.9280	8.8600	
1993-012T17:15:23.300	15.093	8.8600	
1993-012T17:46:23.300	21.713	8.8500	
1993-012T20:41:31.800	15.648	8.8400	
1993-012T20:10:52.600	15.648	8.8400	
1993-012T21:05:13.500	19.999	8.8400	
1993-012T17:57:40.800	7.9710	8.8400	
1993-033T20:10:39.500	15.648	8.8400	
1993-033T20:21:30.000	8.0510	8.8300	
1993-012T20:14:51.600	8.0510	8.8300	
1993-012T18:12:15.000	8.0510	8.8300	
1993-012T19:58:19.500	8.0510	8.8300	
1993-012T20:39:52.000	16.624	8.8200	
1993-012T17:45:16.800	7.3580	8.8200	
1993-012T16:56:50.300	16.624	8.8200	
1993-033T20:21:30.000	7.6890	8.8200	
1993-012T20:10:01.300	11.372	8.8200	
1993-012T20:03:34.100	7.6890	8.8200	
1993-012T20:40:40.300	16.624	8.8200	
1993-012T20:45:30.800	18.596	8.8100	
1993-012T20:25:45.000	15.764	8.8000	
1993-012T17:22:38.800	15.764	8.8000	
1993-033T20:33:15.100	10.200	8.8000	
1993-012T17:41:39.000	6.2820	8.8000	
1993-012T19:56:21.500	5.9420	8.8000	
1993-012T20:06:23.500	9.0580	8.7800	
1993-012T17:52:08.100	5.7760	8.7800	
1993-033T20:37:17.200	5.7760	8.7800	
1993-033T20:25:53.300	9.0710	8.7800	
1993-012T17:29:33.100	7.0810	8.7600	
1993-012T18:12:15.000	7.3350	8.7600	
1993-033T20:27:57.400	7.3350	8.7600	
1993-012T20:23:47.000	7.0810	8.7600	
1993-033T20:26:47.800	7.0810	8.7600	
1993-012T19:56:18.500	7.3350	8.7600	
1993-012T20:07:36.000	6.7640	8.7500	
1993-012T20:01:54.200	6.9430	8.7400	
1993-033T20:26:47.800	5.6120	8.7400	
1993-012T17:27:32.100	13.322	8.7400	
1993-012T20:29:47.000	8.8000	8.7400	
1993-033T20:46:31.000	7.8090	8.7400	
1993-012T17:37:12.900	6.6310	8.7300	
1993-012T16:57:35.500	16.132	8.7300	
1993-033T20:26:41.700	8.1240	8.7300	
1993-012T16:51:56.800	16.132	8.7300	
1993-012T21:04:07.000	14.333	8.7300	
1993-033T20:33:33.300	7.6700	8.7100	
1993-012T20:00:41.600	7.6700	8.7100	
1993-012T17:35:57.300	14.928	8.7100	
1993-012T16:56:04.800	15.514	8.7100	
1993-012T17:29:54.300	13.636	8.7000	
1993-033T20:29:13.000	7.8320	8.7000	
1993-033T20:18:43.600	7.8320	8.7000	
1993-012T20:07:08.800	8.5910	8.6900	
1993-012T20:41:28.800	16.450	8.6800	
1993-012T17:17:48.500	16.450	8.6800	
1993-033T20:38:23.800	7.9710	8.6800	
1993-012T18:01:21.600	6.9890	8.6700	
1993-012T17:23:03.000	15.595	8.6500	
1993-012T17:40:47.600	15.595	8.6500	
1993-033T20:28:21.600	15.595	8.6500	
1993-012T20:09:37.000	7.5700	8.6300	
1993-033T20:36:25.800	7.5700	8.6300	
1993-012T17:50:04.100	7.1040	8.6200	
1993-033T20:25:05.000	7.8200	8.6200	
1993-012T17:51:43.900	5.8590	8.6200	
1993-033T20:19:32.000	6.1960	8.6200	
1993-033T20:28:00.400	6.1960	8.6200	
1993-033T20:26:41.700	7.8200	8.6200	
1993-033T20:37:35.300	7.8200	8.6200	
1993-012T17:27:50.300	9.3990	8.6100	
1993-012T17:10:05.600	8.2780	8.6100	
1993-033T20:19:07.800	13.199	8.6100	
1993-033T20:34:27.800	6.3680	8.6000	
1993-012T20:28:31.400	15.492	8.6000	
1993-033T20:32:50.900	6.9900	8.5900	
1993-012T18:05:23.600	5.6910	8.5700	
1993-033T20:25:32.100	7.2190	8.5700	
1993-012T17:14:59.100	5.6910	8.5700	
1993-012T20:00:44.600	7.2190	8.5700	
1993-012T18:02:58.400	8.6730	8.5600	
1993-012T20:04:43.600	7.6700	8.5600	
1993-012T16:58:27.000	13.479	8.5500	
1993-012T19:53:53.300	7.6890	8.5500	
1993-012T21:17:19.400	21.216	8.5500	
1993-012T20:02:45.600	7.6890	8.5500	
1993-012T16:49:34.700	18.229	8.5400	
1993-033T20:38:29.800	8.0250	8.5300	
1993-012T20:03:31.000	8.5910	8.5200	
1993-012T20:14:51.600	7.3350	8.5100	
1993-033T20:42:28.900	7.3350	8.5100	
1993-033T20:17:52.100	8.4210	8.5100	
1993-012T20:33:00.600	15.427	8.5100	
1993-012T17:14:10.700	15.427	8.5100	
1993-012T17:08:56.100	17.151	8.5000	
1993-012T21:07:14.500	16.348	8.5000	
1993-033T20:22:15.400	7.5220	8.4900	
1993-033T20:19:56.200	7.1730	8.4900	
1993-033T20:36:28.800	7.1730	8.4900	
1993-012T20:33:00.600	19.340	8.4900	
1993-012T17:00:28.000	19.340	8.4900	
1993-033T20:34:45.900	20.240	8.4800	
1993-033T20:27:33.100	6.8760	8.4800	
1993-033T20:25:32.100	6.8760	8.4800	
1993-012T18:08:10.000	7.8200	8.4600	
1993-012T18:00:54.400	7.8200	8.4600	
1993-012T16:51:56.800	14.866	8.4500	
1993-033T20:39:42.500	5.7760	8.4500	
1993-012T20:03:31.000	8.2780	8.4400	
1993-033T20:29:10.000	7.4520	8.4400	
1993-012T20:01:08.800	7.4520	8.4400	
1993-033T20:46:55.200	6.9890	8.4300	
1993-012T20:03:34.100	6.9890	8.4300	
1993-033T20:26:44.700	6.9890	8.4300	
1993-033T20:14:14.300	13.954	8.4300	
1993-012T18:11:23.500	7.3750	8.4200	
1993-012T17:32:43.700	14.599	8.4200	
1993-012T18:04:32.100	9.7320	8.4100	
1993-012T20:03:58.300	16.106	8.4000	
1993-033T20:28:48.800	8.6200	8.4000	
1993-033T20:36:53.000	6.4550	8.4000	
1993-012T20:29:22.800	16.106	8.4000	
1993-033T20:57:48.800	16.106	8.4000	
1993-012T17:09:17.200	15.704	8.4000	
1993-012T20:31:20.800	15.704	8.4000	
1993-012T18:06:36.200	16.106	8.4000	
1993-012T17:05:42.600	16.106	8.4000	
1993-033T20:28:42.800	7.6700	8.4000	
1993-012T20:17:41.000	16.106	8.4000	
1993-012T17:35:08.900	11.809	8.3900	
1993-033T20:43:41.500	8.5470	8.3800	
1993-033T20:38:51.000	7.1040	8.3800	
1993-012T17:25:52.400	16.974	8.3700	
1993-033T21:27:16.200	16.974	8.3700	
1993-033T20:34:24.700	7.5700	8.3700	
1993-012T17:33:32.100	7.9290	8.3700	
1993-033T21:00:17.100	13.950	8.3600	
1993-012T16:57:41.600	12.953	8.3500	
1993-012T20:21:46.000	12.953	8.3500	
1993-033T20:15:05.800	6.6310	8.3400	
1993-012T17:51:19.700	6.6310	8.3400	
1993-012T20:07:36.000	6.6520	8.3300	
1993-012T16:52:02.900	8.2210	8.3300	
1993-012T17:59:20.600	6.6520	8.3300	
1993-012T20:09:15.900	7.0810	8.3300	
1993-033T20:17:24.900	6.9430	8.3300	
1993-012T20:01:57.300	6.6520	8.3300	
1993-033T20:32:26.700	5.8590	8.2900	
1993-012T19:57:31.100	6.7640	8.2900	
1993-033T20:16:15.300	6.7640	8.2900	
1993-012T20:26:54.600	11.927	8.2800	
1993-033T20:58:13.100	14.436	8.2800	
1993-012T17:54:27.200	7.3750	8.2800	
1993-012T17:08:35.000	9.3410	8.2800	
1993-012T18:01:42.800	7.3750	8.2800	
1993-012T17:52:08.100	6.1960	8.2700	
1993-033T20:37:38.400	8.0510	8.2700	
1993-012T20:10:01.300	9.7170	8.2700	
1993-012T20:18:08.300	6.1960	8.2700	
1993-012T17:44:46.500	15.073	8.2700	
1993-012T20:11:13.800	10.679	8.2700	
1993-012T21:10:06.900	15.935	8.2600	
1993-012T21:12:07.800	15.935	8.2600	
1993-033T21:24:50.800	15.935	8.2600	
1993-012T17:24:15.600	15.935	8.2600	
1993-012T17:05:42.600	15.935	8.2600	
1993-033T20:41:16.300	7.3350	8.2600	
1993-033T20:09:23.800	7.3350	8.2600	
1993-012T19:58:43.600	6.8760	8.2500	
1993-012T19:48:11.500	7.6700	8.2500	
1993-012T19:54:14.500	7.6700	8.2500	
1993-012T17:41:11.800	6.8760	8.2500	
1993-033T21:26:06.600	13.823	8.2400	
1993-012T19:51:52.300	9.9870	8.2300	
1993-033T20:30:01.500	6.3680	8.2300	
1993-012T17:14:59.100	15.093	8.2300	
1993-033T20:30:49.800	7.5460	8.2300	
1993-012T20:15:15.800	20.291	8.2300	
1993-012T17:35:57.300	16.799	8.2300	
1993-012T17:56:55.500	12.104	8.2200	
1993-012T18:30:21.000	19.052	8.2200	
1993-033T20:37:11.100	6.5230	8.2000	
1993-033T20:23:55.300	7.4520	8.1900	
1993-033T20:26:20.500	6.3230	8.1900	
1993-033T20:51:18.500	7.5220	8.1900	
1993-033T20:47:19.400	7.4520	8.1900	
1993-012T18:05:44.800	7.5220	8.1900	
1993-012T18:05:44.800	12.113	8.1900	
1993-012T18:20:15.900	7.5220	8.1900	
1993-033T20:36:50.000	7.4520	8.1900	
1993-012T17:26:19.600	6.5430	8.1800	
1993-012T17:44:28.300	6.9900	8.1800	
1993-012T20:37:29.800	8.1230	8.1800	
1993-012T20:26:12.300	6.9900	8.1800	
1993-033T20:15:54.100	6.9900	8.1800	
1993-012T20:18:32.500	6.5430	8.1800	
1993-033T20:24:19.500	6.5420	8.1400	
1993-033T20:25:32.100	6.5420	8.1400	
1993-012T17:00:28.000	14.275	8.1400	
1993-012T18:05:47.800	6.5420	8.1400	
1993-012T17:14:10.700	17.686	8.1400	
1993-012T20:31:48.000	14.275	8.1400	
1993-012T17:31:31.100	14.275	8.1400	
1993-012T18:14:13.000	7.0850	8.1400	
1993-012T17:19:25.300	15.764	8.1300	
1993-033T20:27:05.900	7.3750	8.1300	
1993-012T20:03:31.000	7.3750	8.1300	
1993-012T17:30:18.500	15.764	8.1300	
1993-012T17:44:52.600	5.7760	8.1200	
1993-012T20:13:14.800	9.3180	8.1200	
1993-033T20:36:01.600	9.3180	8.1200	
1993-012T20:06:47.600	9.0580	8.1200	
1993-012T20:11:16.800	8.4190	8.1100	
1993-012T20:25:48.000	6.7200	8.1100	
1993-033T20:20:41.600	10.538	8.1100	
1993-033T20:36:25.800	7.5700	8.1100	
1993-033T20:52:10.000	18.780	8.1100	
1993-012T20:21:18.800	13.012	8.1100	
1993-012T20:43:29.800	16.624	8.1000	
1993-012T17:14:34.900	16.624	8.1000	
1993-033T20:57:48.800	16.624	8.1000	
1993-012T16:56:50.300	16.624	8.1000	
1993-012T16:58:27.000	16.624	8.1000	
1993-012T17:00:24.900	7.6700	8.1000	
1993-033T20:11:24.800	7.9290	8.0900	
1993-012T17:02:04.800	14.928	8.0900	
1993-012T19:54:44.700	5.4500	8.0800	
1993-012T17:05:39.500	18.128	8.0800	
1993-012T20:41:01.500	13.258	8.0800	
1993-033T20:57:48.800	7.2190	8.0800	
1993-033T20:22:15.400	6.5230	8.0700	
1993-012T20:05:38.100	6.2820	8.0700	
1993-012T18:12:36.100	7.2290	8.0700	
1993-012T19:49:24.100	7.2290	8.0700	
1993-012T20:21:46.000	6.2820	8.0700	
1993-033T20:27:30.100	7.2290	8.0700	
1993-033T20:39:18.300	6.2820	8.0700	
1993-033T20:46:06.800	6.7640	8.0600	
1993-012T20:01:57.300	6.7640	8.0600	
1993-012T18:24:45.200	12.403	8.0400	
1993-033T20:30:22.600	6.0030	8.0200	
1993-012T16:51:08.400	16.784	8.0200	
1993-033T20:43:44.600	6.4550	8.0200	
1993-033T20:48:04.800	16.784	8.0200	
1993-012T17:11:18.200	16.784	8.0200	
1993-012T18:10:14.000	7.3350	8.0100	
1993-033T20:39:36.400	7.0850	8.0000	
1993-033T21:31:18.300	14.114	8.0000	
1993-012T20:26:33.400	13.479	8.0000	
1993-012T17:14:34.900	15.595	7.9900	
1993-012T17:09:20.300	15.595	7.9900	
1993-012T20:32:12.200	15.595	7.9900	
1993-012T17:20:37.800	16.450	7.9700	
1993-012T20:08:51.600	10.644	7.9700	
1993-033T21:03:03.600	16.450	7.9700	
1993-033T20:21:02.800	10.943	7.9600	
1993-012T18:05:50.800	6.6310	7.9600	
1993-033T20:31:38.300	6.6310	7.9600	
1993-033T20:41:37.500	14.252	7.9600	
1993-033T20:15:30.000	5.8590	7.9600	
1993-033T20:44:30.000	8.9280	7.9600	
1993-012T20:02:21.500	6.9890	7.9600	
1993-012T20:43:08.600	5.5310	7.9500	
1993-033T20:35:16.100	6.0260	7.9500	
1993-012T17:52:08.100	5.5310	7.9500	
1993-033T20:33:36.300	6.4320	7.9500	
1993-033T21:10:43.500	11.809	7.9300	
1993-012T17:02:29.000	7.4520	7.9300	
1993-012T20:19:42.000	7.4520	7.9300	
1993-012T17:29:57.300	7.6400	7.9300	
1993-033T20:31:14.100	6.1960	7.9200	
1993-012T20:09:15.900	6.1960	7.9200	
1993-033T20:25:35.100	7.0810	7.9200	
1993-012T20:21:18.800	6.5420	7.9200	
1993-033T20:35:13.100	6.5420	7.9200	
1993-033T20:27:33.100	6.5420	7.9200	
1993-012T20:30:32.300	11.019	7.9000	
1993-012T17:29:33.100	7.9280	7.8900	
1993-012T17:43:15.800	14.591	7.8900	
1993-012T18:15:04.400	6.6520	7.8800	
1993-033T20:30:22.600	6.6520	7.8800	
1993-012T18:03:22.600	6.6520	7.8800	
1993-012T17:27:29.100	6.6520	7.8800	
1993-033T20:40:55.100	6.3680	7.8700	
1993-033T20:21:05.800	13.322	7.8700	
1993-033T21:00:38.300	13.954	7.8700	
1993-012T17:00:28.000	18.412	7.8600	
1993-012T18:09:22.600	7.0850	7.8600	
1993-033T21:26:27.800	15.427	7.8600	
1993-012T17:05:18.300	15.427	7.8600	
1993-033T20:35:58.500	7.0850	7.8600	
1993-033T19:36:18.600	15.427	7.8600	
1993-012T18:00:33.200	6.7640	7.8400	
1993-033T20:33:12.100	6.7640	7.8400	
1993-012T17:02:29.000	16.277	7.8400	
1993-012T20:47:10.600	10.532	7.8400	
1993-012T17:59:17.600	7.3750	7.8400	
1993-012T19:59:29.000	7.3750	7.8400	
1993-012T20:08:00.300	7.2190	7.8400	
1993-033T20:25:05.000	7.3750	7.8400	
1993-033T20:23:52.300	7.8200	7.8400	
1993-033T20:58:37.300	16.277	7.8400	
1993-012T18:02:58.400	6.7640	7.8400	
1993-033T20:33:57.500	8.9100	7.8400	
1993-012T20:36:17.200	8.2210	7.8300	
1993-012T18:10:38.100	7.9290	7.8200	
1993-012T19:55:05.900	7.9290	7.8200	
1993-012T17:41:08.700	9.5640	7.8200	
1993-012T20:20:54.600	9.0580	7.8000	
1993-012T19:34:28.700	7.6700	7.7900	
1993-012T16:49:10.500	6.8760	7.7900	
1993-033T20:29:58.400	6.8760	7.7900	
1993-033T20:17:00.700	6.9430	7.7900	
1993-033T20:41:19.300	5.9420	7.7900	
1993-012T17:56:34.300	5.9420	7.7900	
1993-033T20:45:15.300	6.9430	7.7900	
1993-033T20:24:22.500	5.4500	7.7800	
1993-012T20:10:04.300	7.5460	7.7800	
1993-033T20:30:49.800	6.9900	7.7700	
1993-012T20:03:58.300	6.3230	7.7700	
1993-012T17:13:46.500	10.962	7.7700	
1993-012T21:05:19.600	6.9900	7.7700	
1993-012T17:52:32.300	6.1110	7.7600	
1993-012T19:55:05.900	7.3350	7.7600	
1993-012T18:00:09.000	7.3350	7.7600	
1993-012T20:21:21.800	6.1110	7.7600	
1993-033T20:29:10.000	17.151	7.7600	
1993-033T20:37:17.200	6.1110	7.7600	
1993-012T20:27:21.800	7.6890	7.7600	
1993-012T20:39:27.800	8.2970	7.7500	
1993-033T21:19:08.900	7.5220	7.7500	
1993-012T17:45:13.800	15.260	7.7300	
1993-012T20:23:44.000	15.260	7.7300	
1993-012T18:14:40.100	15.260	7.7300	
1993-012T16:54:49.300	15.260	7.7300	
1993-033T20:39:12.200	6.8010	7.7200	
1993-012T16:54:00.800	16.106	7.7200	
1993-033T21:09:30.900	16.106	7.7200	
1993-012T17:35:36.100	6.2820	7.7200	
1993-033T20:18:16.300	6.5420	7.7100	
1993-012T20:18:56.600	8.1230	7.6900	
1993-012T18:00:30.200	7.3750	7.6900	
1993-012T17:09:20.300	14.436	7.6900	
1993-012T17:48:54.500	6.4550	7.6600	
1993-033T20:33:09.100	6.9430	7.6600	
1993-012T17:24:12.500	15.704	7.6600	
1993-012T20:13:11.800	10.415	7.6600	
1993-033T20:42:28.900	6.6520	7.6600	
1993-033T21:34:04.600	17.449	7.6500	
1993-012T17:40:02.200	5.6930	7.6500	
1993-033T21:18:50.800	13.199	7.6500	
1993-033T20:21:54.200	5.8980	7.6500	
1993-012T20:18:26.400	7.2290	7.6400	
1993-033T20:40:49.000	7.2290	7.6400	
1993-033T20:29:31.100	7.2290	7.6400	
1993-033T20:45:15.300	7.2290	7.6400	
1993-012T18:21:28.600	7.2290	7.6400	
1993-012T20:38:39.400	16.974	7.6400	
1993-033T20:20:41.600	5.4870	7.6400	
1993-012T20:07:39.100	5.5310	7.6400	
1993-012T20:20:54.600	8.6730	7.6400	
1993-012T20:48:20.100	16.974	7.6400	
1993-012T17:35:08.900	16.974	7.6400	
1993-012T17:19:52.500	6.8990	7.6200	
1993-012T20:23:16.800	16.784	7.6200	
1993-012T20:00:44.600	6.7640	7.6200	
1993-012T20:34:40.400	7.7360	7.6100	
1993-033T20:32:02.500	6.0260	7.6100	
1993-012T20:21:15.800	8.2780	7.6100	
1993-012T16:57:38.600	15.935	7.5900	
1993-012T20:02:18.500	6.8010	7.5900	
1993-033T20:47:19.400	7.2190	7.5900	
1993-033T20:06:07.100	6.8010	7.5900	
1993-033T20:35:37.300	7.5700	7.5900	
1993-012T20:00:41.600	7.0850	7.5800	
1993-012T20:19:14.800	7.0850	7.5800	
1993-012T17:08:53.000	7.0850	7.5800	
1993-033T20:35:13.100	6.3230	7.5700	
1993-033T20:42:53.100	6.3230	7.5700	
1993-012T20:35:25.800	14.275	7.5600	
1993-012T16:58:05.800	14.204	7.5500	
1993-012T16:55:37.600	16.799	7.5200	
1993-012T20:31:20.800	15.492	7.5100	
1993-033T20:36:25.800	11.372	7.5000	
1993-012T16:57:14.500	14.928	7.4800	
1993-012T17:09:20.300	14.928	7.4800	
1993-012T20:14:51.600	15.764	7.4700	
1993-012T18:20:40.100	24.814	7.4700	
1993-012T17:00:28.000	15.764	7.4700	
1993-033T21:26:03.600	15.764	7.4700	
1993-012T17:31:52.200	20.240	7.4600	
1993-012T17:51:16.700	6.6520	7.4500	
1993-012T16:54:03.800	14.077	7.4500	
1993-033T20:35:40.400	12.953	7.4300	
1993-012T19:49:48.300	7.3750	7.4100	
1993-012T20:21:40.000	6.9430	7.3900	
1993-033T20:33:12.100	14.763	7.3500	
1993-012T21:16:34.100	15.595	7.3500	
1993-012T17:34:44.700	14.763	7.3500	
1993-012T20:39:00.500	16.348	7.3400	
1993-012T17:39:07.800	6.8010	7.3300	
1993-012T17:58:53.400	14.660	7.2800	
1993-012T17:54:03.000	6.6620	7.2700	
1993-012T20:24:08.200	14.599	7.2300	
1993-012T20:29:22.800	15.427	7.2300	
1993-033T21:13:08.800	13.167	7.2100	
1993-012T20:33:24.800	13.167	7.2100	
1993-033T20:22:15.400	16.132	7.2000	
1993-012T17:56:04.000	6.8010	7.2000	
1993-012T20:53:07.500	16.132	7.2000	
1993-012T17:14:34.900	16.277	7.1700	
1993-033T21:01:02.500	16.277	7.1700	
1993-012T17:42:00.100	16.277	7.1700	
1993-033T20:41:16.300	6.3230	7.1600	
1993-033T21:13:30.000	18.819	7.1600	
1993-012T20:18:53.600	15.260	7.1100	
1993-012T17:58:32.200	15.260	7.1100	
1993-012T16:48:46.300	14.436	7.1100	
1993-012T17:25:31.200	12.589	7.1000	
1993-012T17:39:56.100	16.565	7.0900	
1993-012T17:18:12.600	5.8980	7.0900	
1993-012T20:22:04.200	20.482	7.0900	
1993-033T20:27:30.100	6.5230	7.0800	
1993-033T20:18:13.300	15.917	7.0700	
1993-012T20:38:39.400	16.106	7.0500	
1993-012T17:31:55.300	16.106	7.0500	
1993-012T20:18:50.600	13.064	7.0500	
1993-012T20:25:42.000	26.996	7.0400	
1993-012T20:43:08.600	10.845	7.0400	
1993-012T18:01:42.800	7.5220	7.0100	
1993-033T20:52:06.900	6.9430	6.9900	
1993-012T17:01:40.600	14.275	6.9900	
1993-012T17:23:51.400	15.093	6.9900	
1993-012T20:24:53.600	6.9430	6.9900	
1993-033T20:07:44.000	8.5910	6.9600	
1993-012T17:25:25.100	16.348	6.9600	
1993-012T20:28:31.400	19.287	6.9500	
1993-033T21:15:58.300	15.935	6.9400	
1993-012T21:16:55.200	11.560	6.9400	
1993-012T20:39:24.700	6.8010	6.9400	
1993-012T20:08:48.600	13.479	6.9400	
1993-012T20:27:46.000	15.935	6.9400	
1993-012T21:10:31.100	13.479	6.9400	
1993-033T21:08:18.300	16.974	6.9300	
1993-012T17:29:57.300	5.4500	6.9000	
1993-012T21:00:47.300	18.357	6.9000	
1993-033T21:34:35.000	12.349	6.8900	
1993-033T20:51:18.500	6.6620	6.8900	
1993-012T20:39:00.500	6.6620	6.8900	
1993-012T18:07:45.800	6.6620	6.8900	
1993-033T20:39:39.500	14.114	6.8800	
1993-012T20:27:21.800	14.114	6.8800	
1993-033T20:25:53.300	6.9430	6.8600	
1993-012T18:16:38.100	28.406	6.8500	
1993-033T20:28:42.800	7.3750	6.8400	
1993-012T17:38:43.600	6.2510	6.8300	
1993-012T20:47:56.000	15.764	6.8300	
1993-012T20:49:29.700	6.5230	6.8300	
1993-012T17:16:57.000	6.5230	6.8300	
1993-012T19:48:35.700	6.5230	6.8300	
1993-012T20:22:04.200	15.492	6.8000	
1993-012T20:26:30.400	15.492	6.8000	
1993-012T17:40:44.500	21.963	6.7600	
1993-012T17:45:10.700	6.6620	6.7600	
1993-012T17:26:16.600	6.3230	6.7600	
1993-012T17:12:58.100	15.595	6.7200	
1993-012T17:14:34.900	15.595	6.7200	
1993-012T17:27:53.300	15.595	6.7200	
1993-012T21:23:49.600	15.595	6.7200	
1993-012T20:25:42.000	6.5230	6.7100	
1993-033T20:47:40.600	6.5230	6.7100	
1993-012T17:28:14.500	6.2510	6.7100	
1993-012T16:57:59.700	15.917	6.7000	
1993-033T20:52:55.400	6.8010	6.6900	
1993-012T16:54:25.100	6.1090	6.6500	
1993-012T20:25:17.800	6.6620	6.6400	
1993-012T20:28:55.600	6.6620	6.6400	
1993-033T20:09:20.800	6.6620	6.6400	
1993-033T20:45:18.300	15.427	6.6100	
1993-033T20:40:55.100	5.4500	6.6100	
1993-012T17:33:35.100	8.0250	6.6100	
1993-012T17:39:56.100	6.9430	6.6000	
1993-012T20:22:31.400	11.809	6.5900	
1993-012T17:08:04.600	15.704	6.5800	
1993-033T20:58:58.400	6.8010	6.5600	
1993-012T20:45:27.700	6.3870	6.5400	
1993-012T20:41:50.000	6.3870	6.5400	
1993-033T20:48:04.800	6.3870	6.5400	
1993-012T17:09:44.500	5.8980	6.5300	
1993-033T20:57:45.800	6.1170	6.5300	
1993-012T20:39:49.000	6.6620	6.5200	
1993-012T17:08:53.000	6.6620	6.5200	
1993-012T17:41:36.000	16.277	6.5100	
1993-012T17:28:41.800	16.277	6.5100	
1993-012T19:49:51.300	15.260	6.5000	
1993-012T16:59:12.300	6.2510	6.4800	
1993-033T21:12:41.600	6.2510	6.4800	
1993-012T17:49:12.600	6.5230	6.4700	
1993-012T17:05:39.500	7.9710	6.4700	
1993-012T17:35:30.000	6.5230	6.4700	
1993-012T20:29:19.800	16.132	6.4700	
1993-033T20:57:21.600	6.5230	6.4700	
1993-012T20:13:11.800	16.784	6.4600	
1993-033T20:34:45.900	7.8200	6.4600	
1993-012T17:14:37.900	12.831	6.4400	
1993-033T20:50:54.300	6.8010	6.4300	
1993-012T16:53:33.600	6.8010	6.4300	
1993-012T17:54:27.200	6.8010	6.4300	
1993-012T17:29:51.200	6.1170	6.4200	
1993-012T20:11:59.200	6.3870	6.4200	
1993-012T20:44:15.100	6.3870	6.4200	
1993-033T20:51:42.700	6.3870	6.4200	
1993-033T21:12:41.600	6.3870	6.4200	
1993-033T20:52:34.100	15.093	6.4000	
1993-033T20:50:30.100	6.6620	6.3900	
1993-012T20:13:36.000	6.6620	6.3900	
1993-012T20:26:54.600	6.2510	6.3700	
1993-033T20:55:44.800	6.5230	6.3500	
1993-012T17:21:23.100	6.5230	6.3500	
1993-012T16:57:59.700	15.917	6.3500	
1993-012T17:22:59.900	15.917	6.3500	
1993-012T17:50:25.300	6.9430	6.3400	
1993-033T20:51:18.500	6.9430	6.3400	
1993-012T20:44:15.100	5.7240	6.3300	
1993-012T20:36:59.500	8.1240	6.3200	
1993-012T17:19:46.300	6.1170	6.3100	
1993-012T18:55:21.300	7.6700	6.3100	
1993-033T20:44:26.900	6.8010	6.3100	
1993-012T17:30:15.500	6.1170	6.3100	
1993-012T17:05:39.500	6.3870	6.3000	
1993-012T17:14:56.000	6.3870	6.3000	
1993-012T17:37:31.000	6.3870	6.3000	
1993-033T20:38:48.000	6.3870	6.3000	
1993-012T20:18:26.400	6.3870	6.3000	
1993-012T17:13:46.500	5.5880	6.2700	
1993-012T20:30:08.100	6.6620	6.2700	
1993-012T17:21:50.400	6.1090	6.2700	
1993-012T17:50:01.100	6.6620	6.2700	
1993-012T17:49:12.600	6.6620	6.2700	
1993-012T20:41:53.000	5.5880	6.2700	
1993-012T20:18:53.600	12.554	6.2600	
1993-012T17:20:10.500	7.2290	6.2600	
1993-012T17:22:11.500	6.2510	6.2500	
1993-012T16:53:33.600	6.2510	6.2500	
1993-012T17:11:21.300	16.974	6.2400	
1993-033T20:28:42.800	11.927	6.2300	
1993-033T20:37:35.300	6.5230	6.2300	
1993-033T20:56:09.000	6.5230	6.2300	
1993-033T20:52:06.900	15.704	6.2300	
1993-012T17:32:16.400	6.5230	6.2300	
1993-012T17:24:39.800	15.764	6.2000	
1993-012T16:48:22.100	15.764	6.2000	
1993-012T17:43:58.100	6.3870	6.1800	
1993-033T20:48:04.800	6.3870	6.1800	
1993-012T21:17:43.600	6.3870	6.1800	
1993-033T20:59:22.600	6.3870	6.1800	
1993-012T17:08:04.600	6.3870	6.1800	
1993-012T17:37:06.800	18.587	6.1600	
1993-012T20:21:15.800	7.6700	6.1600	
1993-012T20:22:04.200	6.6620	6.1500	
1993-012T17:11:42.400	6.6620	6.1500	
1993-012T17:18:33.700	5.9850	6.1400	
1993-012T16:56:50.300	16.799	6.1400	
1993-012T17:35:30.000	6.2510	6.1400	
1993-012T17:37:09.900	6.0030	6.1300	
1993-012T20:18:53.600	5.4870	6.1200	
1993-012T20:34:37.400	13.794	6.1200	
1993-033T20:34:21.700	16.132	6.1100	
1993-012T17:48:48.500	15.492	6.1100	
1993-012T20:33:21.800	6.1170	6.0900	
1993-012T19:40:31.800	6.1170	6.0900	
1993-012T17:04:51.100	6.3870	6.0700	
1993-012T16:55:58.700	6.3870	6.0700	
1993-012T17:33:32.100	5.6910	6.0700	
1993-012T20:26:30.400	6.3870	6.0700	
1993-012T20:07:57.200	6.8010	6.0500	
1993-012T20:31:23.800	16.624	6.0500	
1993-012T20:20:03.200	5.9850	6.0400	
1993-012T17:05:15.300	13.652	6.0000	
1993-012T20:18:29.500	15.427	6.0000	
1993-012T17:33:04.800	6.5230	5.9900	
1993-012T17:14:31.800	6.1170	5.9800	
1993-033T20:44:51.100	6.1170	5.9800	
1993-012T17:24:12.500	6.1170	5.9800	
1993-012T20:06:44.600	5.8540	5.9800	
1993-033T20:17:00.700	6.1170	5.9800	
1993-012T17:37:34.100	5.4870	5.9600	
1993-012T19:48:14.500	5.4870	5.9600	
1993-012T20:30:56.600	6.9430	5.9500	
1993-012T20:25:42.000	6.3870	5.9500	
1993-012T20:28:31.400	6.3870	5.9500	
1993-012T20:23:41.000	6.3870	5.9500	
1993-033T20:55:23.600	5.5880	5.9300	
1993-012T17:25:52.400	5.5880	5.9300	
1993-033T21:22:22.600	5.9850	5.9300	
1993-012T17:22:59.900	5.9850	5.9300	
1993-012T17:51:13.600	6.2510	5.9100	
1993-012T20:11:13.800	15.260	5.9100	
1993-033T20:25:29.100	13.454	5.8800	
1993-012T17:58:53.400	5.8540	5.8800	
1993-012T16:50:20.000	6.5230	5.8700	
1993-012T21:00:50.300	16.277	5.8600	
1993-012T17:23:27.200	16.277	5.8600	
1993-012T18:46:29.000	5.5960	5.8600	
1993-012T17:45:59.100	5.5960	5.8600	
1993-033T20:52:06.900	5.5960	5.8600	
1993-012T16:51:08.400	16.348	5.8600	
1993-012T20:35:47.000	16.348	5.8600	
1993-012T20:53:10.500	5.7940	5.8600	
1993-012T20:30:08.100	16.348	5.8600	
1993-033T21:15:09.800	11.372	5.8400	
1993-033T20:59:46.900	5.9850	5.8200	
1993-012T20:34:10.100	5.9850	5.8200	
1993-012T17:30:15.500	5.9850	5.8200	
1993-012T17:35:08.900	5.3870	5.8200	
1993-033T20:26:17.500	5.9850	5.8200	
1993-012T20:49:05.500	6.2510	5.8000	
1993-012T17:06:03.600	15.492	5.7700	
1993-033T20:31:08.000	5.5960	5.7700	
1993-033T20:50:54.300	5.8540	5.7700	
1993-012T17:45:34.900	5.5960	5.7700	
1993-033T20:08:59.600	16.106	5.7700	
1993-012T17:36:42.600	6.1170	5.7600	
1993-012T17:41:36.000	6.0030	5.7600	
1993-012T17:16:32.800	6.1170	5.7600	
1993-012T20:39:24.700	16.132	5.7500	
1993-033T20:44:51.100	6.5230	5.7500	
1993-012T20:34:10.100	5.9850	5.7200	
1993-012T17:28:41.800	5.6910	5.7200	
1993-012T20:23:44.000	13.167	5.7200	
1993-033T20:50:54.300	5.7240	5.7200	
1993-012T20:43:50.900	5.9850	5.7200	
1993-012T17:02:25.900	5.7240	5.7200	
1993-012T20:11:59.200	5.7240	5.7200	
1993-012T20:43:50.900	7.0850	5.7100	
1993-012T17:24:15.600	6.1090	5.7100	
1993-012T20:18:02.200	19.523	5.7000	
1993-012T20:02:21.500	5.7940	5.6800	
1993-033T20:28:18.500	5.8540	5.6700	
1993-012T17:29:02.800	5.8540	5.6700	
1993-012T17:29:02.800	5.8540	5.6700	
1993-012T16:56:47.100	5.8540	5.6700	
1993-033T20:41:40.500	5.3870	5.6600	
1993-012T17:27:01.800	15.282	5.6600	
1993-012T17:43:58.100	6.1170	5.6500	
1993-012T17:35:33.100	5.4870	5.6300	
1993-033T21:15:06.800	5.9850	5.6100	
1993-033T21:03:24.800	21.713	5.6100	
1993-012T18:01:21.600	13.794	5.6100	
1993-033T20:52:31.100	7.8200	5.5800	
1993-012T20:15:37.000	5.5960	5.5700	
1993-012T17:21:26.200	16.974	5.5700	
1993-012T20:25:42.000	5.5960	5.5700	
1993-012T17:14:31.800	5.5960	5.5700	
1993-012T20:20:27.400	5.4690	5.5200	
1993-033T21:19:12.000	13.636	5.5100	
1993-012T17:21:26.200	5.3870	5.5000	
1993-012T17:12:09.700	15.595	5.5000	
1993-012T17:34:44.700	15.595	5.5000	
1993-033T21:29:41.500	16.799	5.4800	
1993-012T17:43:12.800	5.4870	5.4700	
1993-012T20:32:33.300	5.3440	5.4600	
1993-012T17:39:56.100	7.2290	5.4600	
1993-033T20:22:39.600	6.5230	5.4000	
1993-012T17:00:49.100	5.9850	5.4000	
1993-033T21:22:01.400	16.624	5.4000	
1993-033T20:41:13.300	13.064	5.3800	
1993-012T17:25:49.300	6.3870	5.3800	
1993-033T20:42:50.100	6.3870	5.3800	
1993-012T20:26:54.600	5.8540	5.3600	
1993-033T21:08:42.500	15.260	5.3300	
1993-012T17:26:13.500	16.784	5.3300	
1993-012T20:50:18.100	5.7240	5.3200	
1993-012T17:45:37.900	16.450	5.3100	
1993-012T17:06:31.000	14.114	5.2700	
1993-033T20:24:40.600	5.8540	5.2600	
1993-012T17:43:09.700	5.8540	5.2600	
1993-012T20:13:42.100	5.6930	5.2400	
1993-033T21:01:23.700	5.4690	5.2300	
1993-012T20:10:22.400	5.7240	5.2200	
1993-012T17:20:58.900	5.7240	5.2200	
1993-012T20:27:43.000	15.704	5.2000	
1993-012T20:28:10.200	14.928	5.1600	
1993-012T17:27:26.100	17.226	5.1500	
1993-033T20:36:28.800	5.3700	5.1200	
1993-012T17:35:33.100	5.5880	5.1000	
1993-012T17:01:13.300	5.5960	5.0800	
1993-033T20:29:31.100	11.927	5.0100	
			
			
			
			
			
			
			
			
			
			
			
			
			
			
			
			
			
			
			
			
			
			
			
			
			
			
			
			
			
			
			
			
			
			
			
			
			
			
			
			
			
			
			
			
			
			
			
			
			
			
			
			
			
			
			
			
			
			
			
			
			
			
			
			
			
			
			
			
			
			
			
			
			
			
			
			
			
			
			
			
			
			
			
			
			
			
			
			
			
			
			
			
			
			
			
			
			
			
			
			
			
			
			
			
			
			
			
			
			
			
			
			
			
			
			
			
			
			
			
			
			
			
			
			
			
			
			
			
			
			
			
			
			
			
			
			
			
			
			
			
			
			
			
			
			
			
			
			
			
			
			
			
			
			
			
			
			
			
			
			
			
			
			
			
			
			
			
			
			
			
			
			
			
			
			
			
			
			
			
			
			
			
			
			
			
			
			
			
			
			
			
			
			
			
			
			
			
			
			
			
			
			
			
			
			
			
			
			
			
			
			
			
			
			
			
			
			
			
			
			
			
			
			
			
			
			
			
			
			
			
			
			
			
			
			
			
			
			
			
			
			
			
			
			
			
			
			
			
			
			
			
			
			
			
			
			
			
			
			
			
			
			
			
			
			
			
			
			
			
			
			
			
			
			
			
			
			
			
			
			
			
			
			
			
			
			
			
			
			
			
			
			
			
			
			
			
			
			
			
			
			
			
			
			
			
			
			
			
			
			
			
			
			
			
			
			
			
			
			
			
			
			
			
			
			
			
			
			
			
			
			
			
			
			
			
			
			
			
			
			
			
			
			
			
			
			
			
			
			
			
			
			
			
			
			
			
			
			
			
			
			
			
			
			
			
			
			
			
			
			
			
			
			
			
			
			
			
			
			
			
			
			
			
			
			
			
			
			
			
			
			
			
			
			
			
			
			
			
			
			
			
			
			
			
			
			
			
			
			
			
			
			
			
			
			
			
			
			
			
			
			
			
			
			
			
			
			
			
			
			
			
			
			
			
			
			
			
			
			
			
			
			
			
			
			
			
			
			
			
			
			
			
			
			
			
			
			
			
			
			
			
			
			
			
			
			
			
			
			
			
			
			
			
			
			
			
			
			
			
			
			
			
			
			
			
			
			
			
			
			
			
			
			
			
			
			
			
			
			
			
			
			
			
			
			
			
			
			
			
			
			
			
			
			
			
			
			
			
			
			
			
			
			
			
			
			
			
			
			
			
			
			
			
			
			
			
			
			
			
			
			
			
			
			
			
			
			
			
			
			
			
			
			
			
			
			
			
			
			
			
			
			
			
			
			
			
			
			
			
			
			
			
			
			
			
			
			
			
			
			
			
			
			
			
			
			
			
			
			
			
			
			
			
			
			
			
			
			
			
			
			
			
			
			
			
			
			
			
			
			
			
			
			
			
			
			
			
			
			
			
			
			
			
			
			
			
			
			
			
			
			
			
			
			
			
			
			
			
			
			
			
			
			
			
			
			
			
			
			
			
			
			
			
			
			
			
			
			
			
			
			
			
			
			
			
			
			
			
			
			
			
			
			
			
			
			
			
			
			
			
			
			
			
			
			
			
			
			
			
			
			
			
			
			
			
			
			
			
			
			
			
			
			
			
			
			
			
			
			
			
			
			
			
			
			
			
			
			
			
			
			
			
			
			
			
			
			
			
			
			
			
			
			
			
			
			
			
			
			
			
			
			
			
			
			
			
			
			
			
			
			
			
			
			
			
			
			
			
			
			
			
			
			
			
			
			
			
			
			
			
			
			
			
			
			
			
			
			
			
			
			
			
			
			
			
			
			
			
			
			
			
			
			
			
			
			
			
			
			
			
			
			
			
			
			
			
			
			
			
			
			
			
			
			
			
			
			
			
			
			
			
			
			
			
			
			
			
			
			
			
			
			
			
			
			
			
			
			
			
			
			
			
			
			
			
			
			
			
			
			
			
			
			
			
			
			
			
			
			
			
			
			
			
			
			
			
			
			
			
			
			
			
			
			
			
			
			
			
			
			
			
			
			
			
			
			
			
			
			
			
			
			
			
			
			
			
			
			
			
			
			
			
			
			
			
			
			
			
			
			
			
			
			
			
			
			
			
			
			
			
			
			
			
			
			
			
			
			
			
			
			
			
			
			
			
			
			
			
			
			
			
			
			
			
			
			
			
			
			
			
			
			
			
			
			
			
			
			
			
			
			
			
			
			
			
			
			
			
			
			
			
			
			
			
			
			
			
			
			
			
			
			
			
			
			
			
			
			
			
			
			
			
			
			
			
			
			
			
			
			
			
			
			
			
			
			
			
			
			
			
			
			
			
			
			
			
			
			
			
			
			
			
			
			
			
			
			
			
			
			
			
			
			
			
			
			
			
			
			
			
			
			
			
			
			
			
			
			
			
			
			
			
			
			
			
			
			
			
			
			
			
			
			
			
			
			
			
			
			
			
			
			
			
			
			
			
			
			
			
			
			
			
			
			
			
			
			
			
			
			
			
			
			
			
			
			
			
			
			
			
			
			
			
			
			
			
			
			
			
			
			
			
			
			
			
			
			
			
			
			
			
			
			
			
			
			
			
			
			
			
			
			
			
			
			
			
			
			
			
			
			
			
			
			
			
			
			
			
			
			
			
			
			
			
			
			
			
			
			
			
			
			
			
			
			
			
			
			
			
			
			
			
			
			
			
			
			
			
			
			
			
			
			
			
			
			
			
			
			
			
			
			
			
			
			
			
			
			
			
			
			
			
			
			
			
			
			
			
			
			
			
			
			
			
			
			
			
			
			
			
			
			
			
			
			
			
			
			
			
			
			
			
			
			
			
			
			
			
			
			
			
			
			
			
			
			
			
			
			
			
			
			
			
			
			
			
			
			
			
			
			
			
			
			
			
			
			
			
			
			
			
			
			
			
			
			
			
			
			
			
			
			
			
			
			
			
			
			
			
			
			
			
			
			
			
			
			
			
			
			
			
			
			
			
			
			
			
			
			
			
			
			
			
			
			
			
			
			
			
			
			
			
			
			
			
			
			
			
			
			
			
			
			
			
			
			
			
			
			
			
			
			
			
			
			
			
			
			
			
			
			
			
			
			
			
			
			
			
			
			
			
			
			
			
			
			
			
			
			
			
			
			
			
			
			
			
			
			
			
			
			
			
			
			
			
			
			
			
			
			
			
			
			
			
			
			
			
			
			
			
			
			
			
			
			
			
			
			
			
			
			
			
			
			
			
			
			
			
			
			
			
			
			
			
			
			
			
			
			
			
			
			
			
			
			
			
			
			
			
			
			
			
			
			
			
			
			
			
			
			
			
			
			
			
			
			
			
			
			
			
			
			
			
			
			
			
			
			
			
			
			
			
			
			
			
			
			
			
			
			
			
			
			
			
			
			
			
			
			
			
			
			
			
			
			
			
			
			
			
			
			
			
			
			
			
			
			
			
			
			
			
			
			
			
			
			
			
			
			
			
			
			
			
			
			
			
			
			
			
			
			
			
			
			
			
			
			
			
			
			
			
			
			
			
			
			
			
			
			
			
			
			
			
			
			
			
			
			
			
			
			
			
			
			
			
			
			
			
			
			
			
			
			
			
			
			
			
			
			
			
			
			
			
			
			
			
			
			
			
			
			
			
			
			
			
			
			
			
			
			
			
			
			
			
			
			
			
			
			
			
			
			
			
			
			
			
			
			
			
			
			
			
			
			
			
			
			
			
			
			
			
			
			
			
			
			
			
			
			
			
			
			
			
			
			
			
			
			
			
			
			
			
			
			
			
			
			
			
			
			
			
			
			
			
			
			
			
			
			
			
			
			
			
			
			
			
			
			
			
			
			
			
			
			
			
			
			
			
			
			
			
			
			
			
			
			
			
			
			
			
			
			
			
			
			
			
			
			
			
			
			
			
			
			
			
			
			
			
			
			
			
			
			
			
			
			
			
			
			
			
			
			
			
			
			
			
			
			
			
			
			
			
			
			
			
			
			
			
			
			
			
			
			
			
			
			
			
			
			
			
			
			
			
			
			
			
			
			
			
			
			
			
			
			
			
			
			
			
			
			
			
			
			
			
			
			
			
			
			
			
			
			
			
			
			
			
			
			
			
			
			
			
			
			
			
			
			
			
			
			
			
			
			
			
			
			
			
			
			
			
			
			
			
			
			
			
			
			
			
			
			
			
			
			
			
			
			
			
			
			
			
			
			
			
			
			
			
			
			
			
			
			
			
			
			
			
			
			
			
			
			
			
			
			
			
			
			
			
			
			
			
			
			
			
			
			
			
			
			
			
			
			
			
			
			
			
			
			
			
			
			
			
			
			
			
			
			
			
			
			
			
			
			
			
			
			
			
			
			
			
			
			
			
			
			
			
			
			
			
			
			
			
			
			
			
			
			
			
			
			
			
			
			
			
			
			
			
			
			
			
			
			
			
			
			
			
			
			
			
			
			
			
			
			
			
			
			
			
			
			
			
			
			
			
			
			
			
			
			
			
			
			
			
			
			
			
			
			
			
			
			
			
			
			
			
			
			
			
			
			
			
			
			
			
			
			
			
			
			
			
			
			
			
			
			
			
			
			
			
			
			
			
			
			
			
			
			
			
			
			
			
			
			
			
			
			
			
			
			
			
			
			
			
			
			
			
			
			
			
			
			
			
			
			
			
			
			
			
			
			
			
			
			
			
			
			
			
			
			
			
			
			
			
			
			
			
			
			
			
			
			
			
			
			
			
			
			
			
			
			
			
			
			
			
			
			
			
			
			
			
			
			
			
			
			
			
			
			
			
			
			
			
			
			
			
			
			
			
			
			
			
			
			
			
			
			
			
			
			
			
			
			
			
			
			
			
			
			
			
			
			
			
			
			
			
			
			
			
			
			
			
			
			
			
			
			
			
			
			
			
			
			
			
			
			
			
			
			
			
			
			
			
			
			
			
			
			
			
			
			
			
			
			
			
			
			
			
			
			
			
			
			
			
			
			
			
			
			
			
			
			
			
			
			
			
			
			
			
			
			
			
			
			
			
			
			
			
			
			
			
			
			
			
			
			
			
			
			
			
			
			
			
			
			
			
			
			
			
			
			
			
			
			
			
			
			
			
			
			
			
			
			
			
			
			
			
			
			
			
			
			
			
			
			
			
			
			
			
			
			
			
			
			
			
			
			
			
			
			
			
			
			
			
			
			
			
			
			
			
			
			
			
			
			
			
			
			
			
			
			
			
			
			
			
			
			
			
			
			
			
			
			
			
			
			
			
			
			
			
			
			
			
			
			
			
			
			
			
			
			
			
			
			
			
			
			
			
			
			
			
			
			
			
			
			
			
			
			
			
			
			
			
			
			
			
			
			
			
			
			
			
			
			
			
			
			
			
			
			
			
			
			
			
			
			
			
			
			
			
			
			
			
			
			
			
			
			
			
			
			
			
			
			
			
			
			
			
			
			
			
			
			
			
			
			
			
			
			
			
			
			
			
			
			
			
			
			
			
			
			
			
			
			
			
			
			
			
			
			
			
			
			
			
			
			
			
			
			
			
			
			
			
			
			
			
			
			
			
			
			
			
			
			
			
			
			
			
			
			
			
			
			
			
			
			
			
			
			
			
			
			
			
			
			
			
			
			
			
			
			
			
			
			
			
			
			
			
			
			
			
			
			
			
			
			
			
			
			
			
			
			
			
			
			
			
			
			
			
			
			
			
			
			
			
			
			
			
			
			
			
			
			
			
			
			
			
			
			
			
			
			
			
			
			
			
			
			
			
			
			
			
			
			
			
			
			
			
			
			
			
			
			
			
			
			
			
			
			
			
			
			
			
			
			
			
			
			
			
			
			
			
			
			
			
			
			
			
			
			
			
			
			
			
			
			
			
			
			
			
			
			
			
			
			
			
			
			
			
			
			
			
			
			
			
			
			
			
			
			
			
			
			
			
			
			
			
			
			
			
			
			
			
			
			
			
			
			
			
			
			
			
			
			
			
			
			
			
			
			
			
			
			
			
			
			
			
			
			
			
			
			
			
			
			
			
			
			
			
			
			
			
			
			
			
			
			
			
			
			
			
			
			
			
			
			
			
			
			
			
			
			
			
			
			
			
			
			
			
			
			
			
			
			
			
			
			
			
			
			
			
			
			
			
			
			
			
			
			
			
			
			
			
			
			
			
			
			
			
			
			
			
			
			
			
			
			
			
			
			
			
			
			
			
			
			
			
			
			
			
			
			
			
			
			
			
			
			
			
			
			
			
			
			
			
			
			
			
			
			
			
			
			
			
			
			
			
			
			
			
			
			
			
			
			
			
			
			
			
			
			
			
			
			
			
			
			
			
			
			
			
			
			
			
			
			
			
			
			
			
			
			
			
			
			
			
			
			
			
			
			
			
			
			
			
			
			
			
			
			
			
			
			
			
			
			
			
			
			
			
			
			
			
			
			
			
			
			
			
			
			
			
			
			
			
			
			
			
			
			
			
			
			
			
			
			
			
			
			
			
			
			
			
			
			
			
			
			
			
			
			
			
			
			
			
			
			
			
			
			
			
			
			
			
			
			
			
			
			
			
			
			
			
			
			
			
			
			
			
			
			
			
			
			
			
			
			
			
			
			
			
			
			
			
			
			
			
			
			
			
			
			
			
			
			
			
			
			
			
			
			
			
			
			
			
			
			
			
			
			
			
			
			
			
			
			
			
			
			
			
			
			
			
			
			
			
			
			
			
			
			
			
			
			
			
			
			
			
			
			
			
			
			
			
			
			
			
			
			
			
			
			
			
			
			
			
			
			
			
			
			
			
			
			
			
			
			
			
			
			
			
			
			
			
			
			
			
			
			
			
			
			
			
			
			
			
			
			
			
			
			
			
			
			
			
			
			
			
			
			
			
			
			
			
			
			
			
			
			
			
			
			
			
			
			
			
			
			
			
			
			
			
			
			
			
			
			
			
			
			
			
			
			
			
			
			
			
			
			
			
			
			
			
			
			
			
			
			
			
			
			
			
			
			
			
			
			
			
			
			
			
			
			
			
			
			
			
			
			
			
			
			
			
			
			
			
			
			
			
			
			
			
			
			
			
			
			
			
			
			
			
			
			
			
			
			
			
			
			
			
			
			
			
			
			
			
			
			
			
			
			
			
			
			
			
			
			
			
			
			
			
			
			
			
			
			
			
			
			
			
			
			
			
			
			
			
			
			
			
			
			
			
			
			
			
			
			
			
			
			
			
			
			
			
			
			
			
			
			
			
			
			
			
			
			
			
			
			
			
			
			
			
			
			
			
			
			
			
			
			
			
			
			
			
			
			
			
			
			
			
			
			
			
			
			
			
			
			
			
			
			
			
			
			
			
			
			
			
			
			
			
			
			
			
			
			
			
			
			
			
			
			
			
			
			
			
			
			
			
			
			
			
			
			
			
			
			
			
			
			
			
			
			
			
			
			
			
			
			
			
			
			
			
			
			
			
			
			
			
			
			
			
			
			
			
			
			
			
			
			
			
			
			
			
			
			
			
			
			
			
			
			
			
			
			
			
			
			
			
			
			
			
			
			
			
			
			
			
			
			
			
			
			
			
			
			
			
			
			
			
			
			
			
			
			
			
			
			
			
			
			
			
			
			
			
			
			
			
			
			
			
			
			
			
			
			
			
			
			
			
			
			
			
			
			
			
			
			
			
			
			
			
			
			
			
			
			
			
			
			
			
			
			
			
			
			
			
			
			
			
			
			
			
			
			
			
			
			
			
			
			
			
			
			
			
			
			
			
			
			
			
			
			
			
			
			
			
			
			
			
			
			
			
			
			
			
			
			
			
			
			
			
			
			
			
			
			
			
			
			
			
			
			
			
			
			
			
			
			
			
			
			
			
			
			
			
			
			
			
			
			
			
			
			
			
			
			
			
			
			
			
			
			
			
			
			
			
			
			
			
			
			
			
			
			
			
			
			
			
			
			
			
			
			
			
			
			
			
			
			
			
			
			
			
			
			
			
			
			
			
			
			
			
			
			
			
			
			
			
			
			
			
			
			
			
			
			
			
			
			
			
			
			
			
			
			
			
			
			
			
			
			
			
			
			
			
			
			
			
			
			
			
			
			
			
			
			
			
			
			
			
			
			
			
			
			
			
			
			
			
			
			
			
			
			
			
			
			
			
			
			
			
			
			
			
			
			
			
			
			
			
			
			
			
			
			
			
			
			
			
			
			
			
			
			
			
			
			
			
			
			
			
			
			
			
			
			
			
			
			
			
			
			
			
			
			
			
			
			
			
			
			
			
			
			
			
			
			
			
			
			
			
			
			
			
			
			
			
			
			
			
			
			
			
			
			
			
			
			
			
			
			
			
			
			
			
			
			
			
			
			
			
			
			
			
			
			
			
			
			
			
			
			
			
			
			
			
			
			
			
			
			
			
			
			
			
			
			
			
			
			
			
			
			
			
			
			
			
			
			
			
			
			
			
			
			
			
			
			
			
			
			
			
			
			
			
			
			
			
			
			
			
			
			
			
			
			
			
			
			
			
			
			
			
			
			
			
			
			
			
			
			
			
			
			
			
			
			
			
			
			
			
			
			
			
			
			
			
			
			
			
			
			
			
			
			
			
			
			
			
			
			
			
			
			
			
			
			
			
			
			
			
			
			
			
			
			
			
			
			
			
			
			
			
			
			
			
			
			
			
			
			
			
			
			
			
			
			
			
			
			
			
			
			
			
			
			
			
			
			
			
			
			
			
			
			
			
			
			
			
			
			
			
			
			
			
			
			
			
			
			
			
			
			
			
			
			
			
			
			
			
			
			
			
			
			
			
			
			
			
			
			
			
			
			
			
			
			
			
			
			
			
			
			
			
			
			
			
			
			
			
			
			
			
			
			
			
			
			
			
			
			
			
			
			
			
			
			
			
			
			
			
			
			
			
			
			
			
			
			
			
			
			
			
			
			
			
			
			
			
			
			
			
			
			
			
			
			
			
			
			
			
			
			
			
			
			
			
			
			
			
			
			
			
			
			
			
			
			
			
			
			
			
			
			
			
			
			
			
			
			
			
			
			
			
			
			
			
			
			
			
			
			
			
			
			
			
			
			
			
			
			
			
			
			
			
			
			
			
			
			
			
			
			
			
			
			
			
			
			
			
			
			
			
			
			
			
			
			
			
			
			
			
			
			
			
			
			
			
			
			
			
			
			
			
			
			
			
			
			
			
			
			
			
			
			
			
			
			
			
			
			
			
			
			
			
			
			
			
			
			
			
			
			
			
			
			
			
			
			
			
			
			
			
			
			
			
			
			
			
			
			
			
			
			
			
			
			
			
			
			
			
			
			
			
			
			
			
			
			
			
			
			
			
			
			
			
			
			
			
			
			
			
			
			
			
			
			
			
			
			
			
			
			
			
			
			
			
			
			
			
			
			
			
			
			
			
			
			
			
			
			
			
			
			
			
			
			
			
			
			
			
			
			
			
			
			
			
			
			
			
			
			
			
			
			
			
			
			
			
			
			
			
			
			
			
			
			
			
			
			
			
			
			
			
			
			
			
			
			
			
			
			
			
			
			
			
			
			
			
			
			
			
			
			
			
			
			
			
			
			
			
			
			
			
			
			
			
			
			
			
			
			
			
			
			
			
			
			
			
			
			
			
			
			
			
			
			
			
			
			
			
			
			
			
			
			
			
			
			
			
			
			
			
			
			
			
			
			
			
			
			
			
			
			
			
			
			
			
			
			
			
			
			
			
			
			
			
			
			
			
			
			
			
			
			
			
			
			
			
			
			
			
			
			
			
			
			
			
			
			
			
			
			
			
			
			
			
			
			
			
			
			
			
			
			
			
			
			
			
			
			
			
			
			
			
			
			
			
			
			
			
			
			
			
			
			
			
			
			
			
			
			
			
			
			
			
			
			
			
			
			
			
			
			
			
			
			
			
			
			
			
			
			
			
			
			
			
			
			
			
			
			
			
			
			
			
			
			
			
			
			
			
			
			
			
			
			
			
			
			
			
			
			
			
			
			
			
			
			
			
			
			
			
			
			
			
			
			
			
			
			
			
			
			
			
			
			
			
			
			
			
			
			
			
			
			
			
			
			
			
			
			
			
			
			
			
			
			
			
			
			
			
			
			
			
			
			
			
			
			
			
			
			
			
			
			
			
			
			
			
			
			
			
			
			
			
			
			
			
			
			
			
			
			
			
			
			
			
			
			
			
			
			
			
			
			
			
			
			
			
			
			
			
			
			
			
			
			
			
			
			
			
			
			
			
			
			
			
			
			
			
			
			
			
			
			
			
			
			
			
			
			
			
			
			
			
			
			
			
			
			
			
			
			
			
			
			
			
			
			
			
			
			
			
			
			
			
			
			
			
			
			
			
			
			
			
			
			
			
			
			
			
			
			
			
			
			
			
			
			
			
			
			
			
			
			
			
			
			
			
			
			
			
			
			
			
			
			
			
			
			
			
			
			
			
			
			
			
			
			
			
			
			
			
			
			
			
			
			
			
			
			
			
			
			
			
			
			
			
			
			
			
			
			
			
			
			
			
			
			
			
			
			
			
			
			
			
			
			
			
			
			
			
			
			
			
			
			
			
			
			
			
			
			
			
			
			
			
			
			
			
			
			
			
			
			
			
			
			
			
			
			
			
			
			
			
			
			
			
			
			
			
			
			
			
			
			
			
			
			
			
			
			
			
			
			
			
			
			
			
			
			
			
			
			
			
			
			
			
			
			
			
			
			
			
			
			
			
			
			
			
			
			
			
			
			
			
			
			
			
			
			
			
			
			
			
			
			
			
			
			
			
			
			
			
			
			
			
			
			
			
			
			
			
			
			
			
			
			
			
			
			
			
			
			
			
			
			
			
			
			
			
			
			
			
			
			
			
			
			
			
			
			
			
			
			
			
			
			
			
			
			
			
			
			
			
			
			
			
			
			
			
			
			
			
			
			
			
			
			
			
			
			
			
			
			
			
			
			
			
			
			
			
			
			
			
			
			
			
			
			
			
			
			
			
			
			
			
			
			
			
			
			
			
			
			
			
			
			
			
			
			
			
			
			
			
			
			
			
			
			
			
			
			
			
			
			
			
			
			
			
			
			
			
			
			
			
			
			
			
			
			
			
			
			
			
			
			
			
			
			
			
			
			
			
			
			
			
			
			
			
			
			
			
			
			
			
			
			
			
			
			
			
			
			
			
			
			
			
			
			
			
			
			
			
			
			
			
			
			
			
			
			
			
			
			
			
			
			
			
			
			
			
			
			
			
			
			
			
			
			
			
			
			
			
			
			
			
			
			
			
			
			
			
			
			
			
			
			
			
			
			
			
			
			
			
			
			
			
			
			
			
			
			
			
			
			
			
			
			
			
			
			
			
			
			
			
			
			
			
			
			
			
			
			
			
			
			
			
			
			
			
			
			
			
			
			
			
			
			
			
			
			
			
			
			
			
			
			
			
			
			
			
			
			
			
			
			
			
			
			
			
			
			
			
			
			
			
			
			
			
			
			
			
			
			
			
			
			
			
			
			
			
			
			
			
			
			
			
			
			
			
			
			
			
			
			
			
			
			
			
			
			
			
			
			
			
			
			
			
			
			
			
			
			
			
			
			
			
			
			
			
			
			
			
			
			
			
			
			
			
			
			
			
			
			
			
			
			
			
			
			
			
			
			
			
			
			
			
			
			
			
			
			
			
			
			
			
			
			
			
			
			
			
			
			
			
			
			
			
			
			
			
			
			
			
			
			
			
			
			
			
			
			
			
			
			
			
			
			
			
			
			
			
			
			
			
			
			
			
			
			
			
			
			
			
			
			
			
			
			
			
			
			
			
			
			
			
			
			
			
			
			
			
			
			
			
			
			
			
			
			
			
			
			
			
			
			
			
			
			
			
			
			
			
			
			
			
			
			
			
			
			
			
			
			
			
			
			
			
			
			
			
			
			
			
			
			
			
			
			
			
			
			
			
			
			
			
			
			
			
			
			
			
			
			
			
			
			
			
			
			
			
			
			
			
			
			
			
			
			
			
			
			
			
			
			
			
			
			
			
			
			
			
			
			
			
			
			
			
			
			
			
			
			
			
			
			
			
			
			
			
			
			
			
			
			
			
			
			
			
			
			
			
			
			
			
			
			
			
			
			
			
			
			
			
			
			
			
			
			
			
			
			
			
			
			
			
			
			
			
			
			
			
			
			
			
			
			
			
			
			
			
			
			
			
			
			
			
			
			
			
			
			
			
			
			
			
			
			
			
			
			
			
			
			
			
			
			
			
			
			
			
			
			
			
			
			
			
			
			
			
			
			
			
			
			
			
			
			
			
			
			
			
			
			
			
			
			
			
			
			
			
			
			
			
			
			
			
			
			
			
			
			
			
			
			
			
			
			
			
			
			
			
			
			
			
			
			
			
			
			
			
			
			
			
			
			
			
			
			
			
			
			
			
			
			
			
			
			
			
			
			
			
			
			
			
			
			
			
			
			
			
			
			
			
			
			
			
			
			
			
			
			
			
			
			
			
			
			
			
			
			
			
			
			
			
			
			
			
			
			
			
			
			
			
			
			
			
			
			
			
			
			
			
			
			
			
			
			
			
			
			
			
			
			
			
			
			
			
			
			
			
			
			
			
			
			
			
			
			
			
			
			
			
			
			
			
			
			
			
			
			
			
			
			
			
			
			
			
			
			
			
			
			
			
			
			
			
			
			
			
			
			
			
			
			
			
			
			
			
			
			
			
			
			
			
			
			
			
			
			
			
			
			
			
			
			
			
			
			
			
			
			
			
			
			
			
			
			
			
			
			
			
			
			
			
			
			
			
			
			
			
			
			
			
			
			
			
			
			
			
			
			
			
			
			
			
			
			
			
			
			
			
			
			
			
			
			
			
			
			
			
			
			
			
			
			
			
			
			
			
			
			
			
			
			
			
			
			
			
			
			
			
			
			
			
			
			
			
			
			
			
			
			
			
			
			
			
			
			
			
			
			
			
			
			
			
			
			
			
			
			
			
			
			
			
			
			
			
			
			
			
			
			
			
			
			
			
			
			
			
			
			
			
			
			
			
			
			
			
			
			
			
			
			
			
			
			
			
			
			
			
			
			
			
			
			
			
			
			
			
			
			
			
			
			
			
			
			
			
			
			
			
			
			
			
			
			
			
			
			
			
			
			
			
			
			
			
			
			
			
			
			
			
			
			
			
			
			
			
			
			
			
			
			
			
			
			
			
			
			
			
			
			
			
			
			
			
			
			
			
			
			
			
			
			
			
			
			
			
			
			
			
			
			
			
			
			
			
			
			
			
			
			
			
			
			
			
			
			
			
			
			
			
			
			
			
			
			
			
			
			
			
			
			
			
			
			
			
			
			
			
			
			
			
			
			
			
			
			
			
			
			
			
			
			
			
			
			
			
			
			
			
			
			
			
			
			
			
			
			
			
			
			
			
			
			
			
			
			
			
			
			
			
			
			
			
			
			
			
			
			
			
			
			
			
			
			
			
			
			
			
			
			
			
			
			
			
			
			
			
			
			
			
			
			
			
			
			
			
			
			
			
			
			
			
			
			
			
			
			
			
			
			
			
			
			
			
			
			
			
			
			
			
			
			
			
			
			
			
			
			
			
			
			
			
			
			
			
			
			
			
			
			
			
			
			
			
			
			
			
			
			
			
			
			
			
			
			
			
			
			
			
			
			
			
			
			
			
			
			
			
			
			
			
			
			
			
			
			
			
			
			
			
			
			
			
			
			
			
			
			
			
			
			
			
			
			
			
			
			
			
			
			
			
			
			
			
			
			
			
			
			
			
			
			
			
			
			
			
			
			
			
			
			
			
			
			
			
			
			
			
			
			
			
			
			
			
			
			
			
			
			
			
			
			
			
			
			
			
			
			
			
			
			
			
			
			
			
			
			
			
			
			
			
			
			
			
			
			
			
			
			
			
			
			
			
			
			
			
			
			
			
			
			
			
			
			
			
			
			
			
			
			
			
			
			
			
			
			
			
			
			
			
			
			
			
			
			
			
			
			
			
			
			
			
			
			
			
			
			
			
			
			
			
			
			
			
			
			
			
			
			
			
			
			
			
			
			
			
			
			
			
			
			
			
			
			
			
			
			
			
			
			
			
			
			
			
			
			
			
			
			
			
			
			
			
			
			
			
			
			
			
			
			
			
			
			
			
			
			
			
			
			
			
			
			
			
			
			
			
			
			
			
			
			
			
			
			
			
			
			
			
			
			
			
			
			
			
			
			
			
			
			
			
			
			
			
			
			
			
			
			
			
			
			
			
			
			
			
			
			
			
			
			
			
			
			
			
			
			
			
			
			
			
			
			
			
			
			
			
			
			
			
			
			
			
			
			
			
			
			
			
			
			
			
			
			
			
			
			
			
			
			
			
			
			
			
			
			
			
			
			
			
			
			
			
			
			
			
			
			
			
			
			
			
			
			
			
			
			
			
			
			
			
			
			
			
			
			
			
			
			
			
			
			
			
			
			
			
			
			
			
			
			
			
			
			
			
			
			
			
			
			
			
			
			
			
			
			
			
			
			
			
			
			
			
			
			
			
			
			
			
			
			
			
			
			
			
			
			
			
			
			
			
			
			
			
			
			
			
			
			
			
			
			
			
			
			
			
			
			
			
			
			
			
			
			
			
			
			
			
			
			
			
			
			
			
			
			
			
			
			
			
			
			
			
			
			
			
			
			
			
			
			
			
			
			
			
			
			
			
			
			
			
			
			
			
			
			
			
			
			
			
			
			
			
			
			
			
			
			
			
			
			
			
			
			
			
			
			
			
			
			
			
			
			
			
			
			
			
			
			
			
			
			
			
			
			
			
			
			
			
			
			
			
			
			
			
			
			
			
			
			
			
			
			
			
			
			
			
			
			
			
			
			
			
			
			
			
			
			
			
			
			
			
			
			
			
			
			
			
			
			
			
			
			
			
			
			
			
			
			
			
			
			
			
			
			
			
			
			
			
			
			
			
			
			
			
			
			
			
			
			
			
			
			
			
			
			
			
			
			
			
			
			
			
			
			
			
			
			
			
			
			
			
			
			
			
			
			
			
			
			
			
			
			
			
			
			
			
			
			
			
			
			
			
			
			
			
			
			
			
			
			
			
			
			
			
			
			
			
			
			
			
			
			
			
			
			
			
			
			
			
			
			
			
			
			
			
			
			
			
			
			
			
			
			
			
			
			
			
			
			
			
			
			
			
			
			
			
			
			
			
			
			
			
			
			
			
			
			
			
			
			
			
			
			
			
			
			
			
			
			
			
			
			
			
			
			
			
			
			
			
			
			
			
			
			
			
			
			
			
			
			
			
			
			
			
			
			
			
			
			
			
			
			
			
			
			
			
			
			
			
			
			
			
			
			
			
			
			
			
			
			
			
			
			
			
			
			
			
			
			
			
			
			
			
			
			
			
			
			
			
			
			
			
			
			
			
			
			
			
			
			
			
			
			
			
			
			
			
			
			
			
			
			
			
			
			
			
			
			
			
			
			
			
			
			
			
			
			
			
			
			
			
			
			
			
			
			
			
			
			
			
			
			
			
			
			
			
			
			
			
			
			
			
			
			
			
			
			
			
			
			
			
			
			
			
			
			
			
			
			
			
			
			
			
			
			
			
			
			
			
			
			
			
			
			
			
			
			
			
			
			
			
			
			
			
			
			
			
			
			
			
			
			
			
			
			
			
			
			
			
			
			
			
			
			
			
			
			
			
			
			
			
			
			
			
			
			
			
			
			
			
			
			
			
			
			
			
			
			
			
			
			
			
			
			
			
			
			
			
			
			
			
			
			
			
			
			
			
			
			
			
			
			
			
			
			
			
			
			
			
			
			
			
			
			
			
			
			
			
			
			
			
			
			
			
			
			
			
			
			
			
			
			
			
			
			
			
			
			
			
			
			
			
			
			
			
			
			
			
			
			
			
			
			
			
			
			
			
			
			
			
			
			
			
			
			
			
			
			
			
			
			
			
			
			
			
			
			
			
			
			
			
			
			
			
			
			
			
			
			
			
			
			
			
			
			
			
			
			
			
			
			
			
			
			
			
			
			
			
			
			
			
			
			
			
			
			
			
			
			
			
			
			
			
			
			
			
			
			
			
			
			
			
			
			
			
			
			
			
			
			
			
			
			
			
			
			
			
			
			
			
			
			
			
			
			
			
			
			
			
			
			
			
			
			
			
			
			
			
			
			
			
			
			
			
			
			
			
			
			
			
			
			
			
			
			
			
			
			
			
			
			
			
			
			
			
			
			
			
			
			
			
			
			
			
			
			
			
			
			
			
			
			
			
			
			
			
			
			
			
			
			
			
			
			
			
			
			
			
			
			
			
			
			
			
			
			
			
			
			
			
			
			
			
			
			
			
			
			
			
			
			
			
			
			
			
			
			
			
			
			
			
			
			
			
			
			
			
			
			
			
			
			
			
			
			
			
			
			
			
			
			
			
			
			
			
			
			
			
			
			
			
			
			
			
			
			
			
			
			
			
			
			
			
			
			
			
			
			
			
			
			
			
			
			
			
			
			
			
			
			
			
			
			
			
			
			
			
			
			
			
			
			
			
			
			
			
			
			
			
			
			
			
			
			
			
			
			
			
			
			
			
			
			
			
			
			
			
			
			
			
			
			
			
			
			
			
			
			
			
			
			
			
			
			
			
			
			
			
			
			
			
			
			
			
			
			
			
			
			
			
			
			
			
			
			
			
			
			
			
			
			
			
			
			
			
			
			
			
			
			
			
			
			
			
			
			
			
			
			
			
			
			
			
			
			
			
			
			
			
			
			
			
			
			
			
			
			
			
			
			
			
			
			
			
			
			
			
			
			
			
			
			
			
			
			
			
			
			
			
			
			
			
			
			
			
			
			
			
			
			
			
			
			
			
			
			
			
			
			
			
			
			
			
			
			
			
			
			
			
			
			
			
			
			
			
			
			
			
			
			
			
			
			
			
			
			
			
			
			
			
			
			
			
			
			
			
			
			
			
			
			
			
			
			
			
			
			
			
			
			
			
			
			
			
			
			
			
			
			
			
			
			
			
			
			
			
			
			
			
			
			
			
			
			
			
			
			
			
			
			
			
			
			
			
			
			
			
			
			
			
			
			
			
			
			
			
			
			
			
			
			
			
			
			
			
			
			
			
			
			
			
			
			
			
			
			
			
			
			
			
			
			
			
			
			
			
			
			
			
			
			
			
			
			
			
			
			
			
			
			
			
			
			
			
			
			
			
			
			
			
			
			
			
			
			
			
			
			
			
			
			
			
			
			
			
			
			
			
			
			
			
			
			
			
			
			
			
			
			
			
			
			
			
			
			
			
			
			
			
			
			
			
			
			
			
			
			
			
			
			
			
			
			
			
			
			
			
			
			
			
			
			
			
			
			
			
			
			
			
			
			
			
			
			
			
			
			
			
			
			
			
			
			
			
			
			
			
			
			
			
			
			
			
			
			
			
			
			
			
			
			
			
			
			
			
			
			
			
			
			
			
			
			
			
			
			
			
			
			
			
			
			
			
			
			
			
			
			
			
			
			
			
			
			
			
			
			
			
			
			
			
			
			
			
			
			
			
			
			
			
			
			
			
			
			
			
			
			
			
			
			
			
			
			
			
			
			
			
			
			
			
			
			
			
			
			
			
			
			
			
			
			
			
			
			
			
			
			
			
			
			
			
			
			
			
			
			
			
			
			
			
			
			
			
			
			
			
			
			
			
			
			
			
			
			
			
			
			
			
			
			
			
			
			
			
			
			
			
			
			
			
			
			
			
			
			
			
			
			
			
			
			
			
			
			
			
			
			
			
			
			
			
			
			
			
			
			
			
			
			
			
			
			
			
			
			
			
			
			
			
			
			
			
			
			
			
			
			
			
			
			
			
			
			
			
			
			
			
			
			
			
			
			
			
			
			
			
			
			
			
			
			
			
			
			
			
			
			
			
			
			
			
			
			
			
			
			
			
			
			
			
			
			
			
			
			
			
			
			
			
			
			
			
			
			
			
			
			
			
			
			
			
			
			
			
			
			
			
			
			
			
			
			
			
			
			
			
			
			
			
			
			
			
			
			
			
			
			
			
			
			
			
			
			
			
			
			
			
			
			
			
			
			
			
			
			
			
			
			
			
			
			
			
			
			
			
			
			
			
			
			
			
			
			
			
			
			
			
			
			
			
			
			
			
			
			
			
			
			
			
			
			
			
			
			
			
			
			
			
			
			
			
			
			
			
			
			
			
			
			
			
			
			
			
			
			
			
			
			
			
			
			
			
			
			
			
			
			
			
			
			
			
			
			
			
			
			
			
			
			
			
			
			
			
			
			
			
			
			
			
			
			
			
			
			
			
			
			
			
			
			
			
			
			
			
			
			
			
			
			
			
			
			
			
			
			
			
			
			
			
			
			
			
			
			
			
			
			
			
			
			
			
			
			
			
			
			
			
			
			
			
			
			
			
			
			
			
			
			
			
			
			
			
			
			
			
			
			
			
			
			
			
			
			
			
			
			
			
			
			
			
			
			
			
			
			
			
			
			
			
			
			
			
			
			
			
			
			
			
			
			
			
			
			
			
			
			
			
			
			
			
			
			
			
			
			
			
			
			
			
			
			
			
			
			
			
			
			
			
			
			
			
			
			
			
			
			
			
			
			
			
			
			
			
			
			
			
			
			
			
			
			
			
			
			
			
			
			
			
			
			
			
			
			
			
			
			
			
			
			
			
			
			
			
			
			
			
			
			
			
			
			
			
			
			
			
			
			
			
			
			
			
			
			
			
			
			
			
			
			
			
			
			
			
			
			
			
			
			
			
			
			
			
			
			
			
			
			
			
			
			
			
			
			
			
			
			
			
			
			
			
			
			
			
			
			
			
			
			
			
			
			
			
			
			
			
			
			
			
			
			
			
			
			
			
			
			
			
			
			
			
			
			
			
			
			
			
			
			
			
			
			
			
			
			
			
			
			
			
			
			
			
			
			
			
			
			
			
			
			
			
			
			
			
			
			
			
			
			
			
			
			
			
			
			
			
			
			
			
			
			
			
			
			
			
			
			
			
			
			
			
			
			
			
			
			
			
			
			
			
			
			
			
			
			
			
			
			
			
			
			
			
			
			
			
			
			
			
			
			
			
			
			
			
			
			
			
			
			
			
			
			
			
			
			
			
			
			
			
			
			
			
			
			
			
			
			
			
			
			
			
			
			
			
			
			
			
			
			
			
			
			
			
			
			
			
			
			
			
			
			
			
			
			
			
			
			
			
			
			
			
			
			
			
			
			
			
			
			
			
			
			
			
			
			
			
			
			
			
			
			
			
			
			
			
			
			
			
			
			
			
			
			
			
			
			
			
			
			
			
			
			
			
			
			
			
			
			
			
			
			
			
			
			
			
			
			
			
			
			
			
			
			
			
			
			
			
			
			
			
			
			
			
			
			
			
			
			
			
			
			
			
			
			
			
			
			
			
			
			
			
			
			
			
			
			
			
			
			
			
			
			
			
			
			
			
			
			
			
			
			
			
			
			
			
			
			
			
			
			
			
			
			
			
			
			
			
			
			
			
			
			
			
			
			
			
			
			
			
			
			
			
			
			
			
			
			
			
			
			
			
			
			
			
			
			
			
			
			
			
			
			
			
			
			
			
			
			
			
			
			
			
			
			
			
			
			
			
			
			
			
			
			
			
			
			
			
			
			
			
			
			
			
			
			
			
			
			
			
			
			
			
			
			
			
			
			
			
			
			
			
			
			
			
			
			
			
			
			
			
			
			
			
			
			
			
			
			
			
			
			
			
			
			
			
			
			
			
			
			
			
			
			
			
			
			
			
			
			
			
			
			
			
			
			
			
			
			
			
			
			
			
			
			
			
			
			
			
			
			
			
			
			
			
			
			
			
			
			
			
			
			
			
			
			
			
			
			
			
			
			
			
			
			
			
			
			
			
			
			
			
			
			
			
			
			
			
			
			
			
			
			
			
			
			
			
			
			
			
			
			
			
			
			
			
			
			
			
			
			
			
			
			
			
			
			
			
			
			
			
			
			
			
			
			
			
			
			
			
			
			
			
			
			
			
			
			
			
			
			
			
			
			
			
			
			
			
			
			
			
			
			
			
			
			
			
			
			
			
			
			
			
			
			
			
			
			
			
			
			
			
			
			
			
			
			
			
			
			
			
			
			
			
			
			
			
			
			
			
			
			
			
			
			
			
			
			
			
			
			
			
			
			
			
			
			
			
			
			
			
			
			
			
			
			
			
			
			
			
			
			
			
			
			
			
			
			
			
			
			
			
			
			
			
			
			
			
			
			
			
			
			
			
			
			
			
			
			
			
			
			
			
			
			
			
			
			
			
			
			
			
			
			
			
			
			
			
			
			
			
			
			
			
			
			
			
			
			
			
			
			
			
			
			
			
			
			
			
			
			
			
			
			
			
			
			
			
			
			
			
			
			
			
			
			
			
			
			
			
			
			
			
			
			
			
			
			
			
			
			
			
			
			
			
			
			
			
			
			
			
			
			
			
			
			
			
			
			
			
			
			
			
			
			
			
			
			
			
			
			
			
			
			
			
			
			
			
			
			
			
			
			
			
			
			
			
			
			
			
			
			
			
			
			
			
			
			
			
			
			
			
			
			
			
			
			
			
			
			
			
			
			
			
			
			
			
			
			
			
			
			
			
			
			
			
			
			
			
			
			
			
			
			
			
			
			
			
			
			
			
			
			
			
			
			
			
			
			
			
			
			
			
			
			
			
			
			
			
			
			
			
			
			
			
			
			
			
			
			
			
			
			
			
			
			
			
			
			
			
			
			
			
			
			
			
			
			
			
			
			
			
			
			
			
			
			
			
			
			
			
			
			
			
			
			
			
			
			
			
			
			
			
			
			
			
			
			
			
			
			
			
			
			
			
			
			
			
			
			
			
			
			
			
			
			
			
			
			
			
			
			
			
			
			
			
			
			
			
			
			
			
			
			
			
			
			
			
			
			
			
			
			
			
			
			
			
			
			
			
			
			
			
			
			
			
			
			
			
			
			
			
			
			
			
			
			
			
			
			
			
			
			
			
			
			
			
			
			
			
			
			
			
			
			
			
			
			
			
			
			
			
			
			
			
			
			
			
			
			
			
			
			
			
			
			
			
			
			
			
			
			
			
			
			
			
			
			
			
			
			
			
			
			
			
			
			
			
			
			
			
			
			
			
			
			
			
			
			
			
			
			
			
			
			
			
			
			
			
			
			
			
			
			
			
			
			
			
			
			
			
			
			
			
			
			
			
			
			
			
			
			
			
			
			
			
			
			
			
			
			
			
			
			
			
			
			
			
			
			
			
			
			
			
			
			
			
			
			
			
			
			
			
			
			
			
			
			
			
			
			
			
			
			
			
			
			
			
			
			
			
			
			
			
			
			
			
			
			
			
			
			
			
			
			
			
			
			
			
			
			
			
			
			
			
			
			
			
			
			
			
			
			
			
			
			
			
			
			
			
			
			
			
			
			
			
			
			
			
			
			
			
			
			
			
			
			
			
			
			
			
			
			
			
			
			
			
			
			
			
			
			
			
			
			
			
			
			
			
			
			
			
			
			
			
			
			
			
			
			
			
			
			
			
			
			
			
			
			
			
			
			
			
			
			
			
			
			
			
			
			
			
			
			
			
			
			
			
			
			
			
			
			
			
			
			
			
			
			
			
			
			
			
			
			
			
			
			
			
			
			
			
			
			
			
			
			
			
			
			
			
			
			
			
			
			
			
			
			
			
			
			
			
			
			
			
			
			
			
			
			
			
			
			
			
			
			
			
			
			
			
			
			
			
			
			
			
			
			
			
			
			
			
			
			
			
			
			
			
			
			
			
			
			
			
			
			
			
			
			
			
			
			
			
			
			
			
			
			
			
			
			
			
			
			
			
			
			
			
			
			
			
			
			
			
			
			
			
			
			
			
			
			
			
			
			
			
			
			
			
			
			
			
			
			
			
			
			
			
			
			
			
			
			
			
			
			
			
			
			
			
			
			
			
			
			
			
			
			
			
			
			
			
			
			
			
			
			
			
			
			
			
			
			
			
			
			
			
			
			
			
			
			
			
			
			
			
			
			
			
			
			
			
			
			
			
			
			
			
			
			
			
			
			
			
			
			
			
			
			
			
			
			
			
			
			
			
			
			
			
			
			
			
			
			
			
			
			
			
			
			
			
			
			
			
			
			
			
			
			
			
			
			
			
			
			
			
			
			
			
			
			
			
			
			
			
			
			
			
			
			
			
			
			
			
			
			
			
			
			
			
			
			
			
			
			
			
			
			
			
			
			
			
			
			
			
			
			
			
			
			
			
			
			
			
			
			
			
			
			
			
			
			
			
			
			
			
			
			
			
			
			
			
			
			
			
			
			
			
			
			
			
			
			
			
			
			
			
			
			
			
			
			
			
			
			
			
			
			
			
			
			
			
			
			
			
			
			
			
			
			
			
			
			
			
			
			
			
			
			
			
			
			
			
			
			
			
			
			
			
			
			
			
			
			
			
			
			
			
			
			
			
			
			
			
			
			
			
			
			
			
			
			
			
			
			
			
			
			
			
			
			
			
			
			
			
			
			
			
			
			
			
			
			
			
			
			
			
			
			
			
			
			
			
			
			
			
			
			
			
			
			
			
			
			
			
			
			
			
			
			
			
			
			
			
			
			
			
			
			
			
			
			
			
			
			
			
			
			
			
			
			
			
			
			
			
			
			
			
			
			
			
			
			
			
			
			
			
			
			
			
			
			
			
			
			
			
			
			
			
			
			
			
			
			
			
			
			
			
			
			
			
			
			
			
			
			
			
			
			
			
			
			
			
			
			
			
			
			
			
			
			
			
			
			
			
			
			
			
			
			
			
			
			
			
			
			
			
			
			
			
			
			
			
			
			
			
			
			
			
			
			
			
			
			
			
			
			
			
			
			
			
			
			
			
			
			
			
			
			
			
			
			
			
			
			
			
			
			
			
			
			
			
			
			
			
			
			
			
			
			
			
			
			
			
			
			
			
			
			
			
			
			
			
			
			
			
			
			
			
			
			
			
			
			
			
			
			
			
			
			
			
			
			
			
			
			
			
			
			
			
			
			
			
			
			
			
			
			
			
			
			
			
			
			
			
			
			
			
			
			
			
			
			
			
			
			
			
			
			
			
			
			
			
			
			
			
			
			
			
			
			
			
			
			
			
			
			
			
			
			
			
			
			
			
			
			
			
			
			
			
			
			
			
			
			
			
			
			
			
			
			
			
			
			
			
			
			
			
			
			
			
			
			
			
			
			
			
			
			
			
			
			
			
			
			
			
			
			
			
			
			
			
			
			
			
			
			
			
			
			
			
			
			
			
			
			
			
			
			
			
			
			
			
			
			
			
			
			
			
			
			
			
			
			
			
			
			
			
			
			
			
			
			
			
			
			
			
			
			
			
			
			
			
			
			
			
			
			
			
			
			
			
			
			
			
			
			
			
			
			
			
			
			
			
			
			
			
			
			
			
			
			
			
			
			
			
			
			
			
			
			
			
			
			
			
			
			
			
			
			
			
			
			
			
			
			
			
			
			
			
			
			
			
			
			
			
			
			
			
			
			
			
			
			
			
			
			
			
			
			
			
			
			
			
			
			
			
			
			
			
			
			
			
			
			
			
			
			
			
			
			
			
			
			
			
			
			
			
			
			
			
			
			
			
			
			
			
			
			
			
			
			
			
			
			
			
			
			
			
			
			
			
			
			
			
			
			
			
			
			
			
			
			
			
			
			
			
			
			
			
			
			
			
			
			
			
			
			
			
			
			
			
			
			
			
			
			
			
			
			
			
			
			
			
			
			
			
			
			
			
			
			
			
			
			
			
			
			
			
			
			
			
			
			
			
			
			
			
			
			
			
			
			
			
			
			
			
			
			
			
			
			
			
			
			
			
			
			
			
			
			
			
			
			
			
			
			
			
			
			
			
			
			
			
			
			
			
			
			
			
			
			
			
			
			
			
			
			
			
			
			
			
			
			
			
			
			
			
			
			
			
			
			
			
			
			
			
			
			
			
			
			
			
			
			
			
			
			
			
			
			
			
			
			
			
			
			
			
			
			
			
			
			
			
			
			
			
			
			
			
			
			
			
			
			
			
			
			
			
			
			
			
			
			
			
			
			
			
			
			
			
			
			
			
			
			
			
			
			
			
			
			
			
			
			
			
			
			
			
			
			
			
			
			
			
			
			
			
			
			
			
			
			
			
			
			
			
			
			
			
			
			
			
			
			
			
			
			
			
			
			
			
			
			
			
			
			
			
			
			
			
			
			
			
			
			
			
			
			
			
			
			
			
			
			
			
			
			
			
			
			
			
			
			
			
			
			
			
			
			
			
			
			
			
			
			
			
			
			
			
			
			
			
			
			
			
			
			
			
			
			
			
			
			
			
			
			
			
			
			
			
			
			
			
			
			
			
			
			
			
			
			
			
			
			
			
			
			
			
			
			
			
			
			
			
			
			
			
			
			
			
			
			
			
			
			
			
			
			
			
			
			
			
			
			
			
			
			
			
			
			
			
			
			
			
			
			
			
			
			
			
			
			
			
			
			
			
			
			
			
			
			
			
			
			
			
			
			
			
			
			
			
			
			
			
			
			
			
			
			
			
			
			
			
			
			
			
			
			
			
			
			
			
			
			
			
			
			
			
			
			
			
			
			
			
			
			
			
			
			
			
			
			
			
			
			
			
			
			
			
			
			
			
			
			
			
			
			
			
			
			
			
			
			
			
			
			
			
			
			
			
			
			
			
			
			
			
			
			
			
			
			
			
			
			
			
			
			
			
			
			
			
			
			
			
			
			
			
			
			
			
			
			
			
			
			
			
			
			
			
			
			
			
			
			
			
			
			
			
			
			
			
			
			
			
			
			
			
			
			
			
			
			
			
			
			
			
			
			
			
			
			
			
			
			
			
			
			
			
			
			
			
			
			
			
			
			
			
			
			
			
			
			
			
			
			
			
			
			
			
			
			
			
			
			
			
			
			
			
			
			
			
			
			
			
			
			
			
			
			
			
			
			
			
			
			
			
			
			
			
			
			
			
			
			
			
			
			
			
			
			
			
			
			
			
			
			
			
			
			
			
			
			
			
			
			
			
			
			
			
			
			
			
			
			
			
			
			
			
			
			
			
			
			
			
			
			
			
			
			
			
			
			
			
			
			
			
			
			
			
			
			
			
			
			
			
			
			
			
			
			
			
			
			
			
			
			
			
			
			
			
			
			
			
			
			
			
			
			
			
			
			
			
			
			
			
			
			
			
			
			
			
			
			
			
			
			
			
			
			
			
			
			
			
			
			
			
			
			
			
			
			
			
			
			
			
			
			
			
			
			
			
			
			
			
			
			
			
			
			
			
			
			
			
			
			
			
			
			
			
			
			
			
			
			
			
			
			
			
			
			
			
			
			
			
			
			
			
			
			
			
			
			
			
			
			
			
			
			
			
			
			
			
			
			
			
			
			
			
			
			
			
			
			
			
			
			
			
			
			
			
			
			
			
			
			
			
			
			
			
			
			
			
			
			
			
			
			
			
			
			
			
			
			
			
			
			
			
			
			
			
			
			
			
			
			
			
			
			
			
			
			
			
			
			
			
			
			
			
			
			
			
			
			
			
			
			
			
			
			
			
			
			
			
			
			
			
			
			
			
			
			
			
			
			
			
			
			
			
			
			
			
			
			
			
			
			
			
			
			
			
			
			
			
			
			
			
			
			
			
			
			
			
			
			
			
			
			
			
			
			
			
			
			
			
			
			
			
			
			
			
			
			
			
			
			
			
			
			
			
			
			
			
			
			
			
			
			
			
			
			
			
			
			
			
			
			
			
			
			
			
			
			
			
			
			
			
			
			
			
			
			
			
			
			
			
			
			
			
			
			
			
			
			
			
			
			
			
			
			
			
			
			
			
			
			
			
			
			
			
			
			
			
			
			
			
			
			
			
			
			
			
			
			
			
			
			
			
			
			
			
			
			
			
			
			
			
			
			
			
			
			
			
			
			
			
			
			
			
			
			
			
			
			
			
			
			
			
			
			
			
			
			
			
			
			
			
			
			
			
			
			
			
			
			
			
			
			
			
			
			
			
			
			
			
			
			
			
			
			
			
			
			
			
			
			
			
			
			
			
			
			
			
			
			
			
			
			
			
			
			
			
			
			
			
			
			
			
			
			
			
			
			
			
			
			
			
			
			
			
			
			
			
			
			
			
			
			
			
			
			
			
			
			
			
			
			
			
			
			
			
			
			
			
			
			
			
			
			
			
			
			
			
			
			
			
			
			
			
			
			
			
			
			
			
			
			
			
			
			
			
			
			
			
			
			
			
			
			
			
			
			
			
			
			
			
			
			
			
			
			
			
			
			
			
			
			
			
			
			
			
			
			
			
			
			
			
			
			
			
			
			
			
			
			
			
			
			
			
			
			
			
			
			
			
			
			
			
			
			
			
			
			
			
			
			
			
			
			
			
			
			
			
			
			
			
			
			
			
			
			
			
			
			
			
			
			
			
			
			
			
			
			
			
			
			
			
			
			
			
			
			
			
			
			
			
			
			
			
			
			
			
			
			
			
			
			
			
			
			
			
			
			
			
			
			
			
			
			
			
			
			
			
			
			
			
			
			
			
			
			
			
			
			
			
			
			
			
			
			
			
			
			
			
			
			
			
			
			
			
			
			
			
			
			
			
			
			
			
			
			
			
			
			
			
			
			
			
			
			
			
			
			
			
			
			
			
			
			
			
			
			
			
			
			
			
			
			
			
			
			
			
			
			
			
			
			
			
			
			
			
			
			
			
			
			
			
			
			
			
			
			
			
			
			
			
			
			
			
			
			
			
			
			
			
			
			
			
			
			
			
			
			
			
			
			
			
			
			
			
			
			
			
			
			
			
			
			
			
			
			
			
			
			
			
			
			
			
			
			
			
			
			
			
			
			
			
			
			
			
			
			
			
			
			
			
			
			
			
			
			
			
			
			
			
			
			
			
			
			
			
			
			
			
			
			
			
			
			
			
			
			
			
			
			
			
			
			
			
			
			
			
			
			
			
			
			
			
			
			
			
			
			
			
			
			
			
			
			
			
			
			
			
			
			
			
			
			
			
			
			
			
			
			
			
			
			
			
			
			
			
			
			
			
			
			
			
			
			
			
			
			
			
			
			
			
			
			
			
			
			
			
			
			
			
			
			
			
			
			
			
			
			
			
			
			
			
			
			
			
			
			
			
			
			
			
			
			
			
			
			
			
			
			
			
			
			
			
			
			
			
			
			
			
			
			
			
			
			
			
			
			
			
			
			
			
			
			
			
			
			
			
			
			
			
			
			
			
			
			
			
			
			
			
			
			
			
			
			
			
			
			
			
			
			
			
			
			
			
			
			
			
			
			
			
			
			
			
			
			
			
			
			
			
			
			
			
			
			
			
			
			
			
			
			
			
			
			
			
			
			
			
			
			
			
			
			
			
			
			
			
			
			
			
			
			
			
			
			
			
			
			
			
			
			
			
			
			
			
			
			
			
			
			
			
			
			
			
			
			
			
			
			
			
			
			
			
			
			
			
			
			
			
			
			
			
			
			
			
			
			
			
			
			
			
			
			
			
			
			
			
			
			
			
			
			
			
			
			
			
			
			
			
			
			
			
			
			
			
			
			
			
			
			
			
			
			
			
			
			
			
			
			
			
			
			
			
			
			
			
			
			
			
			
			
			
			
			
			
			
			
			
			
			
			
			
			
			
			
			
			
			
			
			
			
			
			
			
			
			
			
			
			
			
			
			
			
			
			
			
			
			
			
			
			
			
			
			
			
			
			
			
			
			
			
			
			
			
			
			
			
			
			
			
			
			
			
			
			
			
			
			
			
			
			
			
			
			
			
			
			
			
			
			
			
			
			
			
			
			
			
			
			
			
			
			
			
			
			
			
			
			
			
			
			
			
			
			
			
			
			
			
			
			
			
			
			
			
			
			
			
			
			
			
			
			
			
			
			
			
			
			
			
			
			
			
			
			
			
			
			
			
			
			
			
			
			
			
			
			
			
			
			
			
			
			
			
			
			
			
			
			
			
			
			
			
			
			
			
			
			
			
			
			
			
			
			
			
			
			
			
			
			
			
			
			
			
			
			
			
			
			
			
			
			
			
			
			
			
			
			
			
			
			
			
			
			
			
			
			
			
			
			
			
			
			
			
			
			
			
			
			
			
			
			
			
			
			
			
			
			
			
			
			
			
			
			
			
			
			
			
			
			
			
			
			
			
			
			
			
			
			
			
			
			
			
			
			
			
			
			
			
			
			
			
			
			
			
			
			
			
			
			
			
			
			
			
			
			
			
			
			
			
			
			
			
			
			
			
			
			
			
			
			
			
			
			
			
			
			
			
			
			
			
			
			
			
			
			
			
			
			
			
			
			
			
			
			
			
			
			
			
			
			
			
			
			
			
			
			
			
			
			
			
			
			
			
			
			
			
			
			
			
			
			
			
			
			
			
			
			
			
			
			
			
			
			
			
			
			
			
			
			
			
			
			
			
			
			
			
			
			
			
			
			
			
			
			
			
			
			
			
			
			
			
			
			
			
			
			
			
			
			
			
			
			
			
			
			
			
			
			
			
			
			
			
			
			
			
			
			
			
			
			
			
			
			
			
			
			
			
			
			
			
			
			
			
			
			
			
			
			
			
			
			
			
			
			
			
			
			
			
			
			
			
			
			
			
			
			
			
			
			
			
			
			
			
			
			
			
			
			
			
			
			
			
			
			
			
			
			
			
			
			
			
			
			
			
			
			
			
			
			
			
			
			
			
			
			
			
			
			
			
			
			
			
			
			
			
			
			
			
			
			
			
			
			
			
			
			
			
			
			
			
			
			
			
			
			
			
			
			
			
			
			
			
			
			
			
			
			
			
			
			
			
			
			
			
			
			
			
			
			
			
			
			
			
			
			
			
			
			
			
			
			
			
			
			
			
			
			
			
			
			
			
			
			
			
			
			
			
			
			
			
			
			
			
			
			
			
			
			
			
			
			
			
			
			
			
			
			
			
			
			
			
			
			
			
			
			
			
			
			
			
			
			
			
			
			
			
			
			
			
			
			
			
			
			
			
			
			
			
			
			
			
			
			
			
			
			
			
			
			
			
			
			
			
			
			
			
			
			
			
			
			
			
			
			
			
			
			
			
			
			
			
			
			
			
			
			
			
			
			
			
			
			
			
			
			
			
			
			
			
			
			
			
			
			
			
			
			
			
			
			
			
			
			
			
			
			
			
			
			
			
			
			
			
			
			
			
			
			
			
			
			
			
			
			
			
			
			
			
			
			
			
			
			
			
			
			
			
			
			
			
			
			
			
			
			
			
			
			
			
			
			
			
			
			
			
			
			
			
			
			
			
			
			
			
			
			
			
			
			
			
			
			
			
			
			
			
			
			
			
			
			
			
			
			
			
			
			
			
			
			
			
			
			
			
			
			
			
			
			
			
			
			
			
			
			
			
			
			
			
			
			
			
			
			
			
			
			
			
			
			
			
			
			
			
			
			
			
			
			
			
			
			
			
			
			
			
			
			
			
			
			
			
			
			
			
			
			
			
			
			
			
			
			
			
			
			
			
			
			
			
			
			
			
			
			
			
			
			
			
			
			
			
			
			
			
			
			
			
			
			
			
			
			
			
			
			
			
			
			
			
			
			
			
			
			
			
			
			
			
			
			
			
			
			
			
			
			
			
			
			
			
			
			
			
			
			
			
			
			
			
			
			
			
			
			
			
			
			
			
			
			
			
			
			
			
			
			
			
			
			
			
			
			
			
			
			
			
			
			
			
			
			
			
			
			
			
			
			
			
			
			
			
			
			
			
			
			
			
			
			
			
			
			
			
			
			
			
			
			
			
			
			
			
			
			
			
			
			
			
			
			
			
			
			
			
			
			
			
			
			
			
			
			
			
			
			
			
			
			
			
			
			
			
			
			
			
			
			
			
			
			
			
			
			
			
			
			
			
			
			
			
			
			
			
			
			
			
			
			
			
			
			
			
			
			
			
			
			
			
			
			
			
			
			
			
			
			
			
			
			
			
			
			
			
			
			
			
			
			
			
			
			
			
			
			
			
			
			
			
			
			
			
			
			
			
			
			
			
			
			
			
			
			
			
			
			
			
			
			
			
			
			
			
			
			
			
			
			
			
			
			
			
			
			
			
			
			
			
			
			
			
			
			
			
			
			
			
			
			
			
			
			
			
			
			
			
			
			
			
			
			
			
			
			
			
			
			
			
			
			
			
			
			
			
			
			
			
			
			
			
			
			
			
			
			
			
			
			
			
			
			
			
			
			
			
			
			
			
			
			
			
			
			
			
			
			
			
			
			
			
			
			
			
			
			
			
			
			
			
			
			
			
			
			
			
			
			
			
			
			
			
			
			
			
			
			
			
			
			
			
			
			
			
			
			
			
			
			
			
			
			
			
			
			
			
			
			
			
			
			
			
			
			
			
			
			
			
			
			
			
			
			
			
			
			
			
			
			
			
			
			
			
			
			
			
			
			
			
			
			
			
			
			
			
			
			
			
			
			
			
			
			
			
			
			
			
			
			
			
			
			
			
			
			
			
			
			
			
			
			
			
			
			
			
			
			
			
			
			
			
			
			
			
			
			
			
			
			
			
			
			
			
			
			
			
			
			
			
			
			
			
			
			
			
			
			
			
			
			
			
			
			
			
			
			
			
			
			
			
			
			
			
			
			
			
			
			
			
			
			
			
			
			
			
			
			
			
			
			
			
			
			
			
			
			
			
			
			
			
			
			
			
			
			
			
			
			
			
			
			
			
			
			
			
			
			
			
			
			
			
			
			
			
			
			
			
			
			
			
			
			
			
			
			
			
			
			
			
			
			
			
			
			
			
			
			
			
			
			
			
			
			
			
			
			
			
			
			
			
			
			
			
			
			
			
			
			
			
			
			
			
			
			
			
			
			
			
			
			
			
			
			
			
			
			
			
			
			
			
			
			
			
			
			
			
			
			
			
			
			
			
			
			
			
			
			
			
			
			
			
			
			
			
			
			
			
			
			
			
			
			
			
			
			
			
			
			
			
			
			
			
			
			
			
			
			
			
			
			
			
			
			
			
			
			
			
			
			
			
			
			
			
			
			
			
			
			
			
			
			
			
			
			
			
			
			
			
			
			
			
			
			
			
			
			
			
			
			
			
			
			
			
			
			
			
			
			
			
			
			
			
			
			
			
			
			
			
			
			
			
			
			
			
			
			
			
			
			
			
			
			
			
			
			
			
			
			
			
			
			
			
			
			
			
			
			
			
			
			
			
			
			
			
			
			
			
			
			
			
			
			
			
			
			
			
			
			
			
			
			
			
			
			
			
			
			
			
			
			
			
			
			
			
			
			
			
			
			
			
			
			
			
			
			
			
			
			
			
			
			
			
			
			
			
			
			
			
			
			
			
			
			
			
			
			
			
			
			
			
			
			
			
			
			
			
			
			
			
			
			
			
			
			
			
			
			
			
			
			
			
			
			
			
			
			
			
			
			
			
			
			
			
			
			
			
			
			
			
			
			
			
			
			
			
			
			
			
			
			
			
			
			
			
			
			
			
			
			
			
			
			
			
			
			
			
			
			
			
			
			
			
			
			
			
			
			
			
			
			
			
			
			
			
			
			
			
			
			
			
			
			
			
			
			
			
			
			
			
			
			
			
			
			
			
			
			
			
			
			
			
			
			
			
			
			
			
			
			
			
			
			
			
			
			
			
			
			
			
			
			
			
			
			
			
			
			
			
			
			
			
			
			
			
			
			
			
			
			
			
			
			
			
			
			
			
			
			
			
			
			
			
			
			
			
			
			
			
			
			
			
			
			
			
			
			
			
			
			
			
			
			
			
			
			
			
			
			
			
			
			
			
			
			
			
			
			
			
			
			
			
			
			
			
			
			
			
			
			
			
			
			
			
			
			
			
			
			
			
			
			
			
			
			
			
			
#_GS_MPQ			
